ID,Order,Path_Version,Shape,Environment,SOD,Object#,NarWide,EvenOdd,ObjectSME
1,4,A,Square,S1,4.933333333,1,0,odd,43.65
1,4,A,Square,S1,4.933333333,2,0,even,35.3158
1,4,A,Square,S1,4.933333333,3,0,odd,14.0072
1,4,A,Square,S1,4.933333333,5,0,odd,19.8268
1,4,A,Square,S1,4.933333333,6,0,even,4.6478
1,2,A,Square,S2,4.933333333,1,0,odd,129.1662
1,2,A,Square,S2,4.933333333,2,0,even,23.7487
1,2,A,Square,S2,4.933333333,3,0,odd,116.1249
1,2,A,Square,S2,4.933333333,4,0,even,56.2228
1,2,A,Square,S2,4.933333333,5,0,odd,24.0749
1,3,A,Trapezoid,T1,4.933333333,1,1,odd,74.8485
1,3,A,Trapezoid,T1,4.933333333,2,2,even,69.5435
1,3,A,Trapezoid,T1,4.933333333,3,1,odd,14.1775
1,3,A,Trapezoid,T1,4.933333333,4,2,even,87.2955
1,3,A,Trapezoid,T1,4.933333333,5,1,odd,26.3762
1,3,A,Trapezoid,T1,4.933333333,6,2,even,86.2844
1,1,A,Trapezoid,T2,4.933333333,1,1,odd,66.8401
1,1,A,Trapezoid,T2,4.933333333,2,2,even,74.4923
1,1,A,Trapezoid,T2,4.933333333,3,1,odd,18.9658
1,1,A,Trapezoid,T2,4.933333333,4,2,even,93.659
1,1,A,Trapezoid,T2,4.933333333,5,2,odd,85.8438
1,1,A,Trapezoid,T2,4.933333333,6,1,even,25.0002
2,1,A,Square,S1,2.6,1,0,odd,34.7077
2,1,A,Square,S1,2.6,2,0,even,14.819
2,1,A,Square,S1,2.6,3,0,odd,167.0332
2,1,A,Square,S1,2.6,5,0,odd,113.5835
2,1,A,Square,S1,2.6,6,0,even,62.1547
2,3,A,Square,S2,2.6,1,0,odd,48.7689
2,3,A,Square,S2,2.6,2,0,even,40
2,3,A,Square,S2,2.6,3,0,odd,447.4465
2,3,A,Square,S2,2.6,4,0,even,367.4165
2,3,A,Square,S2,2.6,5,0,odd,230.6803
2,4,A,Trapezoid,T1,2.6,1,1,odd,66.6393
2,4,A,Trapezoid,T1,2.6,2,2,even,66.3973
2,4,A,Trapezoid,T1,2.6,3,1,odd,48.0625
2,4,A,Trapezoid,T1,2.6,4,2,even,161.5624
2,4,A,Trapezoid,T1,2.6,5,1,odd,117.1785
2,4,A,Trapezoid,T1,2.6,6,2,even,162.5518
2,2,A,Trapezoid,T2,2.6,1,1,odd,53.7243
2,2,A,Trapezoid,T2,2.6,2,2,even,136.387
2,2,A,Trapezoid,T2,2.6,3,1,odd,100.7135
2,2,A,Trapezoid,T2,2.6,4,2,even,33.0364
2,2,A,Trapezoid,T2,2.6,5,2,odd,40.6074
2,2,A,Trapezoid,T2,2.6,6,1,even,96.6913
3,2,A,Square,S1,5.266666667,1,0,odd,60.0135
3,2,A,Square,S1,5.266666667,2,0,even,27.5446
3,2,A,Square,S1,5.266666667,3,0,odd,99.162
3,2,A,Square,S1,5.266666667,5,0,odd,88.5048
3,2,A,Square,S1,5.266666667,6,0,even,52.7437
3,4,A,Square,S2,5.266666667,1,0,odd,17.883
3,4,A,Square,S2,5.266666667,2,0,even,14.5569
3,4,A,Square,S2,5.266666667,3,0,odd,50.7189
3,4,A,Square,S2,5.266666667,4,0,even,26.3951
3,4,A,Square,S2,5.266666667,5,0,odd,27.0389
3,1,A,Trapezoid,T1,5.266666667,1,1,odd,59.5743
3,1,A,Trapezoid,T1,5.266666667,2,2,even,75.3963
3,1,A,Trapezoid,T1,5.266666667,3,1,odd,281.0116
3,1,A,Trapezoid,T1,5.266666667,4,2,even,33.7447
3,1,A,Trapezoid,T1,5.266666667,5,1,odd,130.8117
3,1,A,Trapezoid,T1,5.266666667,6,2,even,416.5598
3,3,A,Trapezoid,T2,5.266666667,1,1,odd,30.2507
3,3,A,Trapezoid,T2,5.266666667,2,2,even,33.2987
3,3,A,Trapezoid,T2,5.266666667,3,1,odd,20.5524
3,3,A,Trapezoid,T2,5.266666667,4,2,even,52.1354
3,3,A,Trapezoid,T2,5.266666667,5,2,odd,40.7082
3,3,A,Trapezoid,T2,5.266666667,6,1,even,83.2827
4,3,A,Square,S1,6.2,1,0,odd,55.3861
4,3,A,Square,S1,6.2,2,0,even,27.1349
4,3,A,Square,S1,6.2,3,0,odd,62.6227
4,3,A,Square,S1,6.2,5,0,odd,53.847
4,3,A,Square,S1,6.2,6,0,even,9.3275
4,1,A,Square,S2,6.2,1,0,odd,31.9797
4,1,A,Square,S2,6.2,2,0,even,20.1197
4,1,A,Square,S2,6.2,3,0,odd,26.8105
4,1,A,Square,S2,6.2,4,0,even,24.3023
4,1,A,Square,S2,6.2,5,0,odd,60.7767
4,2,A,Trapezoid,T1,6.2,1,1,odd,63.5689
4,2,A,Trapezoid,T1,6.2,2,2,even,79.8555
4,2,A,Trapezoid,T1,6.2,3,1,odd,62.1185
4,2,A,Trapezoid,T1,6.2,4,2,even,24.5683
4,2,A,Trapezoid,T1,6.2,5,1,odd,60.0109
4,2,A,Trapezoid,T1,6.2,6,2,even,67.6144
4,4,A,Trapezoid,T2,6.2,1,1,odd,55.8892
4,4,A,Trapezoid,T2,6.2,2,2,even,14.3702
4,4,A,Trapezoid,T2,6.2,3,1,odd,20.0824
4,4,A,Trapezoid,T2,6.2,4,2,even,30.5172
4,4,A,Trapezoid,T2,6.2,5,2,odd,59.6084
4,4,A,Trapezoid,T2,6.2,6,1,even,36.1111
5,2,A,Square,S1,5.2,1,0,odd,8.6731
5,2,A,Square,S1,5.2,2,0,even,127.9238
5,2,A,Square,S1,5.2,3,0,odd,104.4155
5,2,A,Square,S1,5.2,5,0,odd,84.8599
5,2,A,Square,S1,5.2,6,0,even,124.5143
5,4,A,Square,S2,5.2,1,0,odd,106.6827
5,4,A,Square,S2,5.2,2,0,even,183.4751
5,4,A,Square,S2,5.2,3,0,odd,111.4787
5,4,A,Square,S2,5.2,4,0,even,135.3263
5,4,A,Square,S2,5.2,5,0,odd,123.5888
5,1,A,Trapezoid,T1,5.2,1,1,odd,187.2346
5,1,A,Trapezoid,T1,5.2,2,2,even,636.5569
5,1,A,Trapezoid,T1,5.2,3,1,odd,180.1269
5,1,A,Trapezoid,T1,5.2,4,2,even,513.5082
5,1,A,Trapezoid,T1,5.2,6,2,even,640.8837
5,3,A,Trapezoid,T2,5.2,1,1,odd,228.7267
5,3,A,Trapezoid,T2,5.2,2,2,even,498.8843
5,3,A,Trapezoid,T2,5.2,3,1,odd,103.6036
5,3,A,Trapezoid,T2,5.2,4,2,even,378.6686
5,3,A,Trapezoid,T2,5.2,5,2,odd,468.8549
5,3,A,Trapezoid,T2,5.2,6,1,even,222.0442
6,3,A,Square,S1,4,1,0,odd,109.2603
6,3,A,Square,S1,4,2,0,even,27.9679
6,3,A,Square,S1,4,3,0,odd,90.0861
6,3,A,Square,S1,4,5,0,odd,100.2946
6,3,A,Square,S1,4,6,0,even,170.1156
6,1,A,Square,S2,4,1,0,odd,69.4939
6,1,A,Square,S2,4,2,0,even,42.0714
6,1,A,Square,S2,4,3,0,odd,55.0564
6,1,A,Square,S2,4,4,0,even,31.531
6,1,A,Square,S2,4,5,0,odd,19.029
6,2,A,Trapezoid,T1,4,1,1,odd,62.9405
6,2,A,Trapezoid,T1,4,2,2,even,57.1104
6,2,A,Trapezoid,T1,4,3,1,odd,24.1951
6,2,A,Trapezoid,T1,4,4,2,even,116.4886
6,2,A,Trapezoid,T1,4,5,1,odd,51.8681
6,2,A,Trapezoid,T1,4,6,2,even,101.3538
6,4,A,Trapezoid,T2,4,1,1,odd,16.6884
6,4,A,Trapezoid,T2,4,2,2,even,92.816
6,4,A,Trapezoid,T2,4,3,1,odd,68.3659
6,4,A,Trapezoid,T2,4,4,2,even,59.2984
6,4,A,Trapezoid,T2,4,5,2,odd,33.701
6,4,A,Trapezoid,T2,4,6,1,even,117.5636
7,4,A,Square,S1,5.266666667,1,0,odd,96.9295
7,4,A,Square,S1,5.266666667,2,0,even,18.0084
7,4,A,Square,S1,5.266666667,3,0,odd,76.7046
7,4,A,Square,S1,5.266666667,5,0,odd,40.9915
7,4,A,Square,S1,5.266666667,6,0,even,25.9018
7,2,A,Square,S2,5.266666667,1,0,odd,71.6708
7,2,A,Square,S2,5.266666667,2,0,even,63.6027
7,2,A,Square,S2,5.266666667,3,0,odd,101.1455
7,2,A,Square,S2,5.266666667,4,0,even,53.2926
7,2,A,Square,S2,5.266666667,5,0,odd,80.133
7,3,A,Trapezoid,T1,5.266666667,1,1,odd,47.9563
7,3,A,Trapezoid,T1,5.266666667,2,2,even,36.5267
7,3,A,Trapezoid,T1,5.266666667,3,1,odd,37.8141
7,3,A,Trapezoid,T1,5.266666667,4,2,even,52.0798
7,3,A,Trapezoid,T1,5.266666667,5,1,odd,57.9241
7,3,A,Trapezoid,T1,5.266666667,6,2,even,45.9815
7,1,A,Trapezoid,T2,5.266666667,1,1,odd,41.55
7,1,A,Trapezoid,T2,5.266666667,2,2,even,96.8587
7,1,A,Trapezoid,T2,5.266666667,3,1,odd,92.6029
7,1,A,Trapezoid,T2,5.266666667,4,2,even,55.5383
7,1,A,Trapezoid,T2,5.266666667,5,2,odd,87.1112
7,1,A,Trapezoid,T2,5.266666667,6,1,even,13.327
8,3,A,Square,S2,6.266666667,1,0,odd,52.8517
8,3,A,Square,S2,6.266666667,2,0,even,36.1262
8,3,A,Square,S2,6.266666667,3,0,odd,61.5825
8,3,A,Square,S2,6.266666667,4,0,even,45.5401
8,3,A,Square,S2,6.266666667,5,0,odd,55.9437
8,4,A,Trapezoid,T1,6.266666667,1,1,odd,75.4109
8,4,A,Trapezoid,T1,6.266666667,2,2,even,52.2953
8,4,A,Trapezoid,T1,6.266666667,3,1,odd,10.2958
8,4,A,Trapezoid,T1,6.266666667,4,2,even,33.444
8,4,A,Trapezoid,T1,6.266666667,5,1,odd,17.5728
8,4,A,Trapezoid,T1,6.266666667,6,2,even,165.4376
8,2,A,Trapezoid,T2,6.266666667,1,1,odd,67.8823
8,2,A,Trapezoid,T2,6.266666667,2,2,even,84.2057
8,2,A,Trapezoid,T2,6.266666667,3,1,odd,15.0699
8,2,A,Trapezoid,T2,6.266666667,4,2,even,26.6083
8,2,A,Trapezoid,T2,6.266666667,5,2,odd,19.4258
8,2,A,Trapezoid,T2,6.266666667,6,1,even,3.662
9,1,A,Square,S1,4.2,1,0,odd,58.4904
9,1,A,Square,S1,4.2,2,0,even,5.6127
9,1,A,Square,S1,4.2,3,0,odd,134.6028
9,1,A,Square,S1,4.2,5,0,odd,104.6528
9,1,A,Square,S1,4.2,6,0,even,68.5726
9,2,A,Square,S2,4.2,1,0,odd,30.3612
9,2,A,Square,S2,4.2,2,0,even,84.3404
9,2,A,Square,S2,4.2,3,0,odd,129.2896
9,2,A,Square,S2,4.2,4,0,even,117.9623
9,2,A,Square,S2,4.2,5,0,odd,81.6389
9,3,A,Trapezoid,T1,4.2,1,1,odd,159.1226
9,3,A,Trapezoid,T1,4.2,2,2,even,113.961
9,3,A,Trapezoid,T1,4.2,3,1,odd,67.7097
9,3,A,Trapezoid,T1,4.2,4,2,even,131.793
9,3,A,Trapezoid,T1,4.2,5,1,odd,37.8656
9,3,A,Trapezoid,T1,4.2,6,2,even,137.0763
9,4,A,Trapezoid,T2,4.2,1,1,odd,162.3847
9,4,A,Trapezoid,T2,4.2,2,2,even,127.322
9,4,A,Trapezoid,T2,4.2,3,1,odd,27.3606
9,4,A,Trapezoid,T2,4.2,4,2,even,76.548
9,4,A,Trapezoid,T2,4.2,5,2,odd,84.6792
9,4,A,Trapezoid,T2,4.2,6,1,even,62.2287
10,2,A,Square,S1,4.6,1,0,odd,79.0691
10,2,A,Square,S1,4.6,2,0,even,21.0048
10,2,A,Square,S1,4.6,3,0,odd,34.5645
10,2,A,Square,S1,4.6,5,0,odd,66.6393
10,2,A,Square,S1,4.6,6,0,even,7.8487
10,3,A,Square,S2,4.6,1,0,odd,32.6436
10,3,A,Square,S2,4.6,2,0,even,42.0155
10,3,A,Square,S2,4.6,3,0,odd,37.1484
10,3,A,Square,S2,4.6,4,0,even,86.4107
10,3,A,Square,S2,4.6,5,0,odd,100.5848
10,4,A,Trapezoid,T1,4.6,1,1,odd,20.3544
10,4,A,Trapezoid,T1,4.6,2,2,even,41.5765
10,4,A,Trapezoid,T1,4.6,3,1,odd,44.1803
10,4,A,Trapezoid,T1,4.6,4,2,even,46.5167
10,4,A,Trapezoid,T1,4.6,5,1,odd,87.5117
10,4,A,Trapezoid,T1,4.6,6,2,even,67.5308
10,1,A,Trapezoid,T2,4.6,1,1,odd,14.9934
10,1,A,Trapezoid,T2,4.6,2,2,even,40.7419
10,1,A,Trapezoid,T2,4.6,3,1,odd,42.1498
10,1,A,Trapezoid,T2,4.6,4,2,even,30.5172
10,1,A,Trapezoid,T2,4.6,5,2,odd,37.392
10,1,A,Trapezoid,T2,4.6,6,1,even,108.0324
11,3,A,Square,S1,4.2,1,0,odd,75.8994
11,3,A,Square,S1,4.2,2,0,even,84.3528
11,3,A,Square,S1,4.2,3,0,odd,76.2745
11,3,A,Square,S1,4.2,5,0,odd,49.4288
11,3,A,Square,S1,4.2,6,0,even,126.1951
11,4,A,Square,S2,4.2,1,0,odd,72.3056
11,4,A,Square,S2,4.2,2,0,even,94.3499
11,4,A,Square,S2,4.2,3,0,odd,58.3138
11,4,A,Square,S2,4.2,4,0,even,98.8605
11,4,A,Square,S2,4.2,5,0,odd,70.9028
11,1,A,Trapezoid,T1,4.2,1,1,odd,57.1708
11,1,A,Trapezoid,T1,4.2,2,2,even,38.5163
11,1,A,Trapezoid,T1,4.2,3,1,odd,10.7379
11,1,A,Trapezoid,T1,4.2,4,2,even,31.0436
11,1,A,Trapezoid,T1,4.2,5,1,odd,51.4325
11,1,A,Trapezoid,T1,4.2,6,2,even,78.1921
11,2,A,Trapezoid,T2,4.2,1,1,odd,28.6549
11,2,A,Trapezoid,T2,4.2,2,2,even,35.0671
11,2,A,Trapezoid,T2,4.2,3,1,odd,75.3459
11,2,A,Trapezoid,T2,4.2,4,2,even,40.5611
11,2,A,Trapezoid,T2,4.2,5,2,odd,93.22
11,2,A,Trapezoid,T2,4.2,6,1,even,80.409
12,4,A,Square,S1,6.266666667,1,0,odd,41.7316
12,4,A,Square,S1,6.266666667,2,0,even,12.1368
12,4,A,Square,S1,6.266666667,3,0,odd,21.0524
12,4,A,Square,S1,6.266666667,5,0,odd,16.6674
12,4,A,Square,S1,6.266666667,6,0,even,25.393
12,1,A,Square,S2,6.266666667,1,0,odd,71.1456
12,1,A,Square,S2,6.266666667,2,0,even,13.3418
12,1,A,Square,S2,6.266666667,3,0,odd,15.4144
12,1,A,Square,S2,6.266666667,4,0,even,67.335
12,1,A,Square,S2,6.266666667,5,0,odd,34.0896
12,2,A,Trapezoid,T1,6.266666667,1,1,odd,29.6497
12,2,A,Trapezoid,T1,6.266666667,2,2,even,112.5838
12,2,A,Trapezoid,T1,6.266666667,3,1,odd,18.2812
12,2,A,Trapezoid,T1,6.266666667,4,2,even,89.4002
12,2,A,Trapezoid,T1,6.266666667,5,1,odd,33.0969
12,2,A,Trapezoid,T1,6.266666667,6,2,even,213.1854
12,3,A,Trapezoid,T2,6.266666667,1,1,odd,60.8983
12,3,A,Trapezoid,T2,6.266666667,2,2,even,128.1203
12,3,A,Trapezoid,T2,6.266666667,3,1,odd,51.2913
12,3,A,Trapezoid,T2,6.266666667,4,2,even,91.4341
12,3,A,Trapezoid,T2,6.266666667,5,2,odd,130.1213
12,3,A,Trapezoid,T2,6.266666667,6,1,even,83.0506
13,4,A,Square,S2,4.538461538,1,0,odd,228.8427
13,4,A,Square,S2,4.538461538,2,0,even,440.8317
13,4,A,Square,S2,4.538461538,3,0,odd,430.1524
13,4,A,Square,S2,4.538461538,4,0,even,323.7864
13,4,A,Square,S2,4.538461538,5,0,odd,195.2724
13,2,A,Trapezoid,T1,4.538461538,1,1,odd,325.1936
13,2,A,Trapezoid,T1,4.538461538,2,2,even,230.8456
13,2,A,Trapezoid,T1,4.538461538,3,1,odd,315.6994
13,2,A,Trapezoid,T1,4.538461538,4,2,even,185.1634
13,2,A,Trapezoid,T1,4.538461538,5,1,odd,272.0535
13,2,A,Trapezoid,T1,4.538461538,6,2,even,179.6666
13,3,A,Trapezoid,T2,4.538461538,1,1,odd,355.9931
13,3,A,Trapezoid,T2,4.538461538,2,2,even,376.9901
13,3,A,Trapezoid,T2,4.538461538,3,1,odd,257.0027
13,3,A,Trapezoid,T2,4.538461538,4,2,even,200.6265
13,3,A,Trapezoid,T2,4.538461538,5,2,odd,294.1309
13,3,A,Trapezoid,T2,4.538461538,6,1,even,317.9755
14,2,A,Square,S1,4.133333333,1,0,odd,143.2513
14,2,A,Square,S1,4.133333333,2,0,even,39.2199
14,2,A,Square,S1,4.133333333,3,0,odd,141.2717
14,2,A,Square,S1,4.133333333,5,0,odd,162.4112
14,2,A,Square,S1,4.133333333,6,0,even,49.5994
14,1,A,Square,S2,4.133333333,1,0,odd,81.9512
14,1,A,Square,S2,4.133333333,2,0,even,72.5148
14,1,A,Square,S2,4.133333333,3,0,odd,103.8947
14,1,A,Square,S2,4.133333333,4,0,even,51.4859
14,1,A,Square,S2,4.133333333,5,0,odd,37.9763
14,3,A,Trapezoid,T1,4.133333333,1,1,odd,97.279
14,3,A,Trapezoid,T1,4.133333333,2,2,even,118.5976
14,3,A,Trapezoid,T1,4.133333333,3,1,odd,94.083
14,3,A,Trapezoid,T1,4.133333333,4,2,even,125.5289
14,3,A,Trapezoid,T1,4.133333333,5,1,odd,59.0585
14,3,A,Trapezoid,T1,4.133333333,6,2,even,120.7626
14,4,A,Trapezoid,T2,4.133333333,1,1,odd,87.5997
14,4,A,Trapezoid,T2,4.133333333,2,2,even,73.8451
14,4,A,Trapezoid,T2,4.133333333,3,1,odd,55.882
14,4,A,Trapezoid,T2,4.133333333,4,2,even,124.1616
14,4,A,Trapezoid,T2,4.133333333,5,2,odd,125.1126
14,4,A,Trapezoid,T2,4.133333333,6,1,even,31.4167
15,3,A,Square,S1,5.133333333,1,0,odd,96.9109
15,3,A,Square,S1,5.133333333,2,0,even,22.902
15,3,A,Square,S1,5.133333333,3,0,odd,47.2197
15,3,A,Square,S1,5.133333333,5,0,odd,80.5506
15,3,A,Square,S1,5.133333333,6,0,even,75.1246
15,2,A,Square,S2,5.133333333,1,0,odd,40.3101
15,2,A,Square,S2,5.133333333,2,0,even,34.0911
15,2,A,Square,S2,5.133333333,3,0,odd,45.0311
15,2,A,Square,S2,5.133333333,4,0,even,45.6454
15,2,A,Square,S2,5.133333333,5,0,odd,44.4702
15,4,A,Trapezoid,T1,5.133333333,1,1,odd,66.4936
15,4,A,Trapezoid,T1,5.133333333,2,2,even,84.9341
15,4,A,Trapezoid,T1,5.133333333,3,1,odd,34.2725
15,4,A,Trapezoid,T1,5.133333333,4,2,even,105.1347
15,4,A,Trapezoid,T1,5.133333333,5,1,odd,66.7376
15,4,A,Trapezoid,T1,5.133333333,6,2,even,24.497
15,1,A,Trapezoid,T2,5.133333333,1,1,odd,111.2016
15,1,A,Trapezoid,T2,5.133333333,2,2,even,11.5846
15,1,A,Trapezoid,T2,5.133333333,3,1,odd,34.373
15,1,A,Trapezoid,T2,5.133333333,4,2,even,67.1826
15,1,A,Trapezoid,T2,5.133333333,5,2,odd,39.1454
15,1,A,Trapezoid,T2,5.133333333,6,1,even,46.2732
16,1,B,Square,S1,4.6,1,0,odd,35.1113
16,1,B,Square,S1,4.6,2,0,even,41.0512
16,1,B,Square,S1,4.6,3,0,odd,73.639
16,1,B,Square,S1,4.6,5,0,odd,29.7086
16,1,B,Square,S1,4.6,6,0,even,58.0069
16,4,B,Square,S2,4.6,1,0,odd,21.1732
16,4,B,Square,S2,4.6,2,0,even,38.9449
16,4,B,Square,S2,4.6,3,0,odd,53.8693
16,4,B,Square,S2,4.6,4,0,even,25.1734
16,4,B,Square,S2,4.6,5,0,odd,6.05
16,2,B,Trapezoid,T1,4.6,1,1,odd,114.0307
16,2,B,Trapezoid,T1,4.6,2,2,even,44.504
16,2,B,Trapezoid,T1,4.6,3,1,odd,90.4909
16,2,B,Trapezoid,T1,4.6,4,2,even,77.2295
16,2,B,Trapezoid,T1,4.6,5,1,odd,28.0749
16,2,B,Trapezoid,T1,4.6,6,2,even,65.0577
16,3,B,Trapezoid,T2,4.6,1,1,odd,66.3559
16,3,B,Trapezoid,T2,4.6,2,2,even,64.1818
16,3,B,Trapezoid,T2,4.6,3,1,odd,19.3598
16,3,B,Trapezoid,T2,4.6,4,2,even,22.7816
16,3,B,Trapezoid,T2,4.6,5,1,odd,42.107
16,3,B,Trapezoid,T2,4.6,6,2,even,83.216
17,2,B,Square,S1,4.6,1,0,odd,118.1271
17,2,B,Square,S1,4.6,2,0,even,150.2288
17,2,B,Square,S1,4.6,3,0,odd,82.1091
17,2,B,Square,S1,4.6,5,0,odd,33.7713
17,2,B,Square,S1,4.6,6,0,even,117.1977
17,1,B,Square,S2,4.6,1,0,odd,133.0966
17,1,B,Square,S2,4.6,2,0,even,172.222
17,1,B,Square,S2,4.6,3,0,odd,105.8414
17,1,B,Square,S2,4.6,4,0,even,91.8657
17,1,B,Square,S2,4.6,5,0,odd,38.2283
17,3,B,Trapezoid,T1,4.6,1,1,odd,131.496
17,3,B,Trapezoid,T1,4.6,2,2,even,88.2281
17,3,B,Trapezoid,T1,4.6,3,1,odd,137.9656
17,3,B,Trapezoid,T1,4.6,4,2,even,110.015
17,3,B,Trapezoid,T1,4.6,5,1,odd,39.2543
17,3,B,Trapezoid,T1,4.6,6,2,even,125.9159
17,4,B,Trapezoid,T2,4.6,1,1,odd,62.9722
17,4,B,Trapezoid,T2,4.6,2,2,even,63.9054
17,4,B,Trapezoid,T2,4.6,3,1,odd,44.7661
17,4,B,Trapezoid,T2,4.6,4,2,even,124.3451
17,4,B,Trapezoid,T2,4.6,5,1,odd,61.4256
17,4,B,Trapezoid,T2,4.6,6,2,even,92.1857
18,3,B,Square,S1,2.6,1,0,odd,55.9625
18,3,B,Square,S1,2.6,2,0,even,54.1166
18,3,B,Square,S1,2.6,3,0,odd,36.0708
18,3,B,Square,S1,2.6,5,0,odd,191.8909
18,3,B,Square,S1,2.6,6,0,even,206.1172
18,2,B,Square,S2,2.6,1,0,odd,127.3723
18,2,B,Square,S2,2.6,2,0,even,224.7972
18,2,B,Square,S2,2.6,3,0,odd,274.9976
18,2,B,Square,S2,2.6,4,0,even,269.1973
18,2,B,Square,S2,2.6,5,0,odd,187.6734
18,4,B,Trapezoid,T1,2.6,1,1,odd,196.6555
18,4,B,Trapezoid,T1,2.6,2,2,even,323.4562
18,4,B,Trapezoid,T1,2.6,3,1,odd,151.145
18,4,B,Trapezoid,T1,2.6,4,2,even,421.854
18,4,B,Trapezoid,T1,2.6,5,1,odd,35.6441
18,4,B,Trapezoid,T1,2.6,6,2,even,430.5783
18,1,B,Trapezoid,T2,2.6,1,1,odd,500.5144
18,1,B,Trapezoid,T2,2.6,2,2,even,142.935
18,1,B,Trapezoid,T2,2.6,3,1,odd,248.2674
18,1,B,Trapezoid,T2,2.6,4,2,even,347.3137
18,1,B,Trapezoid,T2,2.6,5,1,odd,131.2334
18,1,B,Trapezoid,T2,2.6,6,2,even,172.4868
19,4,B,Square,S1,3.533333333,1,0,odd,50.773
19,4,B,Square,S1,3.533333333,2,0,even,115.991
19,4,B,Square,S1,3.533333333,3,0,odd,102.7127
19,4,B,Square,S1,3.533333333,5,0,odd,17.8046
19,4,B,Square,S1,3.533333333,6,0,even,96.0333
19,3,B,Square,S2,3.533333333,1,0,odd,77.4758
19,3,B,Square,S2,3.533333333,2,0,even,140.9617
19,3,B,Square,S2,3.533333333,3,0,odd,73.1068
19,3,B,Square,S2,3.533333333,4,0,even,33.1512
19,3,B,Square,S2,3.533333333,5,0,odd,51.4986
19,1,B,Trapezoid,T1,3.533333333,1,1,odd,53.688
19,1,B,Trapezoid,T1,3.533333333,2,2,even,35.0785
19,1,B,Trapezoid,T1,3.533333333,3,1,odd,75.8156
19,1,B,Trapezoid,T1,3.533333333,4,2,even,82.95
19,1,B,Trapezoid,T1,3.533333333,5,1,odd,17.706
19,1,B,Trapezoid,T1,3.533333333,6,2,even,103.0694
19,2,B,Trapezoid,T2,3.533333333,1,1,odd,49.4429
19,2,B,Trapezoid,T2,3.533333333,2,2,even,63.6161
19,2,B,Trapezoid,T2,3.533333333,3,1,odd,12.9962
19,2,B,Trapezoid,T2,3.533333333,4,2,even,100.456
19,2,B,Trapezoid,T2,3.533333333,5,1,odd,87.2984
19,2,B,Trapezoid,T2,3.533333333,6,2,even,38.0539
20,1,B,Square,S1,4,1,0,odd,32.8908
20,1,B,Square,S1,4,2,0,even,99.363
20,1,B,Square,S1,4,3,0,odd,54.4427
20,1,B,Square,S1,4,5,0,odd,5.8054
20,1,B,Square,S1,4,6,0,even,185.7539
20,4,B,Square,S2,4,1,0,odd,47.0457
20,4,B,Square,S2,4,2,0,even,138.6607
20,4,B,Square,S2,4,3,0,odd,137.2756
20,4,B,Square,S2,4,4,0,even,455.2249
20,4,B,Square,S2,4,5,0,odd,238.3313
20,2,B,Trapezoid,T1,4,1,1,odd,12.0001
20,2,B,Trapezoid,T1,4,2,2,even,95.9708
20,2,B,Trapezoid,T1,4,3,1,odd,38.9115
20,2,B,Trapezoid,T1,4,4,2,even,90.5599
20,2,B,Trapezoid,T1,4,5,1,odd,59.5693
20,2,B,Trapezoid,T1,4,6,2,even,49.7826
20,3,B,Trapezoid,T2,4,1,1,odd,12.4178
20,3,B,Trapezoid,T2,4,2,2,even,138.4482
20,3,B,Trapezoid,T2,4,3,1,odd,273.0831
20,3,B,Trapezoid,T2,4,4,2,even,160.277
20,3,B,Trapezoid,T2,4,5,1,odd,125.2206
20,3,B,Trapezoid,T2,4,6,2,even,161.2179
21,2,B,Square,S1,3.733333333,1,0,odd,52.6365
21,2,B,Square,S1,3.733333333,2,0,even,154.9565
21,2,B,Square,S1,3.733333333,3,0,odd,318.8837
21,2,B,Square,S1,3.733333333,5,0,odd,389.7264
21,2,B,Square,S1,3.733333333,6,0,even,207.5153
21,1,B,Square,S2,3.733333333,1,0,odd,188.9516
21,1,B,Square,S2,3.733333333,2,0,even,37.0122
21,1,B,Square,S2,3.733333333,3,0,odd,155.4397
21,1,B,Square,S2,3.733333333,4,0,even,279.5849
21,1,B,Square,S2,3.733333333,5,0,odd,12.9962
21,3,B,Trapezoid,T1,3.733333333,1,1,odd,111.428
21,3,B,Trapezoid,T1,3.733333333,2,2,even,76.6623
21,3,B,Trapezoid,T1,3.733333333,3,1,odd,99.3137
21,3,B,Trapezoid,T1,3.733333333,4,2,even,25.5285
21,3,B,Trapezoid,T1,3.733333333,5,1,odd,49.4227
21,3,B,Trapezoid,T1,3.733333333,6,2,even,59.2124
21,4,B,Trapezoid,T2,3.733333333,1,1,odd,85.7817
21,4,B,Trapezoid,T2,3.733333333,2,2,even,52.2896
21,4,B,Trapezoid,T2,3.733333333,3,1,odd,7.2665
21,4,B,Trapezoid,T2,3.733333333,4,2,even,20.0275
21,4,B,Trapezoid,T2,3.733333333,5,1,odd,2.2809
21,4,B,Trapezoid,T2,3.733333333,6,2,even,77.5739
22,3,B,Square,S1,3.933333333,1,0,odd,17.006
22,3,B,Square,S1,3.933333333,2,0,even,72.4203
22,3,B,Square,S1,3.933333333,3,0,odd,39.0833
22,3,B,Square,S1,3.933333333,5,0,odd,141.3559
22,3,B,Square,S1,3.933333333,6,0,even,159.4033
22,2,B,Square,S2,3.933333333,1,0,odd,15.2873
22,2,B,Square,S2,3.933333333,2,0,even,71.5514
22,2,B,Square,S2,3.933333333,3,0,odd,61.1179
22,2,B,Square,S2,3.933333333,4,0,even,133.1056
22,2,B,Square,S2,3.933333333,5,0,odd,55.5311
22,4,B,Trapezoid,T1,3.933333333,1,1,odd,51.4344
22,4,B,Trapezoid,T1,3.933333333,2,2,even,94.6023
22,4,B,Trapezoid,T1,3.933333333,3,1,odd,86.4193
22,4,B,Trapezoid,T1,3.933333333,4,2,even,116.9449
22,4,B,Trapezoid,T1,3.933333333,5,1,odd,54.4353
22,4,B,Trapezoid,T1,3.933333333,6,2,even,103.3881
22,1,B,Trapezoid,T2,3.933333333,1,1,odd,29.1291
22,1,B,Trapezoid,T2,3.933333333,2,2,even,31.6513
22,1,B,Trapezoid,T2,3.933333333,3,1,odd,24.6415
22,1,B,Trapezoid,T2,3.933333333,4,2,even,86.0907
22,1,B,Trapezoid,T2,3.933333333,5,1,odd,47.7431
22,1,B,Trapezoid,T2,3.933333333,6,2,even,63.0373
23,4,B,Square,S1,2.333333333,1,0,odd,25.7973
23,4,B,Square,S1,2.333333333,2,0,even,45.4654
23,4,B,Square,S1,2.333333333,3,0,odd,99.1045
23,4,B,Square,S1,2.333333333,4,0,even,115.0804
23,4,B,Square,S1,2.333333333,5,0,odd,27.3185
23,4,B,Square,S1,2.333333333,6,0,even,82.6825
23,3,B,Square,S2,2.333333333,1,0,odd,11.6191
23,3,B,Square,S2,2.333333333,2,0,even,62.1708
23,3,B,Square,S2,2.333333333,3,0,odd,47.8989
23,3,B,Square,S2,2.333333333,4,0,even,11.45
23,3,B,Square,S2,2.333333333,5,0,odd,64.1218
23,1,B,Trapezoid,T1,2.333333333,1,1,odd,79.1069
23,1,B,Trapezoid,T1,2.333333333,2,2,even,70.7333
23,1,B,Trapezoid,T1,2.333333333,3,1,odd,89.7369
23,1,B,Trapezoid,T1,2.333333333,4,2,even,92.0587
23,1,B,Trapezoid,T1,2.333333333,5,1,odd,50.8439
23,1,B,Trapezoid,T1,2.333333333,6,2,even,110.4274
23,2,B,Trapezoid,T2,2.333333333,1,1,odd,55.8337
23,2,B,Trapezoid,T2,2.333333333,2,2,even,91.1296
23,2,B,Trapezoid,T2,2.333333333,3,1,odd,38.4942
23,2,B,Trapezoid,T2,2.333333333,4,2,even,40.5771
23,2,B,Trapezoid,T2,2.333333333,5,1,odd,23.4564
23,2,B,Trapezoid,T2,2.333333333,6,2,even,117.5206
24,2,B,Square,S1,5.2,1,0,odd,15.5789
24,2,B,Square,S1,5.2,2,0,even,212.6518
24,2,B,Square,S1,5.2,3,0,odd,126.3495
24,2,B,Square,S1,5.2,4,0,even,101.2033
24,2,B,Square,S1,5.2,5,0,odd,18.1605
24,2,B,Square,S1,5.2,6,0,even,82.9777
24,3,B,Square,S2,5.2,1,0,odd,12.0043
24,3,B,Square,S2,5.2,2,0,even,90.7194
24,3,B,Square,S2,5.2,3,0,odd,53.3779
24,3,B,Square,S2,5.2,4,0,even,61.6141
24,3,B,Square,S2,5.2,5,0,odd,36.3855
24,4,B,Trapezoid,T1,5.2,1,1,odd,88.4376
24,4,B,Trapezoid,T1,5.2,2,2,even,154.1061
24,4,B,Trapezoid,T1,5.2,3,1,odd,45.3762
24,4,B,Trapezoid,T1,5.2,4,2,even,34.94
24,4,B,Trapezoid,T1,5.2,5,1,odd,8.0686
24,4,B,Trapezoid,T1,5.2,6,2,even,63.9977
24,1,B,Trapezoid,T2,5.2,1,1,odd,82.1048
24,1,B,Trapezoid,T2,5.2,2,2,even,121.7017
24,1,B,Trapezoid,T2,5.2,3,1,odd,23.3046
24,1,B,Trapezoid,T2,5.2,4,2,even,63.2298
24,1,B,Trapezoid,T2,5.2,5,1,odd,5.1481
24,1,B,Trapezoid,T2,5.2,6,2,even,54.5252
25,3,B,Square,S1,4.6,1,0,odd,458.1474
25,3,B,Square,S1,4.6,2,0,even,221.4326
25,3,B,Square,S1,4.6,3,0,odd,544.3773
25,3,B,Square,S1,4.6,4,0,even,235.1055
25,3,B,Square,S1,4.6,5,0,odd,595.6566
25,3,B,Square,S1,4.6,6,0,even,240.2157
25,4,B,Square,S2,4.6,1,0,odd,259.2672
25,4,B,Square,S2,4.6,2,0,even,209.8128
25,4,B,Square,S2,4.6,3,0,odd,429.4583
25,4,B,Square,S2,4.6,4,0,even,63.3822
25,4,B,Square,S2,4.6,5,0,odd,236.2649
25,4,B,Square,S2,4.6,6,0,even,257.9861
25,1,B,Trapezoid,T1,4.6,1,1,odd,99.4143
25,1,B,Trapezoid,T1,4.6,2,2,even,272.7279
25,1,B,Trapezoid,T1,4.6,3,1,odd,162.0114
25,1,B,Trapezoid,T1,4.6,4,2,even,203.1384
25,1,B,Trapezoid,T1,4.6,5,1,odd,273.0253
25,1,B,Trapezoid,T1,4.6,6,2,even,205.5558
25,2,B,Trapezoid,T2,4.6,1,1,odd,376.474
25,2,B,Trapezoid,T2,4.6,2,2,even,360.8361
25,2,B,Trapezoid,T2,4.6,3,1,odd,550.5517
25,2,B,Trapezoid,T2,4.6,4,2,even,48.8457
25,2,B,Trapezoid,T2,4.6,5,1,odd,67.6698
25,2,B,Trapezoid,T2,4.6,6,2,even,272.4082
26,4,B,Square,S1,4.6,1,0,odd,20.6713
26,4,B,Square,S1,4.6,2,0,even,108.5818
26,4,B,Square,S1,4.6,3,0,odd,35.675
26,4,B,Square,S1,4.6,4,0,even,118.0885
26,4,B,Square,S1,4.6,5,0,odd,46.7579
26,4,B,Square,S1,4.6,6,0,even,157.8015
26,1,B,Square,S2,4.6,1,0,odd,80.3474
26,1,B,Square,S2,4.6,2,0,even,122.6825
26,1,B,Square,S2,4.6,3,0,odd,109.8444
26,1,B,Square,S2,4.6,4,0,even,119.1121
26,1,B,Square,S2,4.6,5,0,odd,73.3642
26,1,B,Square,S2,4.6,6,0,even,104.6872
26,2,B,Trapezoid,T1,4.6,1,1,odd,58.0586
26,2,B,Trapezoid,T1,4.6,2,2,even,98.1952
26,2,B,Trapezoid,T1,4.6,3,1,odd,71.6331
26,2,B,Trapezoid,T1,4.6,4,2,even,88.9551
26,2,B,Trapezoid,T1,4.6,5,1,odd,24.2817
26,2,B,Trapezoid,T1,4.6,6,2,even,86.9339
26,3,B,Trapezoid,T2,4.6,1,1,odd,61.7325
26,3,B,Trapezoid,T2,4.6,2,2,even,122.5847
26,3,B,Trapezoid,T2,4.6,3,1,odd,10.2471
26,3,B,Trapezoid,T2,4.6,4,2,even,43.181
26,3,B,Trapezoid,T2,4.6,5,1,odd,38.4266
26,3,B,Trapezoid,T2,4.6,6,2,even,109.343
27,1,B,Square,S1,5.866666667,1,0,odd,44.9021
27,1,B,Square,S1,5.866666667,2,0,even,41.8927
27,1,B,Square,S1,5.866666667,3,0,odd,97.3473
27,1,B,Square,S1,5.866666667,4,0,even,137.5242
27,1,B,Square,S1,5.866666667,5,0,odd,81.6707
27,1,B,Square,S1,5.866666667,6,0,even,101.5076
27,2,B,Square,S2,5.866666667,1,0,odd,77.1959
27,2,B,Square,S2,5.866666667,2,0,even,16.7153
27,2,B,Square,S2,5.866666667,3,0,odd,79.1082
27,2,B,Square,S2,5.866666667,4,0,even,27.2434
27,2,B,Square,S2,5.866666667,5,0,odd,89.2418
27,2,B,Square,S2,5.866666667,6,0,even,57.8412
27,3,B,Trapezoid,T1,5.866666667,1,1,odd,7.7719
27,3,B,Trapezoid,T1,5.866666667,2,2,even,74.2045
27,3,B,Trapezoid,T1,5.866666667,3,1,odd,19.7662
27,3,B,Trapezoid,T1,5.866666667,4,2,even,100.4102
27,3,B,Trapezoid,T1,5.866666667,5,1,odd,5.6923
27,3,B,Trapezoid,T1,5.866666667,6,2,even,37.1565
27,4,B,Trapezoid,T2,5.866666667,1,1,odd,60.9459
27,4,B,Trapezoid,T2,5.866666667,2,2,even,136.9153
27,4,B,Trapezoid,T2,5.866666667,3,1,odd,7.5962
27,4,B,Trapezoid,T2,5.866666667,4,2,even,76.0092
27,4,B,Trapezoid,T2,5.866666667,5,1,odd,16.0749
27,4,B,Trapezoid,T2,5.866666667,6,2,even,106.8579
28,4,B,Square,S1,5.266666667,1,0,odd,5.6394
28,4,B,Square,S1,5.266666667,2,0,even,28.9742
28,4,B,Square,S1,5.266666667,3,0,odd,26.0462
28,4,B,Square,S1,5.266666667,4,0,even,29.6648
28,4,B,Square,S1,5.266666667,5,0,odd,9.6438
28,4,B,Square,S1,5.266666667,6,0,even,9.6438
28,2,B,Square,S2,5.266666667,1,0,odd,11.6877
28,2,B,Square,S2,5.266666667,2,0,even,45.2902
28,2,B,Square,S2,5.266666667,3,0,odd,39.2008
28,2,B,Square,S2,5.266666667,4,0,even,24.1868
28,2,B,Square,S2,5.266666667,5,0,odd,14.7886
28,2,B,Square,S2,5.266666667,6,0,even,74.4567
28,1,B,Trapezoid,T1,5.266666667,1,1,odd,19.2848
28,1,B,Trapezoid,T1,5.266666667,2,2,even,114.4662
28,1,B,Trapezoid,T1,5.266666667,3,1,odd,44.2776
28,1,B,Trapezoid,T1,5.266666667,4,2,even,115.7873
28,1,B,Trapezoid,T1,5.266666667,5,1,odd,12.9886
28,1,B,Trapezoid,T1,5.266666667,6,2,even,94.7164
28,3,B,Trapezoid,T2,5.266666667,1,1,odd,28.2772
28,3,B,Trapezoid,T2,5.266666667,2,2,even,37.57
28,3,B,Trapezoid,T2,5.266666667,3,1,odd,23.3945
28,3,B,Trapezoid,T2,5.266666667,4,2,even,51.2592
28,3,B,Trapezoid,T2,5.266666667,5,1,odd,9.061
28,3,B,Trapezoid,T2,5.266666667,6,2,even,70.7941
29,1,B,Square,S1,3.4,1,0,odd,30.244
29,1,B,Square,S1,3.4,2,0,even,109.7666
29,1,B,Square,S1,3.4,3,0,odd,54.2227
29,1,B,Square,S1,3.4,4,0,even,68.6156
29,1,B,Square,S1,3.4,5,0,odd,8.55
29,1,B,Square,S1,3.4,6,0,even,90.3233
29,3,B,Square,S2,3.4,1,0,odd,94.6583
29,3,B,Square,S2,3.4,2,0,even,82.487
29,3,B,Square,S2,3.4,3,0,odd,96.3297
29,3,B,Square,S2,3.4,4,0,even,40.7431
29,3,B,Square,S2,3.4,5,0,odd,101.3603
29,3,B,Square,S2,3.4,6,0,even,58.8694
29,2,B,Trapezoid,T1,3.4,1,1,odd,32.2739
29,2,B,Trapezoid,T1,3.4,2,2,even,101.5909
29,2,B,Trapezoid,T1,3.4,3,1,odd,46.2569
29,2,B,Trapezoid,T1,3.4,4,2,even,95.9766
29,2,B,Trapezoid,T1,3.4,5,1,odd,42.3462
29,2,B,Trapezoid,T1,3.4,6,2,even,16.0749
29,4,B,Trapezoid,T2,3.4,1,1,odd,64.5206
29,4,B,Trapezoid,T2,3.4,2,2,even,114.6665
29,4,B,Trapezoid,T2,3.4,3,1,odd,19.2432
29,4,B,Trapezoid,T2,3.4,4,2,even,91.8809
29,4,B,Trapezoid,T2,3.4,5,1,odd,30.1911
29,4,B,Trapezoid,T2,3.4,6,2,even,106.2427
30,2,A,Square,S1,4.8,1,0,odd,73.0604
30,2,A,Square,S1,4.8,2,0,even,265.8983
30,2,A,Square,S1,4.8,3,0,odd,129.22
30,2,A,Square,S1,4.8,4,0,even,74.4446
30,2,A,Square,S1,4.8,5,0,odd,166.9488
30,2,A,Square,S1,4.8,6,0,even,272.7075
30,4,A,Square,S2,4.8,1,0,odd,45.0034
30,4,A,Square,S2,4.8,2,0,even,177.2569
30,4,A,Square,S2,4.8,3,0,odd,33.0984
30,4,A,Square,S2,4.8,4,0,even,182.5842
30,4,A,Square,S2,4.8,5,0,odd,135.7859
30,4,A,Square,S2,4.8,6,0,even,73.7537
30,1,A,Trapezoid,T1,4.8,1,1,odd,109.9668
30,1,A,Trapezoid,T1,4.8,2,2,even,184.6556
30,1,A,Trapezoid,T1,4.8,3,1,odd,32.746
30,1,A,Trapezoid,T1,4.8,4,2,even,85.3973
30,1,A,Trapezoid,T1,4.8,5,1,odd,60.583
30,1,A,Trapezoid,T1,4.8,6,2,even,83.4608
30,3,A,Trapezoid,T2,4.8,1,1,odd,50.06
30,3,A,Trapezoid,T2,4.8,2,2,even,58.2778
30,3,A,Trapezoid,T2,4.8,3,1,odd,39.9875
30,3,A,Trapezoid,T2,4.8,4,2,even,93.0011
30,3,A,Trapezoid,T2,4.8,5,2,odd,72.0802
30,3,A,Trapezoid,T2,4.8,6,1,even,37.4621
31,2,B,Square,S1,4.733333333,1,0,odd,73.3894
31,2,B,Square,S1,4.733333333,2,0,even,121.3301
31,2,B,Square,S1,4.733333333,3,0,odd,60.7553
31,2,B,Square,S1,4.733333333,4,0,even,16.55
31,2,B,Square,S1,4.733333333,5,0,odd,38.004
31,2,B,Square,S1,4.733333333,6,0,even,110.1658
31,1,B,Square,S2,4.733333333,1,0,odd,91.3696
31,1,B,Square,S2,4.733333333,2,0,even,154.0526
31,1,B,Square,S2,4.733333333,3,0,odd,97.0047
31,1,B,Square,S2,4.733333333,4,0,even,120.5077
31,1,B,Square,S2,4.733333333,5,0,odd,32.2243
31,1,B,Square,S2,4.733333333,6,0,even,37.574
31,3,B,Trapezoid,T1,4.733333333,1,1,odd,121.813
31,3,B,Trapezoid,T1,4.733333333,2,2,even,136.9394
31,3,B,Trapezoid,T1,4.733333333,3,1,odd,85.0235
31,3,B,Trapezoid,T1,4.733333333,4,2,even,137.7084
31,3,B,Trapezoid,T1,4.733333333,5,1,odd,62.2214
31,3,B,Trapezoid,T1,4.733333333,6,2,even,114.8024
31,4,B,Trapezoid,T2,4.733333333,1,1,odd,87.3413
31,4,B,Trapezoid,T2,4.733333333,2,2,even,61.4435
31,4,B,Trapezoid,T2,4.733333333,3,1,odd,83.2665
31,4,B,Trapezoid,T2,4.733333333,4,2,even,98.6849
31,4,B,Trapezoid,T2,4.733333333,5,1,odd,24.1206
31,4,B,Trapezoid,T2,4.733333333,6,2,even,91.0994
32,4,A,Square,S1,5.266666667,1,0,odd,85.7608
32,4,A,Square,S1,5.266666667,2,0,even,20.9858
32,4,A,Square,S1,5.266666667,3,0,odd,113.6948
32,4,A,Square,S1,5.266666667,4,0,even,89.0129
32,4,A,Square,S1,5.266666667,5,0,odd,30.206
32,4,A,Square,S1,5.266666667,6,0,even,119.68
32,2,A,Square,S2,5.266666667,1,0,odd,35.1696
32,2,A,Square,S2,5.266666667,2,0,even,10.2958
32,2,A,Square,S2,5.266666667,3,0,odd,64
32,2,A,Square,S2,5.266666667,4,0,even,63.7048
32,2,A,Square,S2,5.266666667,5,0,odd,47.6917
32,2,A,Square,S2,5.266666667,6,0,even,32.2274
32,3,A,Trapezoid,T1,5.266666667,1,1,odd,137.5405
32,3,A,Trapezoid,T1,5.266666667,2,2,even,119.092
32,3,A,Trapezoid,T1,5.266666667,3,1,odd,53.8684
32,3,A,Trapezoid,T1,5.266666667,4,2,even,24.775
32,3,A,Trapezoid,T1,5.266666667,5,1,odd,78.8036
32,3,A,Trapezoid,T1,5.266666667,6,2,even,108.9266
32,1,A,Trapezoid,T2,5.266666667,1,1,odd,61.1302
32,1,A,Trapezoid,T2,5.266666667,2,2,even,80.163
32,1,A,Trapezoid,T2,5.266666667,3,1,odd,56.1329
32,1,A,Trapezoid,T2,5.266666667,4,2,even,22.5389
32,1,A,Trapezoid,T2,5.266666667,5,2,odd,53.3457
32,1,A,Trapezoid,T2,5.266666667,6,1,even,48.6807
33,3,B,Square,S1,5.533333333,1,0,odd,18.3386
33,3,B,Square,S1,5.533333333,2,0,even,162.8846
33,3,B,Square,S1,5.533333333,3,0,odd,90.8433
33,3,B,Square,S1,5.533333333,4,0,even,41.562
33,3,B,Square,S1,5.533333333,5,0,odd,13.0116
33,3,B,Square,S1,5.533333333,6,0,even,146.7753
33,4,B,Square,S2,5.533333333,1,0,odd,32.688
33,4,B,Square,S2,5.533333333,2,0,even,70.6838
33,4,B,Square,S2,5.533333333,3,0,odd,100.2143
33,4,B,Square,S2,5.533333333,4,0,even,130.3292
33,4,B,Square,S2,5.533333333,5,0,odd,49.677
33,4,B,Square,S2,5.533333333,6,0,even,136.8839
33,2,B,Trapezoid,T1,5.533333333,1,1,odd,59.5894
33,2,B,Trapezoid,T1,5.533333333,2,2,even,88.9781
33,2,B,Trapezoid,T1,5.533333333,3,1,odd,58.7291
33,2,B,Trapezoid,T1,5.533333333,4,2,even,91.4686
33,2,B,Trapezoid,T1,5.533333333,5,1,odd,26.2222
33,2,B,Trapezoid,T1,5.533333333,6,2,even,138.0927
33,1,B,Trapezoid,T2,5.533333333,1,1,odd,61.7398
33,1,B,Trapezoid,T2,5.533333333,2,2,even,124.3173
33,1,B,Trapezoid,T2,5.533333333,3,1,odd,15.6526
33,1,B,Trapezoid,T2,5.533333333,4,2,even,175.0397
33,1,B,Trapezoid,T2,5.533333333,5,1,odd,19.4577
33,1,B,Trapezoid,T2,5.533333333,6,2,even,122.1372
34,2,A,Square,S2,2.8,1,0,odd,455.715
34,2,A,Square,S2,2.8,2,0,even,26.484
34,2,A,Square,S2,2.8,3,0,odd,382.487
34,2,A,Square,S2,2.8,4,0,even,362.8117
34,2,A,Square,S2,2.8,5,0,odd,178.7283
34,2,A,Square,S2,2.8,6,0,even,191.1973
34,3,A,Trapezoid,T1,2.8,1,1,odd,62.3538
34,3,A,Trapezoid,T1,2.8,2,2,even,131.5234
34,3,A,Trapezoid,T1,2.8,3,1,odd,33.9633
34,3,A,Trapezoid,T1,2.8,4,2,even,111.8083
34,3,A,Trapezoid,T1,2.8,5,1,odd,72.926
34,3,A,Trapezoid,T1,2.8,6,2,even,205.8354
34,4,A,Trapezoid,T2,2.8,1,1,odd,3.592
34,4,A,Trapezoid,T2,2.8,2,2,even,77.8691
34,4,A,Trapezoid,T2,2.8,3,1,odd,88.5167
34,4,A,Trapezoid,T2,2.8,4,2,even,78.355
34,4,A,Trapezoid,T2,2.8,5,2,odd,53.3644
34,4,A,Trapezoid,T2,2.8,6,1,even,34.2229
35,2,B,Square,S1,5.4,1,0,odd,26.8831
35,2,B,Square,S1,5.4,2,0,even,77.8865
35,2,B,Square,S1,5.4,3,0,odd,22.665
35,2,B,Square,S1,5.4,4,0,even,110.2933
35,2,B,Square,S1,5.4,5,0,odd,46.5747
35,2,B,Square,S1,5.4,6,0,even,50.3607
35,1,B,Square,S2,5.4,1,0,odd,149.3275
35,1,B,Square,S2,5.4,2,0,even,185.6338
35,1,B,Square,S2,5.4,3,0,odd,120.4508
35,1,B,Square,S2,5.4,4,0,even,68.9072
35,1,B,Square,S2,5.4,5,0,odd,101.9765
35,1,B,Square,S2,5.4,6,0,even,144.8071
35,3,B,Trapezoid,T1,5.4,1,1,odd,109.6827
35,3,B,Trapezoid,T1,5.4,2,2,even,95.0489
35,3,B,Trapezoid,T1,5.4,3,1,odd,114.6368
35,3,B,Trapezoid,T1,5.4,4,2,even,71.5549
35,3,B,Trapezoid,T1,5.4,5,1,odd,35.426
35,3,B,Trapezoid,T1,5.4,6,2,even,142.0461
35,4,B,Trapezoid,T2,5.4,1,1,odd,54.7942
35,4,B,Trapezoid,T2,5.4,2,2,even,42.8042
35,4,B,Trapezoid,T2,5.4,3,1,odd,41.4862
35,4,B,Trapezoid,T2,5.4,4,2,even,123.4783
35,4,B,Trapezoid,T2,5.4,5,1,odd,80.1118
35,4,B,Trapezoid,T2,5.4,6,2,even,116.0091
36,3,A,Square,S1,1.666666667,1,0,odd,46.9566
36,3,A,Square,S1,1.666666667,2,0,even,351.6306
36,3,A,Square,S1,1.666666667,3,0,odd,162.6589
36,3,A,Square,S1,1.666666667,4,0,even,66.8379
36,3,A,Square,S1,1.666666667,5,0,odd,157.6861
36,3,A,Square,S1,1.666666667,6,0,even,335.3934
36,4,A,Square,S2,1.666666667,1,0,odd,78
36,4,A,Square,S2,1.666666667,2,0,even,145.2756
36,4,A,Square,S2,1.666666667,3,0,odd,116.9089
36,4,A,Square,S2,1.666666667,4,0,even,24.7771
36,4,A,Square,S2,1.666666667,5,0,odd,16.6043
36,4,A,Square,S2,1.666666667,6,0,even,85.8289
36,1,A,Trapezoid,T1,1.666666667,1,1,odd,74.4023
36,1,A,Trapezoid,T1,1.666666667,2,2,even,181.4277
36,1,A,Trapezoid,T1,1.666666667,3,1,odd,55.1081
36,1,A,Trapezoid,T1,1.666666667,4,2,even,43.5925
36,1,A,Trapezoid,T1,1.666666667,5,1,odd,94.4415
36,1,A,Trapezoid,T1,1.666666667,6,2,even,159.7454
36,2,A,Trapezoid,T2,1.666666667,1,1,odd,48.2401
36,2,A,Trapezoid,T2,1.666666667,2,2,even,110.1349
36,2,A,Trapezoid,T2,1.666666667,3,1,odd,67.0023
36,2,A,Trapezoid,T2,1.666666667,4,2,even,99.0328
36,2,A,Trapezoid,T2,1.666666667,5,2,odd,114.3318
36,2,A,Trapezoid,T2,1.666666667,6,1,even,38.1367
37,4,B,Square,S1,4.466666667,1,0,odd,16.5167
37,4,B,Square,S1,4.466666667,2,0,even,189.0429
37,4,B,Square,S1,4.466666667,3,0,odd,254.4718
37,4,B,Square,S1,4.466666667,4,0,even,185.686
37,4,B,Square,S1,4.466666667,5,0,odd,356.8711
37,4,B,Square,S1,4.466666667,6,0,even,254.5836
37,1,B,Square,S2,4.466666667,1,0,odd,101.616
37,1,B,Square,S2,4.466666667,2,0,even,116.1693
37,1,B,Square,S2,4.466666667,3,0,odd,19.8772
37,1,B,Square,S2,4.466666667,4,0,even,238.9088
37,1,B,Square,S2,4.466666667,5,0,odd,258.2514
37,1,B,Square,S2,4.466666667,6,0,even,147.3968
37,2,B,Trapezoid,T1,4.466666667,1,1,odd,120.56
37,2,B,Trapezoid,T1,4.466666667,2,2,even,101.9765
37,2,B,Trapezoid,T1,4.466666667,3,1,odd,79.9093
37,2,B,Trapezoid,T1,4.466666667,4,2,even,63.6043
37,2,B,Trapezoid,T1,4.466666667,5,1,odd,33.0636
37,2,B,Trapezoid,T1,4.466666667,6,2,even,91.7273
37,3,B,Trapezoid,T2,4.466666667,1,1,odd,50.2922
37,3,B,Trapezoid,T2,4.466666667,2,2,even,187.9471
37,3,B,Trapezoid,T2,4.466666667,3,1,odd,53.3817
37,3,B,Trapezoid,T2,4.466666667,4,2,even,117.43
37,3,B,Trapezoid,T2,4.466666667,5,1,odd,22.3697
37,3,B,Trapezoid,T2,4.466666667,6,2,even,88.1408
38,2,A,Square,S1,5.666666667,1,0,odd,71.5187
38,2,A,Square,S1,5.666666667,2,0,even,24.3167
38,2,A,Square,S1,5.666666667,3,0,odd,32.8253
38,2,A,Square,S1,5.666666667,4,0,even,22.4656
38,2,A,Square,S1,5.666666667,5,0,odd,61.6231
38,2,A,Square,S1,5.666666667,6,0,even,45.8618
38,1,A,Square,S2,5.666666667,1,0,odd,47.1265
38,1,A,Square,S2,5.666666667,2,0,even,29.1531
38,1,A,Square,S2,5.666666667,3,0,odd,76.9682
38,1,A,Square,S2,5.666666667,4,0,even,48.0625
38,1,A,Square,S2,5.666666667,5,0,odd,63.0516
38,1,A,Square,S2,5.666666667,6,0,even,52.0481
38,3,A,Trapezoid,T1,5.666666667,1,1,odd,42.1498
38,3,A,Trapezoid,T1,5.666666667,2,2,even,150.8745
38,3,A,Trapezoid,T1,5.666666667,3,1,odd,108.9367
38,3,A,Trapezoid,T1,5.666666667,4,2,even,155.1022
38,3,A,Trapezoid,T1,5.666666667,5,1,odd,105.3295
38,3,A,Trapezoid,T1,5.666666667,6,2,even,170.981
38,4,A,Trapezoid,T2,5.666666667,1,1,odd,121.55
38,4,A,Trapezoid,T2,5.666666667,2,2,even,103.3678
38,4,A,Trapezoid,T2,5.666666667,3,1,odd,29.0758
38,4,A,Trapezoid,T2,5.666666667,4,2,even,45.8443
38,4,A,Trapezoid,T2,5.666666667,5,2,odd,75.9221
38,4,A,Trapezoid,T2,5.666666667,6,1,even,72.0112
39,3,B,Square,S1,4.333333333,1,0,odd,38.092
39,3,B,Square,S1,4.333333333,2,0,even,116.87
39,3,B,Square,S1,4.333333333,3,0,odd,51.5073
39,3,B,Square,S1,4.333333333,4,0,even,48.7689
39,3,B,Square,S1,4.333333333,5,0,odd,181.1579
39,3,B,Square,S1,4.333333333,6,0,even,182.4527
39,2,B,Square,S2,4.333333333,1,0,odd,9.05
39,2,B,Square,S2,4.333333333,2,0,even,92.9258
39,2,B,Square,S2,4.333333333,3,0,odd,28.2117
39,2,B,Square,S2,4.333333333,4,0,even,105.1466
39,2,B,Square,S2,4.333333333,5,0,odd,65.9159
39,2,B,Square,S2,4.333333333,6,0,even,120.3042
39,4,B,Trapezoid,T1,4.333333333,1,1,odd,65.6445
39,4,B,Trapezoid,T1,4.333333333,2,2,even,83.2448
39,4,B,Trapezoid,T1,4.333333333,3,1,odd,60.872
39,4,B,Trapezoid,T1,4.333333333,4,2,even,86.7848
39,4,B,Trapezoid,T1,4.333333333,5,1,odd,22.1631
39,4,B,Trapezoid,T1,4.333333333,6,2,even,112.6863
39,1,B,Trapezoid,T2,4.333333333,1,1,odd,29.4585
39,1,B,Trapezoid,T2,4.333333333,2,2,even,76.5853
39,1,B,Trapezoid,T2,4.333333333,3,1,odd,25.5969
39,1,B,Trapezoid,T2,4.333333333,4,2,even,97.3905
39,1,B,Trapezoid,T2,4.333333333,5,1,odd,21.2933
39,1,B,Trapezoid,T2,4.333333333,6,2,even,111.1054
40,4,A,Square,S1,4.666666667,1,0,odd,138.8597
40,4,A,Square,S1,4.666666667,2,0,even,11.9039
40,4,A,Square,S1,4.666666667,3,0,odd,41.219
40,4,A,Square,S1,4.666666667,4,0,even,71.478
40,4,A,Square,S1,4.666666667,5,0,odd,3.8733
40,4,A,Square,S1,4.666666667,6,0,even,33.2987
40,3,A,Square,S2,4.666666667,1,0,odd,68.0441
40,3,A,Square,S2,4.666666667,2,0,even,70.4968
40,3,A,Square,S2,4.666666667,3,0,odd,40.6633
40,3,A,Square,S2,4.666666667,4,0,even,61.3507
40,3,A,Square,S2,4.666666667,5,0,odd,43.0024
40,3,A,Square,S2,4.666666667,6,0,even,68.2789
40,1,A,Trapezoid,T1,4.666666667,1,1,odd,86.688
40,1,A,Trapezoid,T1,4.666666667,2,2,even,71.5346
40,1,A,Trapezoid,T1,4.666666667,3,1,odd,35.0129
40,1,A,Trapezoid,T1,4.666666667,4,2,even,140.3962
40,1,A,Trapezoid,T1,4.666666667,5,1,odd,66.2888
40,1,A,Trapezoid,T1,4.666666667,6,2,even,116.4736
40,2,A,Trapezoid,T2,4.666666667,1,1,odd,123.5512
40,2,A,Trapezoid,T2,4.666666667,2,2,even,110.6982
40,2,A,Trapezoid,T2,4.666666667,3,1,odd,108.4311
40,2,A,Trapezoid,T2,4.666666667,4,2,even,96.0151
40,2,A,Trapezoid,T2,4.666666667,5,2,odd,86.2111
40,2,A,Trapezoid,T2,4.666666667,6,1,even,60.3938
41,1,B,Square,S1,3.333333333,1,0,odd,39.3688
41,1,B,Square,S1,3.333333333,2,0,even,140.1667
41,1,B,Square,S1,3.333333333,3,0,odd,152.0977
41,1,B,Square,S1,3.333333333,4,0,even,25.9076
41,1,B,Square,S1,3.333333333,5,0,odd,59.2773
41,1,B,Square,S1,3.333333333,6,0,even,142.9801
41,4,B,Square,S2,3.333333333,1,0,odd,42.3025
41,4,B,Square,S2,3.333333333,2,0,even,114.2528
41,4,B,Square,S2,3.333333333,3,0,odd,67.771
41,4,B,Square,S2,3.333333333,4,0,even,51.6421
41,4,B,Square,S2,3.333333333,5,0,odd,58.781
41,4,B,Square,S2,3.333333333,6,0,even,30.2606
41,2,B,Trapezoid,T1,3.333333333,1,1,odd,38.2191
41,2,B,Trapezoid,T1,3.333333333,2,2,even,43.8521
41,2,B,Trapezoid,T1,3.333333333,3,1,odd,69.69
41,2,B,Trapezoid,T1,3.333333333,4,2,even,69.4637
41,2,B,Trapezoid,T1,3.333333333,5,1,odd,36.7587
41,2,B,Trapezoid,T1,3.333333333,6,2,even,129.3638
41,3,B,Trapezoid,T2,3.333333333,1,1,odd,43.7047
41,3,B,Trapezoid,T2,3.333333333,2,2,even,124.0544
41,3,B,Trapezoid,T2,3.333333333,3,1,odd,5.8054
41,3,B,Trapezoid,T2,3.333333333,4,2,even,8.922
41,3,B,Trapezoid,T2,3.333333333,5,1,odd,19.68
41,3,B,Trapezoid,T2,3.333333333,6,2,even,40.3572
42,3,A,Square,S1,5.066666667,1,0,odd,48.991
42,3,A,Square,S1,5.066666667,2,0,even,173.6151
42,3,A,Square,S1,5.066666667,3,0,odd,26.501
42,3,A,Square,S1,5.066666667,4,0,even,57.6906
42,3,A,Square,S1,5.066666667,5,0,odd,95.5338
42,3,A,Square,S1,5.066666667,6,0,even,184.4744
42,4,A,Square,S2,5.066666667,1,0,odd,78.508
42,4,A,Square,S2,5.066666667,2,0,even,214.3628
42,4,A,Square,S2,5.066666667,3,0,odd,94.5823
42,4,A,Square,S2,5.066666667,4,0,even,218.953
42,4,A,Square,S2,5.066666667,5,0,odd,167.8753
42,4,A,Square,S2,5.066666667,6,0,even,99.7056
42,1,A,Trapezoid,T1,5.066666667,1,1,odd,55.9571
42,1,A,Trapezoid,T1,5.066666667,2,2,even,103.8167
42,1,A,Trapezoid,T1,5.066666667,3,1,odd,21.0143
42,1,A,Trapezoid,T1,5.066666667,4,2,even,52.2073
42,1,A,Trapezoid,T1,5.066666667,5,1,odd,87.675
42,1,A,Trapezoid,T1,5.066666667,6,2,even,113.2162
42,2,A,Trapezoid,T2,5.066666667,1,1,odd,85.0082
42,2,A,Trapezoid,T2,5.066666667,2,2,even,124.0508
42,2,A,Trapezoid,T2,5.066666667,3,1,odd,38.1563
42,2,A,Trapezoid,T2,5.066666667,4,2,even,24.4725
42,2,A,Trapezoid,T2,5.066666667,5,2,odd,85.3625
42,2,A,Trapezoid,T2,5.066666667,6,1,even,12.3454
43,4,B,Square,S1,2.733333333,1,0,odd,62.017
43,4,B,Square,S1,2.733333333,2,0,even,161.6982
43,4,B,Square,S1,2.733333333,3,0,odd,99.1554
43,4,B,Square,S1,2.733333333,4,0,even,68.8121
43,4,B,Square,S1,2.733333333,5,0,odd,41.4138
43,4,B,Square,S1,2.733333333,6,0,even,96.0078
43,1,B,Square,S2,2.733333333,1,0,odd,89.1375
43,1,B,Square,S2,2.733333333,2,0,even,55.7234
43,1,B,Square,S2,2.733333333,3,0,odd,133.4054
43,1,B,Square,S2,2.733333333,4,0,even,102.8027
43,1,B,Square,S2,2.733333333,5,0,odd,76.9
43,1,B,Square,S2,2.733333333,6,0,even,116.0009
43,2,B,Trapezoid,T1,2.733333333,1,1,odd,71.3281
43,2,B,Trapezoid,T1,2.733333333,2,2,even,86.3342
43,2,B,Trapezoid,T1,2.733333333,3,1,odd,60.0583
43,2,B,Trapezoid,T1,2.733333333,4,2,even,57.956
43,2,B,Trapezoid,T1,2.733333333,5,1,odd,54.8279
43,2,B,Trapezoid,T1,2.733333333,6,2,even,74.928
43,3,B,Trapezoid,T2,2.733333333,1,1,odd,77.271
43,3,B,Trapezoid,T2,2.733333333,2,2,even,147.8621
43,3,B,Trapezoid,T2,2.733333333,3,1,odd,34.2404
43,3,B,Trapezoid,T2,2.733333333,4,2,even,82.7158
43,3,B,Trapezoid,T2,2.733333333,5,1,odd,56.5084
43,3,B,Trapezoid,T2,2.733333333,6,2,even,123.7756
44,1,A,Square,S1,3.066666667,1,0,odd,172.4428
44,1,A,Square,S1,3.066666667,2,0,even,21.0452
44,1,A,Square,S1,3.066666667,3,0,odd,166.2152
44,1,A,Square,S1,3.066666667,4,0,even,165.6647
44,1,A,Square,S1,3.066666667,5,0,odd,125.708
44,1,A,Square,S1,3.066666667,6,0,even,74.2294
44,2,A,Square,S2,3.066666667,1,0,odd,193.1072
44,2,A,Square,S2,3.066666667,2,0,even,54.0056
44,2,A,Square,S2,3.066666667,3,0,odd,147.001
44,2,A,Square,S2,3.066666667,4,0,even,224.7
44,2,A,Square,S2,3.066666667,5,0,odd,195.5139
44,2,A,Square,S2,3.066666667,6,0,even,60.536
44,3,A,Trapezoid,T1,3.066666667,1,1,odd,296.6712
44,3,A,Trapezoid,T1,3.066666667,2,2,even,261.2985
44,3,A,Trapezoid,T1,3.066666667,3,1,odd,296.1506
44,3,A,Trapezoid,T1,3.066666667,4,2,even,162.7274
44,3,A,Trapezoid,T1,3.066666667,5,1,odd,303.702
44,3,A,Trapezoid,T1,3.066666667,6,2,even,222.3585
44,4,A,Trapezoid,T2,3.066666667,1,1,odd,12.2476
44,4,A,Trapezoid,T2,3.066666667,2,2,even,70.8929
44,4,A,Trapezoid,T2,3.066666667,3,1,odd,110.5672
44,4,A,Trapezoid,T2,3.066666667,4,2,even,100.6996
44,4,A,Trapezoid,T2,3.066666667,5,2,odd,55.5442
44,4,A,Trapezoid,T2,3.066666667,6,1,even,107.0182
45,2,B,Square,S1,3.066666667,1,0,odd,48.2742
45,2,B,Square,S1,3.066666667,2,0,even,172.136
45,2,B,Square,S1,3.066666667,3,0,odd,247.9919
45,2,B,Square,S1,3.066666667,4,0,even,196.4317
45,2,B,Square,S1,3.066666667,5,0,odd,57.7426
45,2,B,Square,S1,3.066666667,6,0,even,71.0021
45,3,B,Square,S2,3.066666667,1,0,odd,77.3706
45,3,B,Square,S2,3.066666667,2,0,even,314.3799
45,3,B,Square,S2,3.066666667,3,0,odd,212.8972
45,3,B,Square,S2,3.066666667,4,0,even,252.9646
45,3,B,Square,S2,3.066666667,5,0,odd,294.1027
45,3,B,Square,S2,3.066666667,6,0,even,297.0825
45,4,B,Trapezoid,T1,3.066666667,1,1,odd,188.2716
45,4,B,Trapezoid,T1,3.066666667,2,2,even,134.1812
45,4,B,Trapezoid,T1,3.066666667,3,1,odd,228.1013
45,4,B,Trapezoid,T1,3.066666667,4,2,even,228.1631
45,4,B,Trapezoid,T1,3.066666667,5,1,odd,283.1415
45,4,B,Trapezoid,T1,3.066666667,6,2,even,447.8178
45,1,B,Trapezoid,T2,3.066666667,1,1,odd,30.6431
45,1,B,Trapezoid,T2,3.066666667,2,2,even,138.8726
45,1,B,Trapezoid,T2,3.066666667,3,1,odd,21.9659
45,1,B,Trapezoid,T2,3.066666667,4,2,even,81.3284
45,1,B,Trapezoid,T2,3.066666667,5,1,odd,60.3042
45,1,B,Trapezoid,T2,3.066666667,6,2,even,107.5691
46,2,A,Square,S1,5,1,0,odd,68.1698
46,2,A,Square,S1,5,2,0,even,26.9017
46,2,A,Square,S1,5,3,0,odd,52.2073
46,2,A,Square,S1,5,4,0,even,6.0583
46,2,A,Square,S1,5,5,0,odd,34.5167
46,2,A,Square,S1,5,6,0,even,47.6025
46,1,A,Square,S2,5,1,0,odd,25.1397
46,1,A,Square,S2,5,2,0,even,74.0865
46,1,A,Square,S2,5,3,0,odd,121.3788
46,1,A,Square,S2,5,4,0,even,42.1533
46,1,A,Square,S2,5,5,0,odd,32.906
46,1,A,Square,S2,5,6,0,even,25.9596
46,4,A,Trapezoid,T1,5,1,1,odd,60.9426
46,4,A,Trapezoid,T1,5,2,2,even,78.9215
46,4,A,Trapezoid,T1,5,3,1,odd,35.1412
46,4,A,Trapezoid,T1,5,4,2,even,33.7506
46,4,A,Trapezoid,T1,5,5,1,odd,30.2721
46,4,A,Trapezoid,T1,5,6,2,even,21.1495
46,3,A,Trapezoid,T2,5,1,1,odd,63.4319
46,3,A,Trapezoid,T2,5,2,2,even,113.3614
46,3,A,Trapezoid,T2,5,3,1,odd,33.7713
46,3,A,Trapezoid,T2,5,4,2,even,86.6943
46,3,A,Trapezoid,T2,5,5,2,odd,79.9785
46,3,A,Trapezoid,T2,5,6,1,even,78.3952
47,3,B,Square,S1,3.4,1,0,odd,31.313
47,3,B,Square,S1,3.4,2,0,even,152.6997
47,3,B,Square,S1,3.4,3,0,odd,73.8235
47,3,B,Square,S1,3.4,4,0,even,203.3763
47,3,B,Square,S1,3.4,5,0,odd,456.7947
47,3,B,Square,S1,3.4,6,0,even,247.7477
47,4,B,Square,S2,3.4,1,0,odd,73.6974
47,4,B,Square,S2,3.4,2,0,even,176.6896
47,4,B,Square,S2,3.4,3,0,odd,209.305
47,4,B,Square,S2,3.4,5,0,odd,102.0804
47,4,B,Square,S2,3.4,6,0,even,159.3261
47,2,B,Trapezoid,T1,3.4,1,1,odd,78.1345
47,2,B,Trapezoid,T1,3.4,2,2,even,70.2844
47,2,B,Trapezoid,T1,3.4,3,1,odd,60.8326
47,2,B,Trapezoid,T1,3.4,4,2,even,128.3032
47,2,B,Trapezoid,T1,3.4,5,1,odd,46.9713
47,2,B,Trapezoid,T1,3.4,6,2,even,147.5398
48,3,A,Square,S1,4.8,1,0,odd,98.069
48,3,A,Square,S1,4.8,2,0,even,68.4792
48,3,A,Square,S1,4.8,3,0,odd,83.0127
48,3,A,Square,S1,4.8,4,0,even,141.3018
48,3,A,Square,S1,4.8,5,0,odd,93.036
48,3,A,Square,S1,4.8,6,0,even,73.3315
48,4,A,Square,S2,4.8,1,0,odd,28.6549
48,4,A,Square,S2,4.8,2,0,even,100.8687
48,4,A,Square,S2,4.8,3,0,odd,59.1388
48,4,A,Square,S2,4.8,4,0,even,70.6562
48,4,A,Square,S2,4.8,5,0,odd,150.6679
48,4,A,Square,S2,4.8,6,0,even,68.3133
48,1,A,Trapezoid,T1,4.8,1,1,odd,55.823
48,1,A,Trapezoid,T1,4.8,2,2,even,219.2152
48,1,A,Trapezoid,T1,4.8,3,1,odd,56.3702
48,1,A,Trapezoid,T1,4.8,4,2,even,130.025
48,1,A,Trapezoid,T1,4.8,5,1,odd,18.1412
48,1,A,Trapezoid,T1,4.8,6,2,even,162.6877
48,2,A,Trapezoid,T2,4.8,1,1,odd,27.4372
48,2,A,Trapezoid,T2,4.8,2,2,even,179.6655
48,2,A,Trapezoid,T2,4.8,3,1,odd,81.0012
48,2,A,Trapezoid,T2,4.8,4,2,even,76.2732
48,2,A,Trapezoid,T2,4.8,5,2,odd,112.7553
48,2,A,Trapezoid,T2,4.8,6,1,even,67.6853
49,2,B,Square,S1,1.866666667,1,0,odd,16.7422
49,2,B,Square,S1,1.866666667,2,0,even,78.508
49,2,B,Square,S1,1.866666667,3,0,odd,60.5971
49,2,B,Square,S1,1.866666667,4,0,even,96.3291
49,2,B,Square,S1,1.866666667,5,0,odd,30.5451
49,2,B,Square,S1,1.866666667,6,0,even,27.3679
49,1,B,Square,S2,1.866666667,1,0,odd,57.7296
49,1,B,Square,S2,1.866666667,2,0,even,39.7367
49,1,B,Square,S2,1.866666667,3,0,odd,87.4666
49,1,B,Square,S2,1.866666667,4,0,even,58.6933
49,1,B,Square,S2,1.866666667,5,0,odd,54.517
49,1,B,Square,S2,1.866666667,6,0,even,65.356
49,4,B,Trapezoid,T1,1.866666667,1,1,odd,90.5169
49,4,B,Trapezoid,T1,1.866666667,2,2,even,25
49,4,B,Trapezoid,T1,1.866666667,3,1,odd,53.6489
49,4,B,Trapezoid,T1,1.866666667,4,2,even,39.6321
49,4,B,Trapezoid,T1,1.866666667,5,1,odd,27.5609
49,4,B,Trapezoid,T1,1.866666667,6,2,even,89.5159
49,3,B,Trapezoid,T2,1.866666667,1,1,odd,58.7435
49,3,B,Trapezoid,T2,1.866666667,2,2,even,107.6569
49,3,B,Trapezoid,T2,1.866666667,3,1,odd,22.3697
49,3,B,Trapezoid,T2,1.866666667,4,2,even,62.0073
49,3,B,Trapezoid,T2,1.866666667,5,1,odd,57.7426
49,3,B,Trapezoid,T2,1.866666667,6,2,even,106.8663
50,1,A,Square,S1,5.2,1,0,odd,25.3697
50,1,A,Square,S1,5.2,2,0,even,239.8274
50,1,A,Square,S1,5.2,3,0,odd,132.6884
50,1,A,Square,S1,5.2,4,0,even,109.5815
50,1,A,Square,S1,5.2,5,0,odd,19.5628
50,1,A,Square,S1,5.2,6,0,even,39.0833
50,4,A,Square,S2,5.2,1,0,odd,94.6229
50,4,A,Square,S2,5.2,2,0,even,79.91
50,4,A,Square,S2,5.2,3,0,odd,53.768
50,4,A,Square,S2,5.2,4,0,even,53.9027
50,4,A,Square,S2,5.2,5,0,odd,32.0282
50,4,A,Square,S2,5.2,6,0,even,43.344
50,2,A,Trapezoid,T1,5.2,1,1,odd,60.8465
50,2,A,Trapezoid,T1,5.2,2,2,even,61.0295
50,2,A,Trapezoid,T1,5.2,3,1,odd,7.6748
50,2,A,Trapezoid,T1,5.2,4,2,even,120.9364
50,2,A,Trapezoid,T1,5.2,5,1,odd,51.5704
50,2,A,Trapezoid,T1,5.2,6,2,even,105.762
50,3,A,Trapezoid,T2,5.2,1,1,odd,100.8677
50,3,A,Trapezoid,T2,5.2,2,2,even,50.2156
50,3,A,Trapezoid,T2,5.2,3,1,odd,65.0485
50,3,A,Trapezoid,T2,5.2,4,2,even,30.153
50,3,A,Trapezoid,T2,5.2,5,2,odd,12.254
50,3,A,Trapezoid,T2,5.2,6,1,even,46.8402
51,4,B,Square,S1,2.4,1,0,odd,84.6475
51,4,B,Square,S1,2.4,2,0,even,157.2473
51,4,B,Square,S1,2.4,3,0,odd,126.05
51,4,B,Square,S1,2.4,4,0,even,63.5815
51,4,B,Square,S1,2.4,5,0,odd,188.0875
51,4,B,Square,S1,2.4,6,0,even,46.2202
51,3,B,Square,S2,2.4,1,0,odd,124.327
51,3,B,Square,S2,2.4,2,0,even,113.4068
51,3,B,Square,S2,2.4,3,0,odd,62.8315
51,3,B,Square,S2,2.4,4,0,even,32.8771
51,3,B,Square,S2,2.4,5,0,odd,74.2644
51,3,B,Square,S2,2.4,6,0,even,118.1177
51,2,B,Trapezoid,T2,2.4,1,1,odd,37.1659
51,2,B,Trapezoid,T2,2.4,2,2,even,57.2923
51,2,B,Trapezoid,T2,2.4,3,1,odd,87.0092
51,2,B,Trapezoid,T2,2.4,4,2,even,37.1659
51,2,B,Trapezoid,T2,2.4,5,1,odd,64.3087
51,2,B,Trapezoid,T2,2.4,6,2,even,70.2204
53,4,B,Square,S1,3.533333333,1,0,odd,11.0092
53,4,B,Square,S1,3.533333333,2,0,even,20.065
53,4,B,Square,S1,3.533333333,3,0,odd,68.5354
53,4,B,Square,S1,3.533333333,4,0,even,78.5557
53,4,B,Square,S1,3.533333333,5,0,odd,80.568
53,4,B,Square,S1,3.533333333,6,0,even,34.4906
53,3,B,Square,S2,3.533333333,1,0,odd,2.2809
53,3,B,Square,S2,3.533333333,2,0,even,96.7611
53,3,B,Square,S2,3.533333333,3,0,odd,76.2476
53,3,B,Square,S2,3.533333333,4,0,even,48.2214
53,3,B,Square,S2,3.533333333,5,0,odd,76.1269
53,3,B,Square,S2,3.533333333,6,0,even,85.6359
53,1,B,Trapezoid,T1,3.533333333,1,1,odd,49.7645
53,1,B,Trapezoid,T1,3.533333333,2,2,even,76.8974
53,1,B,Trapezoid,T1,3.533333333,3,1,odd,73.0712
53,1,B,Trapezoid,T1,3.533333333,4,2,even,77.0318
53,1,B,Trapezoid,T1,3.533333333,5,1,odd,15.0832
53,1,B,Trapezoid,T1,3.533333333,6,2,even,101.8828
53,2,B,Trapezoid,T2,3.533333333,1,1,odd,40.3101
53,2,B,Trapezoid,T2,3.533333333,2,2,even,114.8974
53,2,B,Trapezoid,T2,3.533333333,3,1,odd,7.1835
53,2,B,Trapezoid,T2,3.533333333,4,2,even,79.3562
53,2,B,Trapezoid,T2,3.533333333,5,1,odd,39.9763
53,2,B,Trapezoid,T2,3.533333333,6,2,even,77.9237
54,3,A,Square,S1,5.4,1,0,odd,150.2023
54,3,A,Square,S1,5.4,2,0,even,23.7866
54,3,A,Square,S1,5.4,3,0,odd,120.0862
54,3,A,Square,S1,5.4,4,0,even,105.8707
54,3,A,Square,S1,5.4,5,0,odd,84.3457
54,3,A,Square,S1,5.4,6,0,even,76.2896
54,4,A,Square,S2,5.4,1,0,odd,104.4414
54,4,A,Square,S2,5.4,2,0,even,57.5978
54,4,A,Square,S2,5.4,3,0,odd,101.5495
54,4,A,Square,S2,5.4,4,0,even,28
54,4,A,Square,S2,5.4,5,0,odd,52.588
54,4,A,Square,S2,5.4,6,0,even,90.5384
54,1,A,Trapezoid,T1,5.4,1,1,odd,73.8884
54,1,A,Trapezoid,T1,5.4,2,2,even,110.1985
54,1,A,Trapezoid,T1,5.4,3,1,odd,12.0126
54,1,A,Trapezoid,T1,5.4,4,2,even,34.6814
54,1,A,Trapezoid,T1,5.4,5,1,odd,40.1348
54,1,A,Trapezoid,T1,5.4,6,2,even,30.9565
54,2,A,Trapezoid,T2,5.4,1,1,odd,6.4809
54,2,A,Trapezoid,T2,5.4,2,2,even,33.7876
54,2,A,Trapezoid,T2,5.4,3,1,odd,85.4049
54,2,A,Trapezoid,T2,5.4,4,2,even,28.3285
54,2,A,Trapezoid,T2,5.4,5,2,odd,72.5104
54,2,A,Trapezoid,T2,5.4,6,1,even,59.965
55,4,B,Square,S1,4.266666667,1,0,odd,37.2948
55,4,B,Square,S1,4.266666667,2,0,even,173.6534
55,4,B,Square,S1,4.266666667,3,0,odd,263.3186
55,4,B,Square,S1,4.266666667,4,0,even,171.7195
55,4,B,Square,S1,4.266666667,5,0,odd,343.1848
55,4,B,Square,S1,4.266666667,6,0,even,318.9265
55,3,B,Square,S2,4.266666667,1,0,odd,25.4205
55,3,B,Square,S2,4.266666667,2,0,even,72.753
55,3,B,Square,S2,4.266666667,3,0,odd,116.0698
55,3,B,Square,S2,4.266666667,4,0,even,208.0216
55,3,B,Square,S2,4.266666667,5,0,odd,48.5706
55,3,B,Square,S2,4.266666667,6,0,even,152.0684
55,2,B,Trapezoid,T1,4.266666667,1,1,odd,334.4954
55,2,B,Trapezoid,T1,4.266666667,2,2,even,331.1781
55,2,B,Trapezoid,T1,4.266666667,3,1,odd,60.7931
55,2,B,Trapezoid,T1,4.266666667,4,2,even,451.4212
55,2,B,Trapezoid,T1,4.266666667,5,1,odd,71.4654
55,2,B,Trapezoid,T1,4.266666667,6,2,even,237.7284
55,1,B,Trapezoid,T2,4.266666667,1,1,odd,538.133
55,1,B,Trapezoid,T2,4.266666667,2,2,even,88.3437
55,1,B,Trapezoid,T2,4.266666667,3,1,odd,115.6352
55,1,B,Trapezoid,T2,4.266666667,4,2,even,481.0732
55,1,B,Trapezoid,T2,4.266666667,5,1,odd,13.2929
55,1,B,Trapezoid,T2,4.266666667,6,2,even,38.9731
56,3,A,Square,S1,4.066666667,1,0,odd,13.2636
56,3,A,Square,S1,4.066666667,2,0,even,25.1397
56,3,A,Square,S1,4.066666667,3,0,odd,66.2337
56,3,A,Square,S1,4.066666667,4,0,even,45.4225
56,3,A,Square,S1,4.066666667,5,0,odd,49.0408
56,3,A,Square,S1,4.066666667,6,0,even,5.3668
56,4,A,Square,S2,4.066666667,1,0,odd,101.0297
56,4,A,Square,S2,4.066666667,2,0,even,108.0685
56,4,A,Square,S2,4.066666667,3,0,odd,131.8071
56,4,A,Square,S2,4.066666667,4,0,even,69
56,4,A,Square,S2,4.066666667,5,0,odd,26.4311
56,4,A,Square,S2,4.066666667,6,0,even,84.3961
56,1,A,Trapezoid,T1,4.066666667,1,1,odd,42.132
56,1,A,Trapezoid,T1,4.066666667,2,2,even,222.0962
56,1,A,Trapezoid,T1,4.066666667,3,1,odd,26.5933
56,1,A,Trapezoid,T1,4.066666667,4,2,even,156.7945
56,1,A,Trapezoid,T1,4.066666667,5,1,odd,52.531
56,1,A,Trapezoid,T1,4.066666667,6,2,even,191.2574
56,2,A,Trapezoid,T2,4.066666667,1,1,odd,18.2182
56,2,A,Trapezoid,T2,4.066666667,2,2,even,279.8192
56,2,A,Trapezoid,T2,4.066666667,3,1,odd,102.6056
56,2,A,Trapezoid,T2,4.066666667,4,2,even,130.6247
56,2,A,Trapezoid,T2,4.066666667,5,2,odd,123.853
56,2,A,Trapezoid,T2,4.066666667,6,1,even,90.3261
57,4,B,Square,S1,5.6,1,0,odd,33.0787
57,4,B,Square,S1,5.6,2,0,even,52.2953
57,4,B,Square,S1,5.6,3,0,odd,21.2651
57,4,B,Square,S1,5.6,4,0,even,62.6865
57,4,B,Square,S1,5.6,5,0,odd,95.6337
57,4,B,Square,S1,5.6,6,0,even,81.4561
57,3,B,Square,S2,5.6,1,0,odd,68.2906
57,3,B,Square,S2,5.6,2,0,even,50.631
57,3,B,Square,S2,5.6,3,0,odd,48.0573
57,3,B,Square,S2,5.6,4,0,even,46.9862
57,3,B,Square,S2,5.6,5,0,odd,22.2329
57,3,B,Square,S2,5.6,6,0,even,38.9449
57,1,B,Trapezoid,T1,5.6,1,1,odd,183.3082
57,1,B,Trapezoid,T1,5.6,2,2,even,377.5348
57,1,B,Trapezoid,T1,5.6,3,1,odd,295.2372
57,1,B,Trapezoid,T1,5.6,4,2,even,499.1769
57,1,B,Trapezoid,T1,5.6,5,1,odd,77.2004
57,1,B,Trapezoid,T1,5.6,6,2,even,568.6945
57,2,B,Trapezoid,T2,5.6,1,1,odd,234.6267
57,2,B,Trapezoid,T2,5.6,2,2,even,479.9409
57,2,B,Trapezoid,T2,5.6,3,1,odd,30.5844
57,2,B,Trapezoid,T2,5.6,4,2,even,573.4704
57,2,B,Trapezoid,T2,5.6,5,1,odd,182.2331
57,2,B,Trapezoid,T2,5.6,6,2,even,370.0222
58,3,A,Square,S1,4.333333333,1,0,odd,148.4912
58,3,A,Square,S1,4.333333333,2,0,even,15.55
58,3,A,Square,S1,4.333333333,3,0,odd,161.7436
58,3,A,Square,S1,4.333333333,4,0,even,102.9694
58,3,A,Square,S1,4.333333333,5,0,odd,93.6542
58,3,A,Square,S1,4.333333333,6,0,even,60.8227
58,2,A,Square,S2,4.333333333,1,0,odd,64.0929
58,2,A,Square,S2,4.333333333,2,0,even,55.0954
58,2,A,Square,S2,4.333333333,3,0,odd,126.2628
58,2,A,Square,S2,4.333333333,4,0,even,55.2612
58,2,A,Square,S2,4.333333333,5,0,odd,62.1104
58,2,A,Square,S2,4.333333333,6,0,even,111.1796
58,1,A,Trapezoid,T1,4.333333333,1,1,odd,49.3356
58,1,A,Trapezoid,T1,4.333333333,2,2,even,85.6779
58,1,A,Trapezoid,T1,4.333333333,3,1,odd,11.6749
58,1,A,Trapezoid,T1,4.333333333,4,2,even,79.3165
58,1,A,Trapezoid,T1,4.333333333,5,1,odd,45.6257
58,1,A,Trapezoid,T1,4.333333333,6,2,even,103.7907
58,4,A,Trapezoid,T2,4.333333333,1,1,odd,67.1297
58,4,A,Trapezoid,T2,4.333333333,2,2,even,115.9517
58,4,A,Trapezoid,T2,4.333333333,3,1,odd,48.4025
58,4,A,Trapezoid,T2,4.333333333,4,2,even,24.4725
58,4,A,Trapezoid,T2,4.333333333,5,2,odd,14.0911
58,4,A,Trapezoid,T2,4.333333333,6,1,even,45.1077
59,2,B,Square,S1,5.133333333,1,0,odd,9.5866
59,2,B,Square,S1,5.133333333,2,0,even,30.2953
59,2,B,Square,S1,5.133333333,3,0,odd,69.4428
59,2,B,Square,S1,5.133333333,4,0,even,47.9834
59,2,B,Square,S1,5.133333333,5,0,odd,39.9875
59,2,B,Square,S1,5.133333333,6,0,even,57.1691
59,1,B,Square,S2,5.133333333,1,0,odd,14.8291
59,1,B,Square,S2,5.133333333,2,0,even,55.9902
59,1,B,Square,S2,5.133333333,3,0,odd,36.187
59,1,B,Square,S2,5.133333333,4,0,even,21.2933
59,1,B,Square,S2,5.133333333,5,0,odd,48.051
59,1,B,Square,S2,5.133333333,6,0,even,46.1465
59,3,B,Trapezoid,T1,5.133333333,1,1,odd,11.3535
59,3,B,Trapezoid,T1,5.133333333,2,2,even,66.0084
59,3,B,Trapezoid,T1,5.133333333,3,1,odd,35.9138
59,3,B,Trapezoid,T1,5.133333333,4,2,even,78.1742
59,3,B,Trapezoid,T1,5.133333333,5,1,odd,37.5952
59,3,B,Trapezoid,T1,5.133333333,6,2,even,134.0951
59,4,B,Trapezoid,T2,5.133333333,1,1,odd,21.069
59,4,B,Trapezoid,T2,5.133333333,2,2,even,136.5742
59,4,B,Trapezoid,T2,5.133333333,3,1,odd,28.681
59,4,B,Trapezoid,T2,5.133333333,4,2,even,131.4854
59,4,B,Trapezoid,T2,5.133333333,5,1,odd,59.1042
59,4,B,Trapezoid,T2,5.133333333,6,2,even,146.0438
60,3,A,Square,S1,3.6,1,0,odd,155.0004
60,3,A,Square,S1,3.6,2,0,even,27.3697
60,3,A,Square,S1,3.6,3,0,odd,38.45
60,3,A,Square,S1,3.6,4,0,even,34.7319
60,3,A,Square,S1,3.6,5,0,odd,12.223
60,3,A,Square,S1,3.6,6,0,even,39.9312
60,2,A,Square,S2,3.6,1,0,odd,25.1854
60,2,A,Square,S2,3.6,2,0,even,43.0488
60,2,A,Square,S2,3.6,3,0,odd,83.6911
60,2,A,Square,S2,3.6,4,0,even,26.1305
60,2,A,Square,S2,3.6,5,0,odd,105.5135
60,2,A,Square,S2,3.6,6,0,even,66.3627
60,1,A,Trapezoid,T1,3.6,1,1,odd,154.2265
60,1,A,Trapezoid,T1,3.6,2,2,even,60.1706
60,1,A,Trapezoid,T1,3.6,3,1,odd,73.0069
60,1,A,Trapezoid,T1,3.6,4,2,even,79.2994
60,1,A,Trapezoid,T1,3.6,5,1,odd,66.4161
60,1,A,Trapezoid,T1,3.6,6,2,even,126.6724
61,3,B,Square,S2,4,1,0,odd,39.2441
61,3,B,Square,S2,4,2,0,even,37.0527
61,3,B,Square,S2,4,3,0,odd,89.5461
61,3,B,Square,S2,4,4,0,even,49.986
61,3,B,Square,S2,4,5,0,odd,40.5241
61,3,B,Square,S2,4,6,0,even,86.1754
61,2,B,Trapezoid,T1,4,1,1,odd,65.5401
61,2,B,Trapezoid,T1,4,2,2,even,21.6749
61,2,B,Trapezoid,T1,4,3,1,odd,40.05
61,2,B,Trapezoid,T1,4,4,2,even,31.8575
61,2,B,Trapezoid,T1,4,5,1,odd,59.083
61,2,B,Trapezoid,T1,4,6,2,even,100.9277
61,1,B,Trapezoid,T2,4,1,1,odd,318.9638
61,1,B,Trapezoid,T2,4,2,2,even,281.905
61,1,B,Trapezoid,T2,4,3,1,odd,33.3392
61,1,B,Trapezoid,T2,4,4,2,even,547.5394
61,1,B,Trapezoid,T2,4,5,1,odd,54.6398
61,1,B,Trapezoid,T2,4,6,2,even,132.801
62,1,A,Square,S1,5.466666667,1,0,odd,69.1565
62,1,A,Square,S1,5.466666667,2,0,even,16.6344
62,1,A,Square,S1,5.466666667,3,0,odd,44.5219
62,1,A,Square,S1,5.466666667,4,0,even,53.9982
62,1,A,Square,S1,5.466666667,5,0,odd,22.6385
62,1,A,Square,S1,5.466666667,6,0,even,11.0001
62,4,A,Square,S2,5.466666667,1,0,odd,11.7219
62,4,A,Square,S2,5.466666667,2,0,even,33.9205
62,4,A,Square,S2,5.466666667,3,0,odd,81.5561
62,4,A,Square,S2,5.466666667,4,0,even,35.6062
62,4,A,Square,S2,5.466666667,5,0,odd,44.109
62,4,A,Square,S2,5.466666667,6,0,even,92.6968
62,3,A,Trapezoid,T1,5.466666667,1,1,odd,43.8452
62,3,A,Trapezoid,T1,5.466666667,2,2,even,107.0098
62,3,A,Trapezoid,T1,5.466666667,3,1,odd,27.2617
62,3,A,Trapezoid,T1,5.466666667,4,2,even,104.9271
62,3,A,Trapezoid,T1,5.466666667,5,1,odd,24.0749
62,3,A,Trapezoid,T1,5.466666667,6,2,even,117.6049
62,2,A,Trapezoid,T2,5.466666667,1,1,odd,64.4159
62,2,A,Trapezoid,T2,5.466666667,2,2,even,158.922
62,2,A,Trapezoid,T2,5.466666667,3,1,odd,95.573
62,2,A,Trapezoid,T2,5.466666667,4,2,even,90.6118
62,2,A,Trapezoid,T2,5.466666667,5,2,odd,92.9535
62,2,A,Trapezoid,T2,5.466666667,6,1,even,25.0899
63,2,B,Square,S1,2.2,1,0,odd,88.0676
63,2,B,Square,S1,2.2,2,0,even,124.0407
63,2,B,Square,S1,2.2,3,0,odd,128.6554
63,2,B,Square,S1,2.2,4,0,even,41.562
63,2,B,Square,S1,2.2,5,0,odd,21.6957
63,2,B,Square,S1,2.2,6,0,even,58.5406
63,1,B,Square,S2,2.2,1,0,odd,68.9884
63,1,B,Square,S2,2.2,2,0,even,109.1568
63,1,B,Square,S2,2.2,3,0,odd,109.7666
63,1,B,Square,S2,2.2,4,0,even,54.1683
63,1,B,Square,S2,2.2,5,0,odd,46.101
63,1,B,Square,S2,2.2,6,0,even,137.8459
63,4,B,Trapezoid,T1,2.2,1,1,odd,63.2922
63,4,B,Trapezoid,T1,2.2,2,2,even,14.0001
63,4,B,Trapezoid,T1,2.2,3,1,odd,43.8703
63,4,B,Trapezoid,T1,2.2,4,2,even,16.5319
63,4,B,Trapezoid,T1,2.2,5,1,odd,10.8445
63,4,B,Trapezoid,T1,2.2,6,2,even,63.3727
63,3,B,Trapezoid,T2,2.2,1,1,odd,44.9911
63,3,B,Trapezoid,T2,2.2,2,2,even,117.5496
63,3,B,Trapezoid,T2,2.2,3,1,odd,44.4567
63,3,B,Trapezoid,T2,2.2,4,2,even,111.2807
63,3,B,Trapezoid,T2,2.2,5,1,odd,42.768
63,3,B,Trapezoid,T2,2.2,6,2,even,109.4308
64,4,A,Square,S1,5.333333333,1,0,odd,38.3083
64,4,A,Square,S1,5.333333333,2,0,even,14.7987
64,4,A,Square,S1,5.333333333,3,0,odd,79.2805
64,4,A,Square,S1,5.333333333,4,0,even,33.0984
64,4,A,Square,S1,5.333333333,5,0,odd,50.7405
64,4,A,Square,S1,5.333333333,6,0,even,16.5742
64,2,A,Square,S2,5.333333333,1,0,odd,69.9471
64,2,A,Square,S2,5.333333333,2,0,even,27.4482
64,2,A,Square,S2,5.333333333,3,0,odd,78.688
64,2,A,Square,S2,5.333333333,4,0,even,32.9318
64,2,A,Square,S2,5.333333333,5,0,odd,10.5784
64,2,A,Square,S2,5.333333333,6,0,even,86.8833
64,1,A,Trapezoid,T1,5.333333333,1,1,odd,64.866
64,1,A,Trapezoid,T1,5.333333333,2,2,even,30.7263
64,1,A,Trapezoid,T1,5.333333333,3,1,odd,10.04
64,1,A,Trapezoid,T1,5.333333333,4,2,even,165.278
64,1,A,Trapezoid,T1,5.333333333,5,1,odd,131.9197
64,1,A,Trapezoid,T1,5.333333333,6,2,even,465.341
64,3,A,Trapezoid,T2,5.333333333,1,1,odd,31.442
64,3,A,Trapezoid,T2,5.333333333,2,2,even,182.0731
64,3,A,Trapezoid,T2,5.333333333,3,1,odd,61.1245
64,3,A,Trapezoid,T2,5.333333333,4,2,even,53.0255
64,3,A,Trapezoid,T2,5.333333333,5,2,odd,63.014
64,3,A,Trapezoid,T2,5.333333333,6,1,even,86.6735
65,1,B,Square,S1,4.857142857,1,0,odd,90.1149
65,1,B,Square,S1,4.857142857,2,0,even,204.9376
65,1,B,Square,S1,4.857142857,3,0,odd,180.9431
65,1,B,Square,S1,4.857142857,4,0,even,77.9615
65,1,B,Square,S1,4.857142857,5,0,odd,115.6162
65,1,B,Square,S1,4.857142857,6,0,even,144.8227
65,3,B,Square,S2,4.857142857,1,0,odd,76.1098
65,3,B,Square,S2,4.857142857,2,0,even,239.7949
65,3,B,Square,S2,4.857142857,3,0,odd,161.9034
65,3,B,Square,S2,4.857142857,4,0,even,39.6068
65,3,B,Square,S2,4.857142857,5,0,odd,117.1486
65,3,B,Square,S2,4.857142857,6,0,even,139.6449
65,2,B,Trapezoid,T1,4.857142857,1,1,odd,89.0915
65,2,B,Trapezoid,T1,4.857142857,2,2,even,54.2826
65,2,B,Trapezoid,T1,4.857142857,3,1,odd,139.8817
65,2,B,Trapezoid,T1,4.857142857,4,2,even,93.2052
65,2,B,Trapezoid,T1,4.857142857,5,1,odd,59.0585
65,2,B,Trapezoid,T1,4.857142857,6,2,even,185.2002
65,4,B,Trapezoid,T2,4.857142857,1,1,odd,105.5727
65,4,B,Trapezoid,T2,4.857142857,2,2,even,66.3958
65,4,B,Trapezoid,T2,4.857142857,3,1,odd,52.3985
65,4,B,Trapezoid,T2,4.857142857,4,2,even,114.2712
65,4,B,Trapezoid,T2,4.857142857,5,1,odd,51.0108
65,4,B,Trapezoid,T2,4.857142857,6,2,even,96.9118
66,2,A,Square,S1,5.2,1,0,odd,69.0661
66,2,A,Square,S1,5.2,2,0,even,34.8741
66,2,A,Square,S1,5.2,3,0,odd,119.9825
66,2,A,Square,S1,5.2,4,0,even,157.9779
66,2,A,Square,S1,5.2,5,0,odd,18.8601
66,2,A,Square,S1,5.2,6,0,even,57.396
66,4,A,Square,S2,5.2,1,0,odd,64.1202
66,4,A,Square,S2,5.2,2,0,even,83.8177
66,4,A,Square,S2,5.2,3,0,odd,74.0709
66,4,A,Square,S2,5.2,4,0,even,20.4451
66,4,A,Square,S2,5.2,5,0,odd,83.1787
66,4,A,Square,S2,5.2,6,0,even,60.6449
66,3,A,Trapezoid,T1,5.2,1,1,odd,27.7633
66,3,A,Trapezoid,T1,5.2,2,2,even,129.0407
66,3,A,Trapezoid,T1,5.2,3,1,odd,75.8103
66,3,A,Trapezoid,T1,5.2,4,2,even,103.8687
66,3,A,Trapezoid,T1,5.2,5,1,odd,123.2668
66,3,A,Trapezoid,T1,5.2,6,2,even,100.5042
66,1,A,Trapezoid,T2,5.2,1,1,odd,102.0211
66,1,A,Trapezoid,T2,5.2,2,2,even,143.5399
66,1,A,Trapezoid,T2,5.2,3,1,odd,72.1228
66,1,A,Trapezoid,T2,5.2,4,2,even,109.5733
66,1,A,Trapezoid,T2,5.2,5,2,odd,86.9733
66,1,A,Trapezoid,T2,5.2,6,1,even,56.768
67,3,B,Square,S1,4.066666667,1,0,odd,16.6133
67,3,B,Square,S1,4.066666667,2,0,even,38.5176
67,3,B,Square,S1,4.066666667,3,0,odd,38.9282
67,3,B,Square,S1,4.066666667,4,0,even,102.4305
67,3,B,Square,S1,4.066666667,5,0,odd,81.0019
67,3,B,Square,S1,4.066666667,6,0,even,93.0983
67,1,B,Square,S2,4.066666667,1,0,odd,87.3751
67,1,B,Square,S2,4.066666667,2,0,even,35
67,1,B,Square,S2,4.066666667,3,0,odd,109.6791
67,1,B,Square,S2,4.066666667,4,0,even,135.5079
67,1,B,Square,S2,4.066666667,5,0,odd,336.9257
67,1,B,Square,S2,4.066666667,6,0,even,287.5924
67,4,B,Trapezoid,T1,4.066666667,1,1,odd,80.5748
67,4,B,Trapezoid,T1,4.066666667,2,2,even,65.1452
67,4,B,Trapezoid,T1,4.066666667,3,1,odd,64.304
67,4,B,Trapezoid,T1,4.066666667,4,2,even,213.7552
67,4,B,Trapezoid,T1,4.066666667,5,1,odd,37.1201
67,4,B,Trapezoid,T1,4.066666667,6,2,even,169.5624
67,2,B,Trapezoid,T2,4.066666667,1,1,odd,58.1825
67,2,B,Trapezoid,T2,4.066666667,2,2,even,103.3731
67,2,B,Trapezoid,T2,4.066666667,3,1,odd,29.8815
67,2,B,Trapezoid,T2,4.066666667,4,2,even,56.6207
67,2,B,Trapezoid,T2,4.066666667,5,1,odd,63.3711
67,2,B,Trapezoid,T2,4.066666667,6,2,even,80.7007
68,3,A,Square,S1,4.933333333,1,0,odd,51.7342
68,3,A,Square,S1,4.933333333,2,0,even,22.3361
68,3,A,Square,S1,4.933333333,3,0,odd,61.2919
68,3,A,Square,S1,4.933333333,4,0,even,79.0962
68,3,A,Square,S1,4.933333333,5,0,odd,54.5078
68,3,A,Square,S1,4.933333333,6,0,even,8.8827
68,4,A,Square,S2,4.933333333,1,0,odd,13.6968
68,4,A,Square,S2,4.933333333,2,0,even,34.9614
68,4,A,Square,S2,4.933333333,3,0,odd,40.4525
68,4,A,Square,S2,4.933333333,4,0,even,31.6133
68,4,A,Square,S2,4.933333333,5,0,odd,39.2225
68,4,A,Square,S2,4.933333333,6,0,even,28.0215
68,2,A,Trapezoid,T1,4.933333333,1,1,odd,60.5128
68,2,A,Trapezoid,T1,4.933333333,2,2,even,123.8031
68,2,A,Trapezoid,T1,4.933333333,3,1,odd,17.1086
68,2,A,Trapezoid,T1,4.933333333,4,2,even,35.9806
68,2,A,Trapezoid,T1,4.933333333,5,1,odd,63.7056
68,2,A,Trapezoid,T1,4.933333333,6,2,even,70.423
68,1,A,Trapezoid,T2,4.933333333,1,1,odd,95.7486
68,1,A,Trapezoid,T2,4.933333333,2,2,even,42.4794
68,1,A,Trapezoid,T2,4.933333333,3,1,odd,58.3661
68,1,A,Trapezoid,T2,4.933333333,4,2,even,98.8089
68,1,A,Trapezoid,T2,4.933333333,5,2,odd,106.4498
68,1,A,Trapezoid,T2,4.933333333,6,1,even,18.8362
69,4,B,Square,S1,5.533333333,1,0,odd,9.0555
69,4,B,Square,S1,5.533333333,2,0,even,70.2033
69,4,B,Square,S1,5.533333333,3,0,odd,48.2162
69,4,B,Square,S1,5.533333333,4,0,even,43.6578
69,4,B,Square,S1,5.533333333,5,0,odd,4.2898
69,4,B,Square,S1,5.533333333,6,0,even,39.5083
69,1,B,Square,S2,5.533333333,1,0,odd,16.7153
69,1,B,Square,S2,5.533333333,2,0,even,46.2569
69,1,B,Square,S2,5.533333333,3,0,odd,30.1015
69,1,B,Square,S2,5.533333333,4,0,even,22.8671
69,1,B,Square,S2,5.533333333,5,0,odd,15.1856
69,1,B,Square,S2,5.533333333,6,0,even,63.1118
69,3,B,Trapezoid,T1,5.533333333,1,1,odd,22.1202
69,3,B,Trapezoid,T1,5.533333333,2,2,even,65.0185
69,3,B,Trapezoid,T1,5.533333333,3,1,odd,15.2775
69,3,B,Trapezoid,T1,5.533333333,4,2,even,34.3803
69,3,B,Trapezoid,T1,5.533333333,5,1,odd,31.4102
69,3,B,Trapezoid,T1,5.533333333,6,2,even,70.6223
69,2,B,Trapezoid,T2,5.533333333,1,1,odd,20.147
69,2,B,Trapezoid,T2,5.533333333,2,2,even,60
69,2,B,Trapezoid,T2,5.533333333,3,1,odd,46.9212
69,2,B,Trapezoid,T2,5.533333333,4,2,even,47.2705
69,2,B,Trapezoid,T2,5.533333333,5,1,odd,48.776
69,2,B,Trapezoid,T2,5.533333333,6,2,even,85.0077
70,1,A,Square,S1,4.571428571,1,0,odd,5.9095
70,1,A,Square,S1,4.571428571,2,0,even,36.1304
70,1,A,Square,S1,4.571428571,3,0,odd,59.0686
70,1,A,Square,S1,4.571428571,4,0,even,38.3888
70,1,A,Square,S1,4.571428571,5,0,odd,24.6415
70,1,A,Square,S1,4.571428571,6,0,even,49.7404
70,2,A,Square,S2,4.571428571,1,0,odd,27.9536
70,2,A,Square,S2,4.571428571,2,0,even,52.451
70,2,A,Square,S2,4.571428571,3,0,odd,17.3753
70,2,A,Square,S2,4.571428571,4,0,even,36.6593
70,2,A,Square,S2,4.571428571,5,0,odd,173.0173
70,2,A,Square,S2,4.571428571,6,0,even,23.2207
70,4,A,Trapezoid,T1,4.571428571,1,1,odd,60.5748
70,4,A,Trapezoid,T1,4.571428571,2,2,even,31.845
70,4,A,Trapezoid,T1,4.571428571,3,1,odd,140.0532
70,4,A,Trapezoid,T1,4.571428571,4,2,even,136.1775
70,4,A,Trapezoid,T1,4.571428571,5,1,odd,129.0093
70,4,A,Trapezoid,T1,4.571428571,6,2,even,71.2166
70,3,A,Trapezoid,T2,4.571428571,1,1,odd,82.7013
70,3,A,Trapezoid,T2,4.571428571,2,2,even,28.0357
70,3,A,Trapezoid,T2,4.571428571,3,1,odd,72.5913
70,3,A,Trapezoid,T2,4.571428571,4,2,even,58.5944
70,3,A,Trapezoid,T2,4.571428571,5,2,odd,52.6361
70,3,A,Trapezoid,T2,4.571428571,6,1,even,47.2853
71,2,B,Square,S1,5.466666667,1,0,odd,54.583
71,2,B,Square,S1,5.466666667,2,0,even,100.0475
71,2,B,Square,S1,5.466666667,3,0,odd,153.0196
71,2,B,Square,S1,5.466666667,4,0,even,55.5473
71,2,B,Square,S1,5.466666667,5,0,odd,29.0758
71,2,B,Square,S1,5.466666667,6,0,even,111.541
71,3,B,Square,S2,5.466666667,1,0,odd,97.1499
71,3,B,Square,S2,5.466666667,2,0,even,36.9743
71,3,B,Square,S2,5.466666667,3,0,odd,89.1718
71,3,B,Square,S2,5.466666667,4,0,even,88.4783
71,3,B,Square,S2,5.466666667,5,0,odd,57.3472
71,3,B,Square,S2,5.466666667,6,0,even,97.5628
71,1,B,Trapezoid,T1,5.466666667,1,1,odd,401.2606
71,1,B,Trapezoid,T1,5.466666667,2,2,even,334.8019
71,1,B,Trapezoid,T1,5.466666667,3,1,odd,240.6248
71,1,B,Trapezoid,T1,5.466666667,4,2,even,444.2605
71,1,B,Trapezoid,T1,5.466666667,5,1,odd,398.513
71,1,B,Trapezoid,T1,5.466666667,6,2,even,408.5997
71,4,B,Trapezoid,T2,5.466666667,1,1,odd,25.2112
71,4,B,Trapezoid,T2,5.466666667,2,2,even,173.4333
71,4,B,Trapezoid,T2,5.466666667,3,1,odd,16.5409
71,4,B,Trapezoid,T2,5.466666667,4,2,even,108.0042
71,4,B,Trapezoid,T2,5.466666667,5,1,odd,57.2503
71,4,B,Trapezoid,T2,5.466666667,6,2,even,36.6484
72,2,A,Square,S1,4.333333333,1,0,odd,20.6088
72,2,A,Square,S1,4.333333333,2,0,even,64.276
72,2,A,Square,S1,4.333333333,3,0,odd,104.4112
72,2,A,Square,S1,4.333333333,4,0,even,59.1388
72,2,A,Square,S1,4.333333333,5,0,odd,91.2447
72,2,A,Square,S1,4.333333333,6,0,even,59.0712
72,1,A,Square,S2,4.333333333,1,0,odd,113.3667
72,1,A,Square,S2,4.333333333,2,0,even,91.7322
72,1,A,Square,S2,4.333333333,3,0,odd,130.9103
72,1,A,Square,S2,4.333333333,4,0,even,17.7821
72,1,A,Square,S2,4.333333333,5,0,odd,150.0143
72,1,A,Square,S2,4.333333333,6,0,even,206.1868
72,4,A,Trapezoid,T1,4.333333333,1,1,odd,32.3729
72,4,A,Trapezoid,T1,4.333333333,2,2,even,49.1956
72,4,A,Trapezoid,T1,4.333333333,3,1,odd,26.8403
72,4,A,Trapezoid,T1,4.333333333,4,2,even,42.4264
72,4,A,Trapezoid,T1,4.333333333,5,1,odd,37.6975
72,4,A,Trapezoid,T1,4.333333333,6,2,even,24.1019
72,3,A,Trapezoid,T2,4.333333333,1,1,odd,9.2034
72,3,A,Trapezoid,T2,4.333333333,2,2,even,58.4474
72,3,A,Trapezoid,T2,4.333333333,3,1,odd,19.8571
72,3,A,Trapezoid,T2,4.333333333,4,2,even,66.5515
72,3,A,Trapezoid,T2,4.333333333,5,2,odd,48.5341
72,3,A,Trapezoid,T2,4.333333333,6,1,even,60.8465
73,3,B,Square,S1,4.6,1,0,odd,88.9579
73,3,B,Square,S1,4.6,2,0,even,299.8675
73,3,B,Square,S1,4.6,3,0,odd,261.3798
73,3,B,Square,S1,4.6,4,0,even,88.4132
73,3,B,Square,S1,4.6,5,0,odd,433.7888
73,3,B,Square,S1,4.6,6,0,even,480.7922
73,2,B,Square,S2,4.6,1,0,odd,112.8282
73,2,B,Square,S2,4.6,2,0,even,251.2429
73,2,B,Square,S2,4.6,3,0,odd,294.8723
73,2,B,Square,S2,4.6,4,0,even,458.3456
73,2,B,Square,S2,4.6,5,0,odd,243.2554
73,2,B,Square,S2,4.6,6,0,even,437.1433
73,1,B,Trapezoid,T1,4.6,1,1,odd,269.6665
73,1,B,Trapezoid,T1,4.6,2,2,even,102.0804
73,1,B,Trapezoid,T1,4.6,3,1,odd,221.0204
73,1,B,Trapezoid,T1,4.6,4,2,even,456.4879
73,1,B,Trapezoid,T1,4.6,5,1,odd,269.948
73,1,B,Trapezoid,T1,4.6,6,2,even,357.1122
73,4,B,Trapezoid,T2,4.6,1,1,odd,329.1696
73,4,B,Trapezoid,T2,4.6,2,2,even,311.8395
73,4,B,Trapezoid,T2,4.6,3,1,odd,102.3763
73,4,B,Trapezoid,T2,4.6,4,2,even,471.8439
73,4,B,Trapezoid,T2,4.6,5,1,odd,9.9701
73,4,B,Trapezoid,T2,4.6,6,2,even,158.9701
74,4,A,Square,S1,4.733333333,1,0,odd,164.691
74,4,A,Square,S1,4.733333333,2,0,even,33.0818
74,4,A,Square,S1,4.733333333,3,0,odd,98.9187
74,4,A,Square,S1,4.733333333,4,0,even,99.3434
74,4,A,Square,S1,4.733333333,5,0,odd,65.32
74,4,A,Square,S1,4.733333333,6,0,even,29.7322
74,3,A,Square,S2,4.733333333,1,0,odd,156.6678
74,3,A,Square,S2,4.733333333,2,0,even,37.7624
74,3,A,Square,S2,4.733333333,3,0,odd,129.6125
74,3,A,Square,S2,4.733333333,4,0,even,46.0424
74,3,A,Square,S2,4.733333333,5,0,odd,57.9241
74,3,A,Square,S2,4.733333333,6,0,even,34.7059
74,2,A,Trapezoid,T1,4.733333333,1,1,odd,59.6565
74,2,A,Trapezoid,T1,4.733333333,2,2,even,155.8535
74,2,A,Trapezoid,T1,4.733333333,3,1,odd,34.434
74,2,A,Trapezoid,T1,4.733333333,4,2,even,101.0901
74,2,A,Trapezoid,T1,4.733333333,5,1,odd,80.9265
74,2,A,Trapezoid,T1,4.733333333,6,2,even,97.1653
74,1,A,Trapezoid,T2,4.733333333,1,1,odd,53.688
74,1,A,Trapezoid,T2,4.733333333,2,2,even,24.0749
74,1,A,Trapezoid,T2,4.733333333,3,1,odd,119.424
74,1,A,Trapezoid,T2,4.733333333,4,2,even,99.8153
74,1,A,Trapezoid,T2,4.733333333,5,2,odd,144.8853
74,1,A,Trapezoid,T2,4.733333333,6,1,even,59.0602
75,1,B,Square,S1,4.466666667,1,0,odd,24.5785
75,1,B,Square,S1,4.466666667,2,0,even,63.2432
75,1,B,Square,S1,4.466666667,3,0,odd,91.5484
75,1,B,Square,S1,4.466666667,4,0,even,151.2501
75,1,B,Square,S1,4.466666667,5,0,odd,11.55
75,1,B,Square,S1,4.466666667,6,0,even,88.7902
75,4,B,Square,S2,4.466666667,1,0,odd,16.4318
75,4,B,Square,S2,4.466666667,2,0,even,169.1074
75,4,B,Square,S2,4.466666667,3,0,odd,153.5559
75,4,B,Square,S2,4.466666667,4,0,even,29.1342
75,4,B,Square,S2,4.466666667,5,0,odd,68.6061
75,4,B,Square,S2,4.466666667,6,0,even,192.1328
75,3,B,Trapezoid,T1,4.466666667,1,1,odd,26.9407
75,3,B,Trapezoid,T1,4.466666667,2,2,even,79.29
75,3,B,Trapezoid,T1,4.466666667,3,1,odd,42.4194
75,3,B,Trapezoid,T1,4.466666667,4,2,even,52.9736
75,3,B,Trapezoid,T1,4.466666667,5,1,odd,23.3496
75,3,B,Trapezoid,T1,4.466666667,6,2,even,29.1685
75,2,B,Trapezoid,T2,4.466666667,1,1,odd,29.4772
75,2,B,Trapezoid,T2,4.466666667,2,2,even,28.05
75,2,B,Trapezoid,T2,4.466666667,3,1,odd,24.97
75,2,B,Trapezoid,T2,4.466666667,4,2,even,68.8549
75,2,B,Trapezoid,T2,4.466666667,5,1,odd,34.2535
75,2,B,Trapezoid,T2,4.466666667,6,2,even,97.1247
76,3,A,Square,S1,2,1,0,odd,74.3944
76,3,A,Square,S1,2,2,0,even,23.8873
76,3,A,Square,S1,2,3,0,odd,74.8185
76,3,A,Square,S1,2,4,0,even,41.1449
76,3,A,Square,S1,2,5,0,odd,62.5252
76,3,A,Square,S1,2,6,0,even,79.8399
76,4,A,Square,S2,2,1,0,odd,16.6554
76,4,A,Square,S2,2,2,0,even,67.1647
76,4,A,Square,S2,2,3,0,odd,31.504
76,4,A,Square,S2,2,4,0,even,59.2546
76,4,A,Square,S2,2,5,0,odd,36.0528
76,4,A,Square,S2,2,6,0,even,22.1202
76,1,A,Trapezoid,T1,2,1,1,odd,67.6232
76,1,A,Trapezoid,T1,2,2,2,even,96.1499
76,1,A,Trapezoid,T1,2,3,1,odd,34.9572
76,1,A,Trapezoid,T1,2,4,2,even,28.107
76,1,A,Trapezoid,T1,2,5,1,odd,30.3282
76,1,A,Trapezoid,T1,2,6,2,even,57.4587
76,2,A,Trapezoid,T2,2,1,1,odd,7.6748
76,2,A,Trapezoid,T2,2,2,2,even,61.3401
76,2,A,Trapezoid,T2,2,3,1,odd,77.6338
76,2,A,Trapezoid,T2,2,4,2,even,88.172
76,2,A,Trapezoid,T2,2,5,2,odd,136.6154
76,2,A,Trapezoid,T2,2,6,1,even,38.2074
77,1,A,Square,S1,4.533333333,1,0,odd,33.6634
77,1,A,Square,S1,4.533333333,2,0,even,19.3107
77,1,A,Square,S1,4.533333333,3,0,odd,39.2199
77,1,A,Square,S1,4.533333333,4,0,even,60.5913
77,1,A,Square,S1,4.533333333,5,0,odd,47.9834
77,1,A,Square,S1,4.533333333,6,0,even,68.6302
77,4,A,Square,S2,4.533333333,1,0,odd,84.5364
77,4,A,Square,S2,4.533333333,2,0,even,41.2868
77,4,A,Square,S2,4.533333333,3,0,odd,19.652
77,4,A,Square,S2,4.533333333,4,0,even,44.0262
77,4,A,Square,S2,4.533333333,5,0,odd,9.45
77,4,A,Square,S2,4.533333333,6,0,even,66.8267
77,3,A,Trapezoid,T1,4.533333333,1,1,odd,76.896
77,3,A,Trapezoid,T1,4.533333333,2,2,even,79.0898
77,3,A,Trapezoid,T1,4.533333333,3,1,odd,37.1699
77,3,A,Trapezoid,T1,4.533333333,4,2,even,51.734
77,3,A,Trapezoid,T1,4.533333333,5,1,odd,22.0046
77,3,A,Trapezoid,T1,4.533333333,6,2,even,75.1525
77,2,A,Trapezoid,T2,4.533333333,1,1,odd,76.144
77,2,A,Trapezoid,T2,4.533333333,2,2,even,94.2003
77,2,A,Trapezoid,T2,4.533333333,3,1,odd,72.8807
77,2,A,Trapezoid,T2,4.533333333,4,2,even,111.3212
77,2,A,Trapezoid,T2,4.533333333,5,2,odd,108.0951
77,2,A,Trapezoid,T2,4.533333333,6,1,even,28.0197
