ID,Order,Path_Version,Shape,Environment,SOD,Object,Old NarWide,EvenOdd,ObjectSME,NarWide
1,4,A,Square,S1,4.933333333,1,0,odd,43.65,0
1,4,A,Square,S1,4.933333333,2,0,even,35.3158,0
1,4,A,Square,S1,4.933333333,3,0,odd,14.0072,0
1,4,A,Square,S1,4.933333333,5,0,odd,19.8268,0
1,4,A,Square,S1,4.933333333,6,0,even,4.6478,0
1,2,A,Square,S2,4.933333333,1,0,odd,129.1662,0
1,2,A,Square,S2,4.933333333,2,0,even,23.7487,0
1,2,A,Square,S2,4.933333333,3,0,odd,116.1249,0
1,2,A,Square,S2,4.933333333,4,0,even,56.2228,0
1,2,A,Square,S2,4.933333333,5,0,odd,24.0749,0
1,3,A,Trapezoid,T1,4.933333333,1,1,odd,74.8485,Wide
1,3,A,Trapezoid,T1,4.933333333,2,2,even,69.5435,Narow
1,3,A,Trapezoid,T1,4.933333333,3,1,odd,14.1775,Wide
1,3,A,Trapezoid,T1,4.933333333,4,2,even,87.2955,Narow
1,3,A,Trapezoid,T1,4.933333333,5,1,odd,26.3762,Wide
1,3,A,Trapezoid,T1,4.933333333,6,2,even,86.2844,Narow
1,1,A,Trapezoid,T2,4.933333333,1,1,odd,66.8401,Wide
1,1,A,Trapezoid,T2,4.933333333,2,2,even,74.4923,Narow
1,1,A,Trapezoid,T2,4.933333333,3,1,odd,18.9658,Wide
1,1,A,Trapezoid,T2,4.933333333,4,2,even,93.659,Narow
1,1,A,Trapezoid,T2,4.933333333,5,2,odd,85.8438,Narow
1,1,A,Trapezoid,T2,4.933333333,6,1,even,25.0002,Wide
2,1,A,Square,S1,2.6,1,0,odd,34.7077,0
2,1,A,Square,S1,2.6,2,0,even,14.819,0
2,1,A,Square,S1,2.6,3,0,odd,167.0332,0
2,1,A,Square,S1,2.6,5,0,odd,113.5835,0
2,1,A,Square,S1,2.6,6,0,even,62.1547,0
2,3,A,Square,S2,2.6,1,0,odd,48.7689,0
2,3,A,Square,S2,2.6,2,0,even,40,0
2,3,A,Square,S2,2.6,3,0,odd,447.4465,0
2,3,A,Square,S2,2.6,4,0,even,367.4165,0
2,3,A,Square,S2,2.6,5,0,odd,230.6803,0
2,4,A,Trapezoid,T1,2.6,1,1,odd,66.6393,Wide
2,4,A,Trapezoid,T1,2.6,2,2,even,66.3973,Narow
2,4,A,Trapezoid,T1,2.6,3,1,odd,48.0625,Wide
2,4,A,Trapezoid,T1,2.6,4,2,even,161.5624,Narow
2,4,A,Trapezoid,T1,2.6,5,1,odd,117.1785,Wide
2,4,A,Trapezoid,T1,2.6,6,2,even,162.5518,Narow
2,2,A,Trapezoid,T2,2.6,1,1,odd,53.7243,Wide
2,2,A,Trapezoid,T2,2.6,2,2,even,136.387,Narow
2,2,A,Trapezoid,T2,2.6,3,1,odd,100.7135,Wide
2,2,A,Trapezoid,T2,2.6,4,2,even,33.0364,Narow
2,2,A,Trapezoid,T2,2.6,5,2,odd,40.6074,Narow
2,2,A,Trapezoid,T2,2.6,6,1,even,96.6913,Wide
3,2,A,Square,S1,5.266666667,1,0,odd,60.0135,0
3,2,A,Square,S1,5.266666667,2,0,even,27.5446,0
3,2,A,Square,S1,5.266666667,3,0,odd,99.162,0
3,2,A,Square,S1,5.266666667,5,0,odd,88.5048,0
3,2,A,Square,S1,5.266666667,6,0,even,52.7437,0
3,4,A,Square,S2,5.266666667,1,0,odd,17.883,0
3,4,A,Square,S2,5.266666667,2,0,even,14.5569,0
3,4,A,Square,S2,5.266666667,3,0,odd,50.7189,0
3,4,A,Square,S2,5.266666667,4,0,even,26.3951,0
3,4,A,Square,S2,5.266666667,5,0,odd,27.0389,0
3,1,A,Trapezoid,T1,5.266666667,1,1,odd,59.5743,Wide
3,1,A,Trapezoid,T1,5.266666667,2,2,even,75.3963,Narow
3,1,A,Trapezoid,T1,5.266666667,3,1,odd,281.0116,Wide
3,1,A,Trapezoid,T1,5.266666667,4,2,even,33.7447,Narow
3,1,A,Trapezoid,T1,5.266666667,5,1,odd,130.8117,Wide
3,1,A,Trapezoid,T1,5.266666667,6,2,even,416.5598,Narow
3,3,A,Trapezoid,T2,5.266666667,1,1,odd,30.2507,Wide
3,3,A,Trapezoid,T2,5.266666667,2,2,even,33.2987,Narow
3,3,A,Trapezoid,T2,5.266666667,3,1,odd,20.5524,Wide
3,3,A,Trapezoid,T2,5.266666667,4,2,even,52.1354,Narow
3,3,A,Trapezoid,T2,5.266666667,5,2,odd,40.7082,Narow
3,3,A,Trapezoid,T2,5.266666667,6,1,even,83.2827,Wide
4,3,A,Square,S1,6.2,1,0,odd,55.3861,0
4,3,A,Square,S1,6.2,2,0,even,27.1349,0
4,3,A,Square,S1,6.2,3,0,odd,62.6227,0
4,3,A,Square,S1,6.2,5,0,odd,53.847,0
4,3,A,Square,S1,6.2,6,0,even,9.3275,0
4,1,A,Square,S2,6.2,1,0,odd,31.9797,0
4,1,A,Square,S2,6.2,2,0,even,20.1197,0
4,1,A,Square,S2,6.2,3,0,odd,26.8105,0
4,1,A,Square,S2,6.2,4,0,even,24.3023,0
4,1,A,Square,S2,6.2,5,0,odd,60.7767,0
4,2,A,Trapezoid,T1,6.2,1,1,odd,63.5689,Wide
4,2,A,Trapezoid,T1,6.2,2,2,even,79.8555,Narow
4,2,A,Trapezoid,T1,6.2,3,1,odd,62.1185,Wide
4,2,A,Trapezoid,T1,6.2,4,2,even,24.5683,Narow
4,2,A,Trapezoid,T1,6.2,5,1,odd,60.0109,Wide
4,2,A,Trapezoid,T1,6.2,6,2,even,67.6144,Narow
4,4,A,Trapezoid,T2,6.2,1,1,odd,55.8892,Wide
4,4,A,Trapezoid,T2,6.2,2,2,even,14.3702,Narow
4,4,A,Trapezoid,T2,6.2,3,1,odd,20.0824,Wide
4,4,A,Trapezoid,T2,6.2,4,2,even,30.5172,Narow
4,4,A,Trapezoid,T2,6.2,5,2,odd,59.6084,Narow
4,4,A,Trapezoid,T2,6.2,6,1,even,36.1111,Wide
5,2,A,Square,S1,5.2,1,0,odd,8.6731,0
5,2,A,Square,S1,5.2,2,0,even,127.9238,0
5,2,A,Square,S1,5.2,3,0,odd,104.4155,0
5,2,A,Square,S1,5.2,5,0,odd,84.8599,0
5,2,A,Square,S1,5.2,6,0,even,124.5143,0
5,4,A,Square,S2,5.2,1,0,odd,106.6827,0
5,4,A,Square,S2,5.2,2,0,even,183.4751,0
5,4,A,Square,S2,5.2,3,0,odd,111.4787,0
5,4,A,Square,S2,5.2,4,0,even,135.3263,0
5,4,A,Square,S2,5.2,5,0,odd,123.5888,0
5,1,A,Trapezoid,T1,5.2,1,1,odd,187.2346,Wide
5,1,A,Trapezoid,T1,5.2,2,2,even,636.5569,Narow
5,1,A,Trapezoid,T1,5.2,3,1,odd,180.1269,Wide
5,1,A,Trapezoid,T1,5.2,4,2,even,513.5082,Narow
5,1,A,Trapezoid,T1,5.2,6,2,even,640.8837,Narow
5,3,A,Trapezoid,T2,5.2,1,1,odd,228.7267,Wide
5,3,A,Trapezoid,T2,5.2,2,2,even,498.8843,Narow
5,3,A,Trapezoid,T2,5.2,3,1,odd,103.6036,Wide
5,3,A,Trapezoid,T2,5.2,4,2,even,378.6686,Narow
5,3,A,Trapezoid,T2,5.2,5,2,odd,468.8549,Narow
5,3,A,Trapezoid,T2,5.2,6,1,even,222.0442,Wide
6,3,A,Square,S1,4,1,0,odd,109.2603,0
6,3,A,Square,S1,4,2,0,even,27.9679,0
6,3,A,Square,S1,4,3,0,odd,90.0861,0
6,3,A,Square,S1,4,5,0,odd,100.2946,0
6,3,A,Square,S1,4,6,0,even,170.1156,0
6,1,A,Square,S2,4,1,0,odd,69.4939,0
6,1,A,Square,S2,4,2,0,even,42.0714,0
6,1,A,Square,S2,4,3,0,odd,55.0564,0
6,1,A,Square,S2,4,4,0,even,31.531,0
6,1,A,Square,S2,4,5,0,odd,19.029,0
6,2,A,Trapezoid,T1,4,1,1,odd,62.9405,Wide
6,2,A,Trapezoid,T1,4,2,2,even,57.1104,Narow
6,2,A,Trapezoid,T1,4,3,1,odd,24.1951,Wide
6,2,A,Trapezoid,T1,4,4,2,even,116.4886,Narow
6,2,A,Trapezoid,T1,4,5,1,odd,51.8681,Wide
6,2,A,Trapezoid,T1,4,6,2,even,101.3538,Narow
6,4,A,Trapezoid,T2,4,1,1,odd,16.6884,Wide
6,4,A,Trapezoid,T2,4,2,2,even,92.816,Narow
6,4,A,Trapezoid,T2,4,3,1,odd,68.3659,Wide
6,4,A,Trapezoid,T2,4,4,2,even,59.2984,Narow
6,4,A,Trapezoid,T2,4,5,2,odd,33.701,Narow
6,4,A,Trapezoid,T2,4,6,1,even,117.5636,Wide
7,4,A,Square,S1,5.266666667,1,0,odd,96.9295,0
7,4,A,Square,S1,5.266666667,2,0,even,18.0084,0
7,4,A,Square,S1,5.266666667,3,0,odd,76.7046,0
7,4,A,Square,S1,5.266666667,5,0,odd,40.9915,0
7,4,A,Square,S1,5.266666667,6,0,even,25.9018,0
7,2,A,Square,S2,5.266666667,1,0,odd,71.6708,0
7,2,A,Square,S2,5.266666667,2,0,even,63.6027,0
7,2,A,Square,S2,5.266666667,3,0,odd,101.1455,0
7,2,A,Square,S2,5.266666667,4,0,even,53.2926,0
7,2,A,Square,S2,5.266666667,5,0,odd,80.133,0
7,3,A,Trapezoid,T1,5.266666667,1,1,odd,47.9563,Wide
7,3,A,Trapezoid,T1,5.266666667,2,2,even,36.5267,Narow
7,3,A,Trapezoid,T1,5.266666667,3,1,odd,37.8141,Wide
7,3,A,Trapezoid,T1,5.266666667,4,2,even,52.0798,Narow
7,3,A,Trapezoid,T1,5.266666667,5,1,odd,57.9241,Wide
7,3,A,Trapezoid,T1,5.266666667,6,2,even,45.9815,Narow
7,1,A,Trapezoid,T2,5.266666667,1,1,odd,41.55,Wide
7,1,A,Trapezoid,T2,5.266666667,2,2,even,96.8587,Narow
7,1,A,Trapezoid,T2,5.266666667,3,1,odd,92.6029,Wide
7,1,A,Trapezoid,T2,5.266666667,4,2,even,55.5383,Narow
7,1,A,Trapezoid,T2,5.266666667,5,2,odd,87.1112,Narow
7,1,A,Trapezoid,T2,5.266666667,6,1,even,13.327,Wide
8,3,A,Square,S2,6.266666667,1,0,odd,52.8517,0
8,3,A,Square,S2,6.266666667,2,0,even,36.1262,0
8,3,A,Square,S2,6.266666667,3,0,odd,61.5825,0
8,3,A,Square,S2,6.266666667,4,0,even,45.5401,0
8,3,A,Square,S2,6.266666667,5,0,odd,55.9437,0
8,4,A,Trapezoid,T1,6.266666667,1,1,odd,75.4109,Wide
8,4,A,Trapezoid,T1,6.266666667,2,2,even,52.2953,Narow
8,4,A,Trapezoid,T1,6.266666667,3,1,odd,10.2958,Wide
8,4,A,Trapezoid,T1,6.266666667,4,2,even,33.444,Narow
8,4,A,Trapezoid,T1,6.266666667,5,1,odd,17.5728,Wide
8,4,A,Trapezoid,T1,6.266666667,6,2,even,165.4376,Narow
8,2,A,Trapezoid,T2,6.266666667,1,1,odd,67.8823,Wide
8,2,A,Trapezoid,T2,6.266666667,2,2,even,84.2057,Narow
8,2,A,Trapezoid,T2,6.266666667,3,1,odd,15.0699,Wide
8,2,A,Trapezoid,T2,6.266666667,4,2,even,26.6083,Narow
8,2,A,Trapezoid,T2,6.266666667,5,2,odd,19.4258,Narow
8,2,A,Trapezoid,T2,6.266666667,6,1,even,3.662,Wide
9,1,A,Square,S1,4.2,1,0,odd,58.4904,0
9,1,A,Square,S1,4.2,2,0,even,5.6127,0
9,1,A,Square,S1,4.2,3,0,odd,134.6028,0
9,1,A,Square,S1,4.2,5,0,odd,104.6528,0
9,1,A,Square,S1,4.2,6,0,even,68.5726,0
9,2,A,Square,S2,4.2,1,0,odd,30.3612,0
9,2,A,Square,S2,4.2,2,0,even,84.3404,0
9,2,A,Square,S2,4.2,3,0,odd,129.2896,0
9,2,A,Square,S2,4.2,4,0,even,117.9623,0
9,2,A,Square,S2,4.2,5,0,odd,81.6389,0
9,3,A,Trapezoid,T1,4.2,1,1,odd,159.1226,Wide
9,3,A,Trapezoid,T1,4.2,2,2,even,113.961,Narow
9,3,A,Trapezoid,T1,4.2,3,1,odd,67.7097,Wide
9,3,A,Trapezoid,T1,4.2,4,2,even,131.793,Narow
9,3,A,Trapezoid,T1,4.2,5,1,odd,37.8656,Wide
9,3,A,Trapezoid,T1,4.2,6,2,even,137.0763,Narow
9,4,A,Trapezoid,T2,4.2,1,1,odd,162.3847,Wide
9,4,A,Trapezoid,T2,4.2,2,2,even,127.322,Narow
9,4,A,Trapezoid,T2,4.2,3,1,odd,27.3606,Wide
9,4,A,Trapezoid,T2,4.2,4,2,even,76.548,Narow
9,4,A,Trapezoid,T2,4.2,5,2,odd,84.6792,Narow
9,4,A,Trapezoid,T2,4.2,6,1,even,62.2287,Wide
10,2,A,Square,S1,4.6,1,0,odd,79.0691,0
10,2,A,Square,S1,4.6,2,0,even,21.0048,0
10,2,A,Square,S1,4.6,3,0,odd,34.5645,0
10,2,A,Square,S1,4.6,5,0,odd,66.6393,0
10,2,A,Square,S1,4.6,6,0,even,7.8487,0
10,3,A,Square,S2,4.6,1,0,odd,32.6436,0
10,3,A,Square,S2,4.6,2,0,even,42.0155,0
10,3,A,Square,S2,4.6,3,0,odd,37.1484,0
10,3,A,Square,S2,4.6,4,0,even,86.4107,0
10,3,A,Square,S2,4.6,5,0,odd,100.5848,0
10,4,A,Trapezoid,T1,4.6,1,1,odd,20.3544,Wide
10,4,A,Trapezoid,T1,4.6,2,2,even,41.5765,Narow
10,4,A,Trapezoid,T1,4.6,3,1,odd,44.1803,Wide
10,4,A,Trapezoid,T1,4.6,4,2,even,46.5167,Narow
10,4,A,Trapezoid,T1,4.6,5,1,odd,87.5117,Wide
10,4,A,Trapezoid,T1,4.6,6,2,even,67.5308,Narow
10,1,A,Trapezoid,T2,4.6,1,1,odd,14.9934,Wide
10,1,A,Trapezoid,T2,4.6,2,2,even,40.7419,Narow
10,1,A,Trapezoid,T2,4.6,3,1,odd,42.1498,Wide
10,1,A,Trapezoid,T2,4.6,4,2,even,30.5172,Narow
10,1,A,Trapezoid,T2,4.6,5,2,odd,37.392,Narow
10,1,A,Trapezoid,T2,4.6,6,1,even,108.0324,Wide
11,3,A,Square,S1,4.2,1,0,odd,75.8994,0
11,3,A,Square,S1,4.2,2,0,even,84.3528,0
11,3,A,Square,S1,4.2,3,0,odd,76.2745,0
11,3,A,Square,S1,4.2,5,0,odd,49.4288,0
11,3,A,Square,S1,4.2,6,0,even,126.1951,0
11,4,A,Square,S2,4.2,1,0,odd,72.3056,0
11,4,A,Square,S2,4.2,2,0,even,94.3499,0
11,4,A,Square,S2,4.2,3,0,odd,58.3138,0
11,4,A,Square,S2,4.2,4,0,even,98.8605,0
11,4,A,Square,S2,4.2,5,0,odd,70.9028,0
11,1,A,Trapezoid,T1,4.2,1,1,odd,57.1708,Wide
11,1,A,Trapezoid,T1,4.2,2,2,even,38.5163,Narow
11,1,A,Trapezoid,T1,4.2,3,1,odd,10.7379,Wide
11,1,A,Trapezoid,T1,4.2,4,2,even,31.0436,Narow
11,1,A,Trapezoid,T1,4.2,5,1,odd,51.4325,Wide
11,1,A,Trapezoid,T1,4.2,6,2,even,78.1921,Narow
11,2,A,Trapezoid,T2,4.2,1,1,odd,28.6549,Wide
11,2,A,Trapezoid,T2,4.2,2,2,even,35.0671,Narow
11,2,A,Trapezoid,T2,4.2,3,1,odd,75.3459,Wide
11,2,A,Trapezoid,T2,4.2,4,2,even,40.5611,Narow
11,2,A,Trapezoid,T2,4.2,5,2,odd,93.22,Narow
11,2,A,Trapezoid,T2,4.2,6,1,even,80.409,Wide
12,4,A,Square,S1,6.266666667,1,0,odd,41.7316,0
12,4,A,Square,S1,6.266666667,2,0,even,12.1368,0
12,4,A,Square,S1,6.266666667,3,0,odd,21.0524,0
12,4,A,Square,S1,6.266666667,5,0,odd,16.6674,0
12,4,A,Square,S1,6.266666667,6,0,even,25.393,0
12,1,A,Square,S2,6.266666667,1,0,odd,71.1456,0
12,1,A,Square,S2,6.266666667,2,0,even,13.3418,0
12,1,A,Square,S2,6.266666667,3,0,odd,15.4144,0
12,1,A,Square,S2,6.266666667,4,0,even,67.335,0
12,1,A,Square,S2,6.266666667,5,0,odd,34.0896,0
12,2,A,Trapezoid,T1,6.266666667,1,1,odd,29.6497,Wide
12,2,A,Trapezoid,T1,6.266666667,2,2,even,112.5838,Narow
12,2,A,Trapezoid,T1,6.266666667,3,1,odd,18.2812,Wide
12,2,A,Trapezoid,T1,6.266666667,4,2,even,89.4002,Narow
12,2,A,Trapezoid,T1,6.266666667,5,1,odd,33.0969,Wide
12,2,A,Trapezoid,T1,6.266666667,6,2,even,213.1854,Narow
12,3,A,Trapezoid,T2,6.266666667,1,1,odd,60.8983,Wide
12,3,A,Trapezoid,T2,6.266666667,2,2,even,128.1203,Narow
12,3,A,Trapezoid,T2,6.266666667,3,1,odd,51.2913,Wide
12,3,A,Trapezoid,T2,6.266666667,4,2,even,91.4341,Narow
12,3,A,Trapezoid,T2,6.266666667,5,2,odd,130.1213,Narow
12,3,A,Trapezoid,T2,6.266666667,6,1,even,83.0506,Wide
13,4,A,Square,S2,4.538461538,1,0,odd,228.8427,0
13,4,A,Square,S2,4.538461538,2,0,even,440.8317,0
13,4,A,Square,S2,4.538461538,3,0,odd,430.1524,0
13,4,A,Square,S2,4.538461538,4,0,even,323.7864,0
13,4,A,Square,S2,4.538461538,5,0,odd,195.2724,0
13,2,A,Trapezoid,T1,4.538461538,1,1,odd,325.1936,Wide
13,2,A,Trapezoid,T1,4.538461538,2,2,even,230.8456,Narow
13,2,A,Trapezoid,T1,4.538461538,3,1,odd,315.6994,Wide
13,2,A,Trapezoid,T1,4.538461538,4,2,even,185.1634,Narow
13,2,A,Trapezoid,T1,4.538461538,5,1,odd,272.0535,Wide
13,2,A,Trapezoid,T1,4.538461538,6,2,even,179.6666,Narow
13,3,A,Trapezoid,T2,4.538461538,1,1,odd,355.9931,Wide
13,3,A,Trapezoid,T2,4.538461538,2,2,even,376.9901,Narow
13,3,A,Trapezoid,T2,4.538461538,3,1,odd,257.0027,Wide
13,3,A,Trapezoid,T2,4.538461538,4,2,even,200.6265,Narow
13,3,A,Trapezoid,T2,4.538461538,5,2,odd,294.1309,Narow
13,3,A,Trapezoid,T2,4.538461538,6,1,even,317.9755,Wide
14,2,A,Square,S1,4.133333333,1,0,odd,143.2513,0
14,2,A,Square,S1,4.133333333,2,0,even,39.2199,0
14,2,A,Square,S1,4.133333333,3,0,odd,141.2717,0
14,2,A,Square,S1,4.133333333,5,0,odd,162.4112,0
14,2,A,Square,S1,4.133333333,6,0,even,49.5994,0
14,1,A,Square,S2,4.133333333,1,0,odd,81.9512,0
14,1,A,Square,S2,4.133333333,2,0,even,72.5148,0
14,1,A,Square,S2,4.133333333,3,0,odd,103.8947,0
14,1,A,Square,S2,4.133333333,4,0,even,51.4859,0
14,1,A,Square,S2,4.133333333,5,0,odd,37.9763,0
14,3,A,Trapezoid,T1,4.133333333,1,1,odd,97.279,Wide
14,3,A,Trapezoid,T1,4.133333333,2,2,even,118.5976,Narow
14,3,A,Trapezoid,T1,4.133333333,3,1,odd,94.083,Wide
14,3,A,Trapezoid,T1,4.133333333,4,2,even,125.5289,Narow
14,3,A,Trapezoid,T1,4.133333333,5,1,odd,59.0585,Wide
14,3,A,Trapezoid,T1,4.133333333,6,2,even,120.7626,Narow
14,4,A,Trapezoid,T2,4.133333333,1,1,odd,87.5997,Wide
14,4,A,Trapezoid,T2,4.133333333,2,2,even,73.8451,Narow
14,4,A,Trapezoid,T2,4.133333333,3,1,odd,55.882,Wide
14,4,A,Trapezoid,T2,4.133333333,4,2,even,124.1616,Narow
14,4,A,Trapezoid,T2,4.133333333,5,2,odd,125.1126,Narow
14,4,A,Trapezoid,T2,4.133333333,6,1,even,31.4167,Wide
15,3,A,Square,S1,5.133333333,1,0,odd,96.9109,0
15,3,A,Square,S1,5.133333333,2,0,even,22.902,0
15,3,A,Square,S1,5.133333333,3,0,odd,47.2197,0
15,3,A,Square,S1,5.133333333,5,0,odd,80.5506,0
15,3,A,Square,S1,5.133333333,6,0,even,75.1246,0
15,2,A,Square,S2,5.133333333,1,0,odd,40.3101,0
15,2,A,Square,S2,5.133333333,2,0,even,34.0911,0
15,2,A,Square,S2,5.133333333,3,0,odd,45.0311,0
15,2,A,Square,S2,5.133333333,4,0,even,45.6454,0
15,2,A,Square,S2,5.133333333,5,0,odd,44.4702,0
15,4,A,Trapezoid,T1,5.133333333,1,1,odd,66.4936,Wide
15,4,A,Trapezoid,T1,5.133333333,2,2,even,84.9341,Narow
15,4,A,Trapezoid,T1,5.133333333,3,1,odd,34.2725,Wide
15,4,A,Trapezoid,T1,5.133333333,4,2,even,105.1347,Narow
15,4,A,Trapezoid,T1,5.133333333,5,1,odd,66.7376,Wide
15,4,A,Trapezoid,T1,5.133333333,6,2,even,24.497,Narow
15,1,A,Trapezoid,T2,5.133333333,1,1,odd,111.2016,Wide
15,1,A,Trapezoid,T2,5.133333333,2,2,even,11.5846,Narow
15,1,A,Trapezoid,T2,5.133333333,3,1,odd,34.373,Wide
15,1,A,Trapezoid,T2,5.133333333,4,2,even,67.1826,Narow
15,1,A,Trapezoid,T2,5.133333333,5,2,odd,39.1454,Narow
15,1,A,Trapezoid,T2,5.133333333,6,1,even,46.2732,Wide
16,1,B,Square,S1,4.6,1,0,odd,35.1113,0
16,1,B,Square,S1,4.6,2,0,even,41.0512,0
16,1,B,Square,S1,4.6,3,0,odd,73.639,0
16,1,B,Square,S1,4.6,5,0,odd,29.7086,0
16,1,B,Square,S1,4.6,6,0,even,58.0069,0
16,4,B,Square,S2,4.6,1,0,odd,21.1732,0
16,4,B,Square,S2,4.6,2,0,even,38.9449,0
16,4,B,Square,S2,4.6,3,0,odd,53.8693,0
16,4,B,Square,S2,4.6,4,0,even,25.1734,0
16,4,B,Square,S2,4.6,5,0,odd,6.05,0
16,2,B,Trapezoid,T1,4.6,1,1,odd,114.0307,Wide
16,2,B,Trapezoid,T1,4.6,2,2,even,44.504,Narow
16,2,B,Trapezoid,T1,4.6,3,1,odd,90.4909,Wide
16,2,B,Trapezoid,T1,4.6,4,2,even,77.2295,Narow
16,2,B,Trapezoid,T1,4.6,5,1,odd,28.0749,Wide
16,2,B,Trapezoid,T1,4.6,6,2,even,65.0577,Narow
16,3,B,Trapezoid,T2,4.6,1,1,odd,66.3559,Wide
16,3,B,Trapezoid,T2,4.6,2,2,even,64.1818,Narow
16,3,B,Trapezoid,T2,4.6,3,1,odd,19.3598,Wide
16,3,B,Trapezoid,T2,4.6,4,2,even,22.7816,Narow
16,3,B,Trapezoid,T2,4.6,5,1,odd,42.107,Wide
16,3,B,Trapezoid,T2,4.6,6,2,even,83.216,Narow
17,2,B,Square,S1,4.6,1,0,odd,118.1271,0
17,2,B,Square,S1,4.6,2,0,even,150.2288,0
17,2,B,Square,S1,4.6,3,0,odd,82.1091,0
17,2,B,Square,S1,4.6,5,0,odd,33.7713,0
17,2,B,Square,S1,4.6,6,0,even,117.1977,0
17,1,B,Square,S2,4.6,1,0,odd,133.0966,0
17,1,B,Square,S2,4.6,2,0,even,172.222,0
17,1,B,Square,S2,4.6,3,0,odd,105.8414,0
17,1,B,Square,S2,4.6,4,0,even,91.8657,0
17,1,B,Square,S2,4.6,5,0,odd,38.2283,0
17,3,B,Trapezoid,T1,4.6,1,1,odd,131.496,Wide
17,3,B,Trapezoid,T1,4.6,2,2,even,88.2281,Narow
17,3,B,Trapezoid,T1,4.6,3,1,odd,137.9656,Wide
17,3,B,Trapezoid,T1,4.6,4,2,even,110.015,Narow
17,3,B,Trapezoid,T1,4.6,5,1,odd,39.2543,Wide
17,3,B,Trapezoid,T1,4.6,6,2,even,125.9159,Narow
17,4,B,Trapezoid,T2,4.6,1,1,odd,62.9722,Wide
17,4,B,Trapezoid,T2,4.6,2,2,even,63.9054,Narow
17,4,B,Trapezoid,T2,4.6,3,1,odd,44.7661,Wide
17,4,B,Trapezoid,T2,4.6,4,2,even,124.3451,Narow
17,4,B,Trapezoid,T2,4.6,5,1,odd,61.4256,Wide
17,4,B,Trapezoid,T2,4.6,6,2,even,92.1857,Narow
18,3,B,Square,S1,2.6,1,0,odd,55.9625,0
18,3,B,Square,S1,2.6,2,0,even,54.1166,0
18,3,B,Square,S1,2.6,3,0,odd,36.0708,0
18,3,B,Square,S1,2.6,5,0,odd,191.8909,0
18,3,B,Square,S1,2.6,6,0,even,206.1172,0
18,2,B,Square,S2,2.6,1,0,odd,127.3723,0
18,2,B,Square,S2,2.6,2,0,even,224.7972,0
18,2,B,Square,S2,2.6,3,0,odd,274.9976,0
18,2,B,Square,S2,2.6,4,0,even,269.1973,0
18,2,B,Square,S2,2.6,5,0,odd,187.6734,0
18,4,B,Trapezoid,T1,2.6,1,1,odd,196.6555,Wide
18,4,B,Trapezoid,T1,2.6,2,2,even,323.4562,Narow
18,4,B,Trapezoid,T1,2.6,3,1,odd,151.145,Wide
18,4,B,Trapezoid,T1,2.6,4,2,even,421.854,Narow
18,4,B,Trapezoid,T1,2.6,5,1,odd,35.6441,Wide
18,4,B,Trapezoid,T1,2.6,6,2,even,430.5783,Narow
18,1,B,Trapezoid,T2,2.6,1,1,odd,500.5144,Wide
18,1,B,Trapezoid,T2,2.6,2,2,even,142.935,Narow
18,1,B,Trapezoid,T2,2.6,3,1,odd,248.2674,Wide
18,1,B,Trapezoid,T2,2.6,4,2,even,347.3137,Narow
18,1,B,Trapezoid,T2,2.6,5,1,odd,131.2334,Wide
18,1,B,Trapezoid,T2,2.6,6,2,even,172.4868,Narow
19,4,B,Square,S1,3.533333333,1,0,odd,50.773,0
19,4,B,Square,S1,3.533333333,2,0,even,115.991,0
19,4,B,Square,S1,3.533333333,3,0,odd,102.7127,0
19,4,B,Square,S1,3.533333333,5,0,odd,17.8046,0
19,4,B,Square,S1,3.533333333,6,0,even,96.0333,0
19,3,B,Square,S2,3.533333333,1,0,odd,77.4758,0
19,3,B,Square,S2,3.533333333,2,0,even,140.9617,0
19,3,B,Square,S2,3.533333333,3,0,odd,73.1068,0
19,3,B,Square,S2,3.533333333,4,0,even,33.1512,0
19,3,B,Square,S2,3.533333333,5,0,odd,51.4986,0
19,1,B,Trapezoid,T1,3.533333333,1,1,odd,53.688,Wide
19,1,B,Trapezoid,T1,3.533333333,2,2,even,35.0785,Narow
19,1,B,Trapezoid,T1,3.533333333,3,1,odd,75.8156,Wide
19,1,B,Trapezoid,T1,3.533333333,4,2,even,82.95,Narow
19,1,B,Trapezoid,T1,3.533333333,5,1,odd,17.706,Wide
19,1,B,Trapezoid,T1,3.533333333,6,2,even,103.0694,Narow
19,2,B,Trapezoid,T2,3.533333333,1,1,odd,49.4429,Wide
19,2,B,Trapezoid,T2,3.533333333,2,2,even,63.6161,Narow
19,2,B,Trapezoid,T2,3.533333333,3,1,odd,12.9962,Wide
19,2,B,Trapezoid,T2,3.533333333,4,2,even,100.456,Narow
19,2,B,Trapezoid,T2,3.533333333,5,1,odd,87.2984,Wide
19,2,B,Trapezoid,T2,3.533333333,6,2,even,38.0539,Narow
20,1,B,Square,S1,4,1,0,odd,32.8908,0
20,1,B,Square,S1,4,2,0,even,99.363,0
20,1,B,Square,S1,4,3,0,odd,54.4427,0
20,1,B,Square,S1,4,5,0,odd,5.8054,0
20,1,B,Square,S1,4,6,0,even,185.7539,0
20,4,B,Square,S2,4,1,0,odd,47.0457,0
20,4,B,Square,S2,4,2,0,even,138.6607,0
20,4,B,Square,S2,4,3,0,odd,137.2756,0
20,4,B,Square,S2,4,4,0,even,455.2249,0
20,4,B,Square,S2,4,5,0,odd,238.3313,0
20,2,B,Trapezoid,T1,4,1,1,odd,12.0001,Wide
20,2,B,Trapezoid,T1,4,2,2,even,95.9708,Narow
20,2,B,Trapezoid,T1,4,3,1,odd,38.9115,Wide
20,2,B,Trapezoid,T1,4,4,2,even,90.5599,Narow
20,2,B,Trapezoid,T1,4,5,1,odd,59.5693,Wide
20,2,B,Trapezoid,T1,4,6,2,even,49.7826,Narow
20,3,B,Trapezoid,T2,4,1,1,odd,12.4178,Wide
20,3,B,Trapezoid,T2,4,2,2,even,138.4482,Narow
20,3,B,Trapezoid,T2,4,3,1,odd,273.0831,Wide
20,3,B,Trapezoid,T2,4,4,2,even,160.277,Narow
20,3,B,Trapezoid,T2,4,5,1,odd,125.2206,Wide
20,3,B,Trapezoid,T2,4,6,2,even,161.2179,Narow
21,2,B,Square,S1,3.733333333,1,0,odd,52.6365,0
21,2,B,Square,S1,3.733333333,2,0,even,154.9565,0
21,2,B,Square,S1,3.733333333,3,0,odd,318.8837,0
21,2,B,Square,S1,3.733333333,5,0,odd,389.7264,0
21,2,B,Square,S1,3.733333333,6,0,even,207.5153,0
21,1,B,Square,S2,3.733333333,1,0,odd,188.9516,0
21,1,B,Square,S2,3.733333333,2,0,even,37.0122,0
21,1,B,Square,S2,3.733333333,3,0,odd,155.4397,0
21,1,B,Square,S2,3.733333333,4,0,even,279.5849,0
21,1,B,Square,S2,3.733333333,5,0,odd,12.9962,0
21,3,B,Trapezoid,T1,3.733333333,1,1,odd,111.428,Wide
21,3,B,Trapezoid,T1,3.733333333,2,2,even,76.6623,Narow
21,3,B,Trapezoid,T1,3.733333333,3,1,odd,99.3137,Wide
21,3,B,Trapezoid,T1,3.733333333,4,2,even,25.5285,Narow
21,3,B,Trapezoid,T1,3.733333333,5,1,odd,49.4227,Wide
21,3,B,Trapezoid,T1,3.733333333,6,2,even,59.2124,Narow
21,4,B,Trapezoid,T2,3.733333333,1,1,odd,85.7817,Wide
21,4,B,Trapezoid,T2,3.733333333,2,2,even,52.2896,Narow
21,4,B,Trapezoid,T2,3.733333333,3,1,odd,7.2665,Wide
21,4,B,Trapezoid,T2,3.733333333,4,2,even,20.0275,Narow
21,4,B,Trapezoid,T2,3.733333333,5,1,odd,2.2809,Wide
21,4,B,Trapezoid,T2,3.733333333,6,2,even,77.5739,Narow
22,3,B,Square,S1,3.933333333,1,0,odd,17.006,0
22,3,B,Square,S1,3.933333333,2,0,even,72.4203,0
22,3,B,Square,S1,3.933333333,3,0,odd,39.0833,0
22,3,B,Square,S1,3.933333333,5,0,odd,141.3559,0
22,3,B,Square,S1,3.933333333,6,0,even,159.4033,0
22,2,B,Square,S2,3.933333333,1,0,odd,15.2873,0
22,2,B,Square,S2,3.933333333,2,0,even,71.5514,0
22,2,B,Square,S2,3.933333333,3,0,odd,61.1179,0
22,2,B,Square,S2,3.933333333,4,0,even,133.1056,0
22,2,B,Square,S2,3.933333333,5,0,odd,55.5311,0
22,4,B,Trapezoid,T1,3.933333333,1,1,odd,51.4344,Wide
22,4,B,Trapezoid,T1,3.933333333,2,2,even,94.6023,Narow
22,4,B,Trapezoid,T1,3.933333333,3,1,odd,86.4193,Wide
22,4,B,Trapezoid,T1,3.933333333,4,2,even,116.9449,Narow
22,4,B,Trapezoid,T1,3.933333333,5,1,odd,54.4353,Wide
22,4,B,Trapezoid,T1,3.933333333,6,2,even,103.3881,Narow
22,1,B,Trapezoid,T2,3.933333333,1,1,odd,29.1291,Wide
22,1,B,Trapezoid,T2,3.933333333,2,2,even,31.6513,Narow
22,1,B,Trapezoid,T2,3.933333333,3,1,odd,24.6415,Wide
22,1,B,Trapezoid,T2,3.933333333,4,2,even,86.0907,Narow
22,1,B,Trapezoid,T2,3.933333333,5,1,odd,47.7431,Wide
22,1,B,Trapezoid,T2,3.933333333,6,2,even,63.0373,Narow
23,4,B,Square,S1,2.333333333,1,0,odd,25.7973,0
23,4,B,Square,S1,2.333333333,2,0,even,45.4654,0
23,4,B,Square,S1,2.333333333,3,0,odd,99.1045,0
23,4,B,Square,S1,2.333333333,4,0,even,115.0804,0
23,4,B,Square,S1,2.333333333,5,0,odd,27.3185,0
23,4,B,Square,S1,2.333333333,6,0,even,82.6825,0
23,3,B,Square,S2,2.333333333,1,0,odd,11.6191,0
23,3,B,Square,S2,2.333333333,2,0,even,62.1708,0
23,3,B,Square,S2,2.333333333,3,0,odd,47.8989,0
23,3,B,Square,S2,2.333333333,4,0,even,11.45,0
23,3,B,Square,S2,2.333333333,5,0,odd,64.1218,0
23,1,B,Trapezoid,T1,2.333333333,1,1,odd,79.1069,Wide
23,1,B,Trapezoid,T1,2.333333333,2,2,even,70.7333,Narow
23,1,B,Trapezoid,T1,2.333333333,3,1,odd,89.7369,Wide
23,1,B,Trapezoid,T1,2.333333333,4,2,even,92.0587,Narow
23,1,B,Trapezoid,T1,2.333333333,5,1,odd,50.8439,Wide
23,1,B,Trapezoid,T1,2.333333333,6,2,even,110.4274,Narow
23,2,B,Trapezoid,T2,2.333333333,1,1,odd,55.8337,Wide
23,2,B,Trapezoid,T2,2.333333333,2,2,even,91.1296,Narow
23,2,B,Trapezoid,T2,2.333333333,3,1,odd,38.4942,Wide
23,2,B,Trapezoid,T2,2.333333333,4,2,even,40.5771,Narow
23,2,B,Trapezoid,T2,2.333333333,5,1,odd,23.4564,Wide
23,2,B,Trapezoid,T2,2.333333333,6,2,even,117.5206,Narow
24,2,B,Square,S1,5.2,1,0,odd,15.5789,0
24,2,B,Square,S1,5.2,2,0,even,212.6518,0
24,2,B,Square,S1,5.2,3,0,odd,126.3495,0
24,2,B,Square,S1,5.2,4,0,even,101.2033,0
24,2,B,Square,S1,5.2,5,0,odd,18.1605,0
24,2,B,Square,S1,5.2,6,0,even,82.9777,0
24,3,B,Square,S2,5.2,1,0,odd,12.0043,0
24,3,B,Square,S2,5.2,2,0,even,90.7194,0
24,3,B,Square,S2,5.2,3,0,odd,53.3779,0
24,3,B,Square,S2,5.2,4,0,even,61.6141,0
24,3,B,Square,S2,5.2,5,0,odd,36.3855,0
24,4,B,Trapezoid,T1,5.2,1,1,odd,88.4376,Wide
24,4,B,Trapezoid,T1,5.2,2,2,even,154.1061,Narow
24,4,B,Trapezoid,T1,5.2,3,1,odd,45.3762,Wide
24,4,B,Trapezoid,T1,5.2,4,2,even,34.94,Narow
24,4,B,Trapezoid,T1,5.2,5,1,odd,8.0686,Wide
24,4,B,Trapezoid,T1,5.2,6,2,even,63.9977,Narow
24,1,B,Trapezoid,T2,5.2,1,1,odd,82.1048,Wide
24,1,B,Trapezoid,T2,5.2,2,2,even,121.7017,Narow
24,1,B,Trapezoid,T2,5.2,3,1,odd,23.3046,Wide
24,1,B,Trapezoid,T2,5.2,4,2,even,63.2298,Narow
24,1,B,Trapezoid,T2,5.2,5,1,odd,5.1481,Wide
24,1,B,Trapezoid,T2,5.2,6,2,even,54.5252,Narow
26,4,B,Square,S1,4.6,1,0,odd,20.6713,0
26,4,B,Square,S1,4.6,2,0,even,108.5818,0
26,4,B,Square,S1,4.6,3,0,odd,35.675,0
26,4,B,Square,S1,4.6,4,0,even,118.0885,0
26,4,B,Square,S1,4.6,5,0,odd,46.7579,0
26,4,B,Square,S1,4.6,6,0,even,157.8015,0
26,1,B,Square,S2,4.6,1,0,odd,80.3474,0
26,1,B,Square,S2,4.6,2,0,even,122.6825,0
26,1,B,Square,S2,4.6,3,0,odd,109.8444,0
26,1,B,Square,S2,4.6,4,0,even,119.1121,0
26,1,B,Square,S2,4.6,5,0,odd,73.3642,0
26,1,B,Square,S2,4.6,6,0,even,104.6872,0
26,2,B,Trapezoid,T1,4.6,1,1,odd,58.0586,Wide
26,2,B,Trapezoid,T1,4.6,2,2,even,98.1952,Narow
26,2,B,Trapezoid,T1,4.6,3,1,odd,71.6331,Wide
26,2,B,Trapezoid,T1,4.6,4,2,even,88.9551,Narow
26,2,B,Trapezoid,T1,4.6,5,1,odd,24.2817,Wide
26,2,B,Trapezoid,T1,4.6,6,2,even,86.9339,Narow
26,3,B,Trapezoid,T2,4.6,1,1,odd,61.7325,Wide
26,3,B,Trapezoid,T2,4.6,2,2,even,122.5847,Narow
26,3,B,Trapezoid,T2,4.6,3,1,odd,10.2471,Wide
26,3,B,Trapezoid,T2,4.6,4,2,even,43.181,Narow
26,3,B,Trapezoid,T2,4.6,5,1,odd,38.4266,Wide
26,3,B,Trapezoid,T2,4.6,6,2,even,109.343,Narow
27,1,B,Square,S1,5.866666667,1,0,odd,44.9021,0
27,1,B,Square,S1,5.866666667,2,0,even,41.8927,0
27,1,B,Square,S1,5.866666667,3,0,odd,97.3473,0
27,1,B,Square,S1,5.866666667,4,0,even,137.5242,0
27,1,B,Square,S1,5.866666667,5,0,odd,81.6707,0
27,1,B,Square,S1,5.866666667,6,0,even,101.5076,0
27,2,B,Square,S2,5.866666667,1,0,odd,77.1959,0
27,2,B,Square,S2,5.866666667,2,0,even,16.7153,0
27,2,B,Square,S2,5.866666667,3,0,odd,79.1082,0
27,2,B,Square,S2,5.866666667,4,0,even,27.2434,0
27,2,B,Square,S2,5.866666667,5,0,odd,89.2418,0
27,2,B,Square,S2,5.866666667,6,0,even,57.8412,0
27,3,B,Trapezoid,T1,5.866666667,1,1,odd,7.7719,Wide
27,3,B,Trapezoid,T1,5.866666667,2,2,even,74.2045,Narow
27,3,B,Trapezoid,T1,5.866666667,3,1,odd,19.7662,Wide
27,3,B,Trapezoid,T1,5.866666667,4,2,even,100.4102,Narow
27,3,B,Trapezoid,T1,5.866666667,5,1,odd,5.6923,Wide
27,3,B,Trapezoid,T1,5.866666667,6,2,even,37.1565,Narow
27,4,B,Trapezoid,T2,5.866666667,1,1,odd,60.9459,Wide
27,4,B,Trapezoid,T2,5.866666667,2,2,even,136.9153,Narow
27,4,B,Trapezoid,T2,5.866666667,3,1,odd,7.5962,Wide
27,4,B,Trapezoid,T2,5.866666667,4,2,even,76.0092,Narow
27,4,B,Trapezoid,T2,5.866666667,5,1,odd,16.0749,Wide
27,4,B,Trapezoid,T2,5.866666667,6,2,even,106.8579,Narow
28,4,B,Square,S1,5.266666667,1,0,odd,5.6394,0
28,4,B,Square,S1,5.266666667,2,0,even,28.9742,0
28,4,B,Square,S1,5.266666667,3,0,odd,26.0462,0
28,4,B,Square,S1,5.266666667,4,0,even,29.6648,0
28,4,B,Square,S1,5.266666667,5,0,odd,9.6438,0
28,4,B,Square,S1,5.266666667,6,0,even,9.6438,0
28,2,B,Square,S2,5.266666667,1,0,odd,11.6877,0
28,2,B,Square,S2,5.266666667,2,0,even,45.2902,0
28,2,B,Square,S2,5.266666667,3,0,odd,39.2008,0
28,2,B,Square,S2,5.266666667,4,0,even,24.1868,0
28,2,B,Square,S2,5.266666667,5,0,odd,14.7886,0
28,2,B,Square,S2,5.266666667,6,0,even,74.4567,0
28,1,B,Trapezoid,T1,5.266666667,1,1,odd,19.2848,Wide
28,1,B,Trapezoid,T1,5.266666667,2,2,even,114.4662,Narow
28,1,B,Trapezoid,T1,5.266666667,3,1,odd,44.2776,Wide
28,1,B,Trapezoid,T1,5.266666667,4,2,even,115.7873,Narow
28,1,B,Trapezoid,T1,5.266666667,5,1,odd,12.9886,Wide
28,1,B,Trapezoid,T1,5.266666667,6,2,even,94.7164,Narow
28,3,B,Trapezoid,T2,5.266666667,1,1,odd,28.2772,Wide
28,3,B,Trapezoid,T2,5.266666667,2,2,even,37.57,Narow
28,3,B,Trapezoid,T2,5.266666667,3,1,odd,23.3945,Wide
28,3,B,Trapezoid,T2,5.266666667,4,2,even,51.2592,Narow
28,3,B,Trapezoid,T2,5.266666667,5,1,odd,9.061,Wide
28,3,B,Trapezoid,T2,5.266666667,6,2,even,70.7941,Narow
29,1,B,Square,S1,3.4,1,0,odd,30.244,0
29,1,B,Square,S1,3.4,2,0,even,109.7666,0
29,1,B,Square,S1,3.4,3,0,odd,54.2227,0
29,1,B,Square,S1,3.4,4,0,even,68.6156,0
29,1,B,Square,S1,3.4,5,0,odd,8.55,0
29,1,B,Square,S1,3.4,6,0,even,90.3233,0
29,3,B,Square,S2,3.4,1,0,odd,94.6583,0
29,3,B,Square,S2,3.4,2,0,even,82.487,0
29,3,B,Square,S2,3.4,3,0,odd,96.3297,0
29,3,B,Square,S2,3.4,4,0,even,40.7431,0
29,3,B,Square,S2,3.4,5,0,odd,101.3603,0
29,3,B,Square,S2,3.4,6,0,even,58.8694,0
29,2,B,Trapezoid,T1,3.4,1,1,odd,32.2739,Wide
29,2,B,Trapezoid,T1,3.4,2,2,even,101.5909,Narow
29,2,B,Trapezoid,T1,3.4,3,1,odd,46.2569,Wide
29,2,B,Trapezoid,T1,3.4,4,2,even,95.9766,Narow
29,2,B,Trapezoid,T1,3.4,5,1,odd,42.3462,Wide
29,2,B,Trapezoid,T1,3.4,6,2,even,16.0749,Narow
29,4,B,Trapezoid,T2,3.4,1,1,odd,64.5206,Wide
29,4,B,Trapezoid,T2,3.4,2,2,even,114.6665,Narow
29,4,B,Trapezoid,T2,3.4,3,1,odd,19.2432,Wide
29,4,B,Trapezoid,T2,3.4,4,2,even,91.8809,Narow
29,4,B,Trapezoid,T2,3.4,5,1,odd,30.1911,Wide
29,4,B,Trapezoid,T2,3.4,6,2,even,106.2427,Narow
30,2,A,Square,S1,4.8,1,0,odd,73.0604,0
30,2,A,Square,S1,4.8,2,0,even,265.8983,0
30,2,A,Square,S1,4.8,3,0,odd,129.22,0
30,2,A,Square,S1,4.8,4,0,even,74.4446,0
30,2,A,Square,S1,4.8,5,0,odd,166.9488,0
30,2,A,Square,S1,4.8,6,0,even,272.7075,0
30,4,A,Square,S2,4.8,1,0,odd,45.0034,0
30,4,A,Square,S2,4.8,2,0,even,177.2569,0
30,4,A,Square,S2,4.8,3,0,odd,33.0984,0
30,4,A,Square,S2,4.8,4,0,even,182.5842,0
30,4,A,Square,S2,4.8,5,0,odd,135.7859,0
30,4,A,Square,S2,4.8,6,0,even,73.7537,0
30,1,A,Trapezoid,T1,4.8,1,1,odd,109.9668,Wide
30,1,A,Trapezoid,T1,4.8,2,2,even,184.6556,Narow
30,1,A,Trapezoid,T1,4.8,3,1,odd,32.746,Wide
30,1,A,Trapezoid,T1,4.8,4,2,even,85.3973,Narow
30,1,A,Trapezoid,T1,4.8,5,1,odd,60.583,Wide
30,1,A,Trapezoid,T1,4.8,6,2,even,83.4608,Narow
30,3,A,Trapezoid,T2,4.8,1,1,odd,50.06,Wide
30,3,A,Trapezoid,T2,4.8,2,2,even,58.2778,Narow
30,3,A,Trapezoid,T2,4.8,3,1,odd,39.9875,Wide
30,3,A,Trapezoid,T2,4.8,4,2,even,93.0011,Narow
30,3,A,Trapezoid,T2,4.8,5,2,odd,72.0802,Narow
30,3,A,Trapezoid,T2,4.8,6,1,even,37.4621,Wide
31,2,B,Square,S1,4.733333333,1,0,odd,73.3894,0
31,2,B,Square,S1,4.733333333,2,0,even,121.3301,0
31,2,B,Square,S1,4.733333333,3,0,odd,60.7553,0
31,2,B,Square,S1,4.733333333,4,0,even,16.55,0
31,2,B,Square,S1,4.733333333,5,0,odd,38.004,0
31,2,B,Square,S1,4.733333333,6,0,even,110.1658,0
31,1,B,Square,S2,4.733333333,1,0,odd,91.3696,0
31,1,B,Square,S2,4.733333333,2,0,even,154.0526,0
31,1,B,Square,S2,4.733333333,3,0,odd,97.0047,0
31,1,B,Square,S2,4.733333333,4,0,even,120.5077,0
31,1,B,Square,S2,4.733333333,5,0,odd,32.2243,0
31,1,B,Square,S2,4.733333333,6,0,even,37.574,0
31,3,B,Trapezoid,T1,4.733333333,1,1,odd,121.813,Wide
31,3,B,Trapezoid,T1,4.733333333,2,2,even,136.9394,Narow
31,3,B,Trapezoid,T1,4.733333333,3,1,odd,85.0235,Wide
31,3,B,Trapezoid,T1,4.733333333,4,2,even,137.7084,Narow
31,3,B,Trapezoid,T1,4.733333333,5,1,odd,62.2214,Wide
31,3,B,Trapezoid,T1,4.733333333,6,2,even,114.8024,Narow
31,4,B,Trapezoid,T2,4.733333333,1,1,odd,87.3413,Wide
31,4,B,Trapezoid,T2,4.733333333,2,2,even,61.4435,Narow
31,4,B,Trapezoid,T2,4.733333333,3,1,odd,83.2665,Wide
31,4,B,Trapezoid,T2,4.733333333,4,2,even,98.6849,Narow
31,4,B,Trapezoid,T2,4.733333333,5,1,odd,24.1206,Wide
31,4,B,Trapezoid,T2,4.733333333,6,2,even,91.0994,Narow
32,4,A,Square,S1,5.266666667,1,0,odd,85.7608,0
32,4,A,Square,S1,5.266666667,2,0,even,20.9858,0
32,4,A,Square,S1,5.266666667,3,0,odd,113.6948,0
32,4,A,Square,S1,5.266666667,4,0,even,89.0129,0
32,4,A,Square,S1,5.266666667,5,0,odd,30.206,0
32,4,A,Square,S1,5.266666667,6,0,even,119.68,0
32,2,A,Square,S2,5.266666667,1,0,odd,35.1696,0
32,2,A,Square,S2,5.266666667,2,0,even,10.2958,0
32,2,A,Square,S2,5.266666667,3,0,odd,64,0
32,2,A,Square,S2,5.266666667,4,0,even,63.7048,0
32,2,A,Square,S2,5.266666667,5,0,odd,47.6917,0
32,2,A,Square,S2,5.266666667,6,0,even,32.2274,0
32,3,A,Trapezoid,T1,5.266666667,1,1,odd,137.5405,Wide
32,3,A,Trapezoid,T1,5.266666667,2,2,even,119.092,Narow
32,3,A,Trapezoid,T1,5.266666667,3,1,odd,53.8684,Wide
32,3,A,Trapezoid,T1,5.266666667,4,2,even,24.775,Narow
32,3,A,Trapezoid,T1,5.266666667,5,1,odd,78.8036,Wide
32,3,A,Trapezoid,T1,5.266666667,6,2,even,108.9266,Narow
32,1,A,Trapezoid,T2,5.266666667,1,1,odd,61.1302,Wide
32,1,A,Trapezoid,T2,5.266666667,2,2,even,80.163,Narow
32,1,A,Trapezoid,T2,5.266666667,3,1,odd,56.1329,Wide
32,1,A,Trapezoid,T2,5.266666667,4,2,even,22.5389,Narow
32,1,A,Trapezoid,T2,5.266666667,5,2,odd,53.3457,Narow
32,1,A,Trapezoid,T2,5.266666667,6,1,even,48.6807,Wide
33,3,B,Square,S1,5.533333333,1,0,odd,18.3386,0
33,3,B,Square,S1,5.533333333,2,0,even,162.8846,0
33,3,B,Square,S1,5.533333333,3,0,odd,90.8433,0
33,3,B,Square,S1,5.533333333,4,0,even,41.562,0
33,3,B,Square,S1,5.533333333,5,0,odd,13.0116,0
33,3,B,Square,S1,5.533333333,6,0,even,146.7753,0
33,4,B,Square,S2,5.533333333,1,0,odd,32.688,0
33,4,B,Square,S2,5.533333333,2,0,even,70.6838,0
33,4,B,Square,S2,5.533333333,3,0,odd,100.2143,0
33,4,B,Square,S2,5.533333333,4,0,even,130.3292,0
33,4,B,Square,S2,5.533333333,5,0,odd,49.677,0
33,4,B,Square,S2,5.533333333,6,0,even,136.8839,0
33,2,B,Trapezoid,T1,5.533333333,1,1,odd,59.5894,Wide
33,2,B,Trapezoid,T1,5.533333333,2,2,even,88.9781,Narow
33,2,B,Trapezoid,T1,5.533333333,3,1,odd,58.7291,Wide
33,2,B,Trapezoid,T1,5.533333333,4,2,even,91.4686,Narow
33,2,B,Trapezoid,T1,5.533333333,5,1,odd,26.2222,Wide
33,2,B,Trapezoid,T1,5.533333333,6,2,even,138.0927,Narow
33,1,B,Trapezoid,T2,5.533333333,1,1,odd,61.7398,Wide
33,1,B,Trapezoid,T2,5.533333333,2,2,even,124.3173,Narow
33,1,B,Trapezoid,T2,5.533333333,3,1,odd,15.6526,Wide
33,1,B,Trapezoid,T2,5.533333333,4,2,even,175.0397,Narow
33,1,B,Trapezoid,T2,5.533333333,5,1,odd,19.4577,Wide
33,1,B,Trapezoid,T2,5.533333333,6,2,even,122.1372,Narow
34,2,A,Square,S2,2.8,1,0,odd,455.715,0
34,2,A,Square,S2,2.8,2,0,even,26.484,0
34,2,A,Square,S2,2.8,3,0,odd,382.487,0
34,2,A,Square,S2,2.8,4,0,even,362.8117,0
34,2,A,Square,S2,2.8,5,0,odd,178.7283,0
34,2,A,Square,S2,2.8,6,0,even,191.1973,0
34,3,A,Trapezoid,T1,2.8,1,1,odd,62.3538,Wide
34,3,A,Trapezoid,T1,2.8,2,2,even,131.5234,Narow
34,3,A,Trapezoid,T1,2.8,3,1,odd,33.9633,Wide
34,3,A,Trapezoid,T1,2.8,4,2,even,111.8083,Narow
34,3,A,Trapezoid,T1,2.8,5,1,odd,72.926,Wide
34,3,A,Trapezoid,T1,2.8,6,2,even,205.8354,Narow
34,4,A,Trapezoid,T2,2.8,1,1,odd,3.592,Wide
34,4,A,Trapezoid,T2,2.8,2,2,even,77.8691,Narow
34,4,A,Trapezoid,T2,2.8,3,1,odd,88.5167,Wide
34,4,A,Trapezoid,T2,2.8,4,2,even,78.355,Narow
34,4,A,Trapezoid,T2,2.8,5,2,odd,53.3644,Narow
34,4,A,Trapezoid,T2,2.8,6,1,even,34.2229,Wide
35,2,B,Square,S1,5.4,1,0,odd,26.8831,0
35,2,B,Square,S1,5.4,2,0,even,77.8865,0
35,2,B,Square,S1,5.4,3,0,odd,22.665,0
35,2,B,Square,S1,5.4,4,0,even,110.2933,0
35,2,B,Square,S1,5.4,5,0,odd,46.5747,0
35,2,B,Square,S1,5.4,6,0,even,50.3607,0
35,1,B,Square,S2,5.4,1,0,odd,149.3275,0
35,1,B,Square,S2,5.4,2,0,even,185.6338,0
35,1,B,Square,S2,5.4,3,0,odd,120.4508,0
35,1,B,Square,S2,5.4,4,0,even,68.9072,0
35,1,B,Square,S2,5.4,5,0,odd,101.9765,0
35,1,B,Square,S2,5.4,6,0,even,144.8071,0
35,3,B,Trapezoid,T1,5.4,1,1,odd,109.6827,Wide
35,3,B,Trapezoid,T1,5.4,2,2,even,95.0489,Narow
35,3,B,Trapezoid,T1,5.4,3,1,odd,114.6368,Wide
35,3,B,Trapezoid,T1,5.4,4,2,even,71.5549,Narow
35,3,B,Trapezoid,T1,5.4,5,1,odd,35.426,Wide
35,3,B,Trapezoid,T1,5.4,6,2,even,142.0461,Narow
35,4,B,Trapezoid,T2,5.4,1,1,odd,54.7942,Wide
35,4,B,Trapezoid,T2,5.4,2,2,even,42.8042,Narow
35,4,B,Trapezoid,T2,5.4,3,1,odd,41.4862,Wide
35,4,B,Trapezoid,T2,5.4,4,2,even,123.4783,Narow
35,4,B,Trapezoid,T2,5.4,5,1,odd,80.1118,Wide
35,4,B,Trapezoid,T2,5.4,6,2,even,116.0091,Narow
36,3,A,Square,S1,1.666666667,1,0,odd,46.9566,0
36,3,A,Square,S1,1.666666667,2,0,even,351.6306,0
36,3,A,Square,S1,1.666666667,3,0,odd,162.6589,0
36,3,A,Square,S1,1.666666667,4,0,even,66.8379,0
36,3,A,Square,S1,1.666666667,5,0,odd,157.6861,0
36,3,A,Square,S1,1.666666667,6,0,even,335.3934,0
36,4,A,Square,S2,1.666666667,1,0,odd,78,0
36,4,A,Square,S2,1.666666667,2,0,even,145.2756,0
36,4,A,Square,S2,1.666666667,3,0,odd,116.9089,0
36,4,A,Square,S2,1.666666667,4,0,even,24.7771,0
36,4,A,Square,S2,1.666666667,5,0,odd,16.6043,0
36,4,A,Square,S2,1.666666667,6,0,even,85.8289,0
36,1,A,Trapezoid,T1,1.666666667,1,1,odd,74.4023,Wide
36,1,A,Trapezoid,T1,1.666666667,2,2,even,181.4277,Narow
36,1,A,Trapezoid,T1,1.666666667,3,1,odd,55.1081,Wide
36,1,A,Trapezoid,T1,1.666666667,4,2,even,43.5925,Narow
36,1,A,Trapezoid,T1,1.666666667,5,1,odd,94.4415,Wide
36,1,A,Trapezoid,T1,1.666666667,6,2,even,159.7454,Narow
36,2,A,Trapezoid,T2,1.666666667,1,1,odd,48.2401,Wide
36,2,A,Trapezoid,T2,1.666666667,2,2,even,110.1349,Narow
36,2,A,Trapezoid,T2,1.666666667,3,1,odd,67.0023,Wide
36,2,A,Trapezoid,T2,1.666666667,4,2,even,99.0328,Narow
36,2,A,Trapezoid,T2,1.666666667,5,2,odd,114.3318,Narow
36,2,A,Trapezoid,T2,1.666666667,6,1,even,38.1367,Wide
37,4,B,Square,S1,4.466666667,1,0,odd,16.5167,0
37,4,B,Square,S1,4.466666667,2,0,even,189.0429,0
37,4,B,Square,S1,4.466666667,3,0,odd,254.4718,0
37,4,B,Square,S1,4.466666667,4,0,even,185.686,0
37,4,B,Square,S1,4.466666667,5,0,odd,356.8711,0
37,4,B,Square,S1,4.466666667,6,0,even,254.5836,0
37,1,B,Square,S2,4.466666667,1,0,odd,101.616,0
37,1,B,Square,S2,4.466666667,2,0,even,116.1693,0
37,1,B,Square,S2,4.466666667,3,0,odd,19.8772,0
37,1,B,Square,S2,4.466666667,4,0,even,238.9088,0
37,1,B,Square,S2,4.466666667,5,0,odd,258.2514,0
37,1,B,Square,S2,4.466666667,6,0,even,147.3968,0
37,2,B,Trapezoid,T1,4.466666667,1,1,odd,120.56,Wide
37,2,B,Trapezoid,T1,4.466666667,2,2,even,101.9765,Narow
37,2,B,Trapezoid,T1,4.466666667,3,1,odd,79.9093,Wide
37,2,B,Trapezoid,T1,4.466666667,4,2,even,63.6043,Narow
37,2,B,Trapezoid,T1,4.466666667,5,1,odd,33.0636,Wide
37,2,B,Trapezoid,T1,4.466666667,6,2,even,91.7273,Narow
37,3,B,Trapezoid,T2,4.466666667,1,1,odd,50.2922,Wide
37,3,B,Trapezoid,T2,4.466666667,2,2,even,187.9471,Narow
37,3,B,Trapezoid,T2,4.466666667,3,1,odd,53.3817,Wide
37,3,B,Trapezoid,T2,4.466666667,4,2,even,117.43,Narow
37,3,B,Trapezoid,T2,4.466666667,5,1,odd,22.3697,Wide
37,3,B,Trapezoid,T2,4.466666667,6,2,even,88.1408,Narow
38,2,A,Square,S1,5.666666667,1,0,odd,71.5187,0
38,2,A,Square,S1,5.666666667,2,0,even,24.3167,0
38,2,A,Square,S1,5.666666667,3,0,odd,32.8253,0
38,2,A,Square,S1,5.666666667,4,0,even,22.4656,0
38,2,A,Square,S1,5.666666667,5,0,odd,61.6231,0
38,2,A,Square,S1,5.666666667,6,0,even,45.8618,0
38,1,A,Square,S2,5.666666667,1,0,odd,47.1265,0
38,1,A,Square,S2,5.666666667,2,0,even,29.1531,0
38,1,A,Square,S2,5.666666667,3,0,odd,76.9682,0
38,1,A,Square,S2,5.666666667,4,0,even,48.0625,0
38,1,A,Square,S2,5.666666667,5,0,odd,63.0516,0
38,1,A,Square,S2,5.666666667,6,0,even,52.0481,0
38,3,A,Trapezoid,T1,5.666666667,1,1,odd,42.1498,Wide
38,3,A,Trapezoid,T1,5.666666667,2,2,even,150.8745,Narow
38,3,A,Trapezoid,T1,5.666666667,3,1,odd,108.9367,Wide
38,3,A,Trapezoid,T1,5.666666667,4,2,even,155.1022,Narow
38,3,A,Trapezoid,T1,5.666666667,5,1,odd,105.3295,Wide
38,3,A,Trapezoid,T1,5.666666667,6,2,even,170.981,Narow
38,4,A,Trapezoid,T2,5.666666667,1,1,odd,121.55,Wide
38,4,A,Trapezoid,T2,5.666666667,2,2,even,103.3678,Narow
38,4,A,Trapezoid,T2,5.666666667,3,1,odd,29.0758,Wide
38,4,A,Trapezoid,T2,5.666666667,4,2,even,45.8443,Narow
38,4,A,Trapezoid,T2,5.666666667,5,2,odd,75.9221,Narow
38,4,A,Trapezoid,T2,5.666666667,6,1,even,72.0112,Wide
39,3,B,Square,S1,4.333333333,1,0,odd,38.092,0
39,3,B,Square,S1,4.333333333,2,0,even,116.87,0
39,3,B,Square,S1,4.333333333,3,0,odd,51.5073,0
39,3,B,Square,S1,4.333333333,4,0,even,48.7689,0
39,3,B,Square,S1,4.333333333,5,0,odd,181.1579,0
39,3,B,Square,S1,4.333333333,6,0,even,182.4527,0
39,2,B,Square,S2,4.333333333,1,0,odd,9.05,0
39,2,B,Square,S2,4.333333333,2,0,even,92.9258,0
39,2,B,Square,S2,4.333333333,3,0,odd,28.2117,0
39,2,B,Square,S2,4.333333333,4,0,even,105.1466,0
39,2,B,Square,S2,4.333333333,5,0,odd,65.9159,0
39,2,B,Square,S2,4.333333333,6,0,even,120.3042,0
39,4,B,Trapezoid,T1,4.333333333,1,1,odd,65.6445,Wide
39,4,B,Trapezoid,T1,4.333333333,2,2,even,83.2448,Narow
39,4,B,Trapezoid,T1,4.333333333,3,1,odd,60.872,Wide
39,4,B,Trapezoid,T1,4.333333333,4,2,even,86.7848,Narow
39,4,B,Trapezoid,T1,4.333333333,5,1,odd,22.1631,Wide
39,4,B,Trapezoid,T1,4.333333333,6,2,even,112.6863,Narow
39,1,B,Trapezoid,T2,4.333333333,1,1,odd,29.4585,Wide
39,1,B,Trapezoid,T2,4.333333333,2,2,even,76.5853,Narow
39,1,B,Trapezoid,T2,4.333333333,3,1,odd,25.5969,Wide
39,1,B,Trapezoid,T2,4.333333333,4,2,even,97.3905,Narow
39,1,B,Trapezoid,T2,4.333333333,5,1,odd,21.2933,Wide
39,1,B,Trapezoid,T2,4.333333333,6,2,even,111.1054,Narow
40,4,A,Square,S1,4.666666667,1,0,odd,138.8597,0
40,4,A,Square,S1,4.666666667,2,0,even,11.9039,0
40,4,A,Square,S1,4.666666667,3,0,odd,41.219,0
40,4,A,Square,S1,4.666666667,4,0,even,71.478,0
40,4,A,Square,S1,4.666666667,5,0,odd,3.8733,0
40,4,A,Square,S1,4.666666667,6,0,even,33.2987,0
40,3,A,Square,S2,4.666666667,1,0,odd,68.0441,0
40,3,A,Square,S2,4.666666667,2,0,even,70.4968,0
40,3,A,Square,S2,4.666666667,3,0,odd,40.6633,0
40,3,A,Square,S2,4.666666667,4,0,even,61.3507,0
40,3,A,Square,S2,4.666666667,5,0,odd,43.0024,0
40,3,A,Square,S2,4.666666667,6,0,even,68.2789,0
40,1,A,Trapezoid,T1,4.666666667,1,1,odd,86.688,Wide
40,1,A,Trapezoid,T1,4.666666667,2,2,even,71.5346,Narow
40,1,A,Trapezoid,T1,4.666666667,3,1,odd,35.0129,Wide
40,1,A,Trapezoid,T1,4.666666667,4,2,even,140.3962,Narow
40,1,A,Trapezoid,T1,4.666666667,5,1,odd,66.2888,Wide
40,1,A,Trapezoid,T1,4.666666667,6,2,even,116.4736,Narow
40,2,A,Trapezoid,T2,4.666666667,1,1,odd,123.5512,Wide
40,2,A,Trapezoid,T2,4.666666667,2,2,even,110.6982,Narow
40,2,A,Trapezoid,T2,4.666666667,3,1,odd,108.4311,Wide
40,2,A,Trapezoid,T2,4.666666667,4,2,even,96.0151,Narow
40,2,A,Trapezoid,T2,4.666666667,5,2,odd,86.2111,Narow
40,2,A,Trapezoid,T2,4.666666667,6,1,even,60.3938,Wide
41,1,B,Square,S1,3.333333333,1,0,odd,39.3688,0
41,1,B,Square,S1,3.333333333,2,0,even,140.1667,0
41,1,B,Square,S1,3.333333333,3,0,odd,152.0977,0
41,1,B,Square,S1,3.333333333,4,0,even,25.9076,0
41,1,B,Square,S1,3.333333333,5,0,odd,59.2773,0
41,1,B,Square,S1,3.333333333,6,0,even,142.9801,0
41,4,B,Square,S2,3.333333333,1,0,odd,42.3025,0
41,4,B,Square,S2,3.333333333,2,0,even,114.2528,0
41,4,B,Square,S2,3.333333333,3,0,odd,67.771,0
41,4,B,Square,S2,3.333333333,4,0,even,51.6421,0
41,4,B,Square,S2,3.333333333,5,0,odd,58.781,0
41,4,B,Square,S2,3.333333333,6,0,even,30.2606,0
41,2,B,Trapezoid,T1,3.333333333,1,1,odd,38.2191,Wide
41,2,B,Trapezoid,T1,3.333333333,2,2,even,43.8521,Narow
41,2,B,Trapezoid,T1,3.333333333,3,1,odd,69.69,Wide
41,2,B,Trapezoid,T1,3.333333333,4,2,even,69.4637,Narow
41,2,B,Trapezoid,T1,3.333333333,5,1,odd,36.7587,Wide
41,2,B,Trapezoid,T1,3.333333333,6,2,even,129.3638,Narow
41,3,B,Trapezoid,T2,3.333333333,1,1,odd,43.7047,Wide
41,3,B,Trapezoid,T2,3.333333333,2,2,even,124.0544,Narow
41,3,B,Trapezoid,T2,3.333333333,3,1,odd,5.8054,Wide
41,3,B,Trapezoid,T2,3.333333333,4,2,even,8.922,Narow
41,3,B,Trapezoid,T2,3.333333333,5,1,odd,19.68,Wide
41,3,B,Trapezoid,T2,3.333333333,6,2,even,40.3572,Narow
42,3,A,Square,S1,5.066666667,1,0,odd,48.991,0
42,3,A,Square,S1,5.066666667,2,0,even,173.6151,0
42,3,A,Square,S1,5.066666667,3,0,odd,26.501,0
42,3,A,Square,S1,5.066666667,4,0,even,57.6906,0
42,3,A,Square,S1,5.066666667,5,0,odd,95.5338,0
42,3,A,Square,S1,5.066666667,6,0,even,184.4744,0
42,4,A,Square,S2,5.066666667,1,0,odd,78.508,0
42,4,A,Square,S2,5.066666667,2,0,even,214.3628,0
42,4,A,Square,S2,5.066666667,3,0,odd,94.5823,0
42,4,A,Square,S2,5.066666667,4,0,even,218.953,0
42,4,A,Square,S2,5.066666667,5,0,odd,167.8753,0
42,4,A,Square,S2,5.066666667,6,0,even,99.7056,0
42,1,A,Trapezoid,T1,5.066666667,1,1,odd,55.9571,Wide
42,1,A,Trapezoid,T1,5.066666667,2,2,even,103.8167,Narow
42,1,A,Trapezoid,T1,5.066666667,3,1,odd,21.0143,Wide
42,1,A,Trapezoid,T1,5.066666667,4,2,even,52.2073,Narow
42,1,A,Trapezoid,T1,5.066666667,5,1,odd,87.675,Wide
42,1,A,Trapezoid,T1,5.066666667,6,2,even,113.2162,Narow
42,2,A,Trapezoid,T2,5.066666667,1,1,odd,85.0082,Wide
42,2,A,Trapezoid,T2,5.066666667,2,2,even,124.0508,Narow
42,2,A,Trapezoid,T2,5.066666667,3,1,odd,38.1563,Wide
42,2,A,Trapezoid,T2,5.066666667,4,2,even,24.4725,Narow
42,2,A,Trapezoid,T2,5.066666667,5,2,odd,85.3625,Narow
42,2,A,Trapezoid,T2,5.066666667,6,1,even,12.3454,Wide
43,4,B,Square,S1,2.733333333,1,0,odd,62.017,0
43,4,B,Square,S1,2.733333333,2,0,even,161.6982,0
43,4,B,Square,S1,2.733333333,3,0,odd,99.1554,0
43,4,B,Square,S1,2.733333333,4,0,even,68.8121,0
43,4,B,Square,S1,2.733333333,5,0,odd,41.4138,0
43,4,B,Square,S1,2.733333333,6,0,even,96.0078,0
43,1,B,Square,S2,2.733333333,1,0,odd,89.1375,0
43,1,B,Square,S2,2.733333333,2,0,even,55.7234,0
43,1,B,Square,S2,2.733333333,3,0,odd,133.4054,0
43,1,B,Square,S2,2.733333333,4,0,even,102.8027,0
43,1,B,Square,S2,2.733333333,5,0,odd,76.9,0
43,1,B,Square,S2,2.733333333,6,0,even,116.0009,0
43,2,B,Trapezoid,T1,2.733333333,1,1,odd,71.3281,Wide
43,2,B,Trapezoid,T1,2.733333333,2,2,even,86.3342,Narow
43,2,B,Trapezoid,T1,2.733333333,3,1,odd,60.0583,Wide
43,2,B,Trapezoid,T1,2.733333333,4,2,even,57.956,Narow
43,2,B,Trapezoid,T1,2.733333333,5,1,odd,54.8279,Wide
43,2,B,Trapezoid,T1,2.733333333,6,2,even,74.928,Narow
43,3,B,Trapezoid,T2,2.733333333,1,1,odd,77.271,Wide
43,3,B,Trapezoid,T2,2.733333333,2,2,even,147.8621,Narow
43,3,B,Trapezoid,T2,2.733333333,3,1,odd,34.2404,Wide
43,3,B,Trapezoid,T2,2.733333333,4,2,even,82.7158,Narow
43,3,B,Trapezoid,T2,2.733333333,5,1,odd,56.5084,Wide
43,3,B,Trapezoid,T2,2.733333333,6,2,even,123.7756,Narow
44,1,A,Square,S1,3.066666667,1,0,odd,172.4428,0
44,1,A,Square,S1,3.066666667,2,0,even,21.0452,0
44,1,A,Square,S1,3.066666667,3,0,odd,166.2152,0
44,1,A,Square,S1,3.066666667,4,0,even,165.6647,0
44,1,A,Square,S1,3.066666667,5,0,odd,125.708,0
44,1,A,Square,S1,3.066666667,6,0,even,74.2294,0
44,2,A,Square,S2,3.066666667,1,0,odd,193.1072,0
44,2,A,Square,S2,3.066666667,2,0,even,54.0056,0
44,2,A,Square,S2,3.066666667,3,0,odd,147.001,0
44,2,A,Square,S2,3.066666667,4,0,even,224.7999,0
44,2,A,Square,S2,3.066666667,5,0,odd,195.5139,0
44,2,A,Square,S2,3.066666667,6,0,even,60.536,0
44,3,A,Trapezoid,T1,3.066666667,1,1,odd,296.6712,Wide
44,3,A,Trapezoid,T1,3.066666667,2,2,even,261.2985,Narow
44,3,A,Trapezoid,T1,3.066666667,3,1,odd,296.1506,Wide
44,3,A,Trapezoid,T1,3.066666667,4,2,even,162.7274,Narow
44,3,A,Trapezoid,T1,3.066666667,5,1,odd,303.702,Wide
44,3,A,Trapezoid,T1,3.066666667,6,2,even,222.3585,Narow
44,4,A,Trapezoid,T2,3.066666667,1,1,odd,12.2476,Wide
44,4,A,Trapezoid,T2,3.066666667,2,2,even,70.8929,Narow
44,4,A,Trapezoid,T2,3.066666667,3,1,odd,110.5672,Wide
44,4,A,Trapezoid,T2,3.066666667,4,2,even,100.6996,Narow
44,4,A,Trapezoid,T2,3.066666667,5,2,odd,55.5442,Narow
44,4,A,Trapezoid,T2,3.066666667,6,1,even,107.0182,Wide
45,2,B,Square,S1,3.066666667,1,0,odd,48.2742,0
45,2,B,Square,S1,3.066666667,2,0,even,172.136,0
45,2,B,Square,S1,3.066666667,3,0,odd,247.9919,0
45,2,B,Square,S1,3.066666667,4,0,even,196.4317,0
45,2,B,Square,S1,3.066666667,5,0,odd,57.7426,0
45,2,B,Square,S1,3.066666667,6,0,even,71.0021,0
45,3,B,Square,S2,3.066666667,1,0,odd,77.3706,0
45,3,B,Square,S2,3.066666667,2,0,even,314.3799,0
45,3,B,Square,S2,3.066666667,3,0,odd,212.8972,0
45,3,B,Square,S2,3.066666667,4,0,even,252.9646,0
45,3,B,Square,S2,3.066666667,5,0,odd,294.1027,0
45,3,B,Square,S2,3.066666667,6,0,even,297.0825,0
45,4,B,Trapezoid,T1,3.066666667,1,1,odd,188.2716,Wide
45,4,B,Trapezoid,T1,3.066666667,2,2,even,134.1812,Narow
45,4,B,Trapezoid,T1,3.066666667,3,1,odd,228.1013,Wide
45,4,B,Trapezoid,T1,3.066666667,4,2,even,228.1631,Narow
45,4,B,Trapezoid,T1,3.066666667,5,1,odd,283.1415,Wide
45,4,B,Trapezoid,T1,3.066666667,6,2,even,447.8178,Narow
45,1,B,Trapezoid,T2,3.066666667,1,1,odd,30.6431,Wide
45,1,B,Trapezoid,T2,3.066666667,2,2,even,138.8726,Narow
45,1,B,Trapezoid,T2,3.066666667,3,1,odd,21.9659,Wide
45,1,B,Trapezoid,T2,3.066666667,4,2,even,81.3284,Narow
45,1,B,Trapezoid,T2,3.066666667,5,1,odd,60.3042,Wide
45,1,B,Trapezoid,T2,3.066666667,6,2,even,107.5691,Narow
46,2,A,Square,S1,5,1,0,odd,68.1698,0
46,2,A,Square,S1,5,2,0,even,26.9017,0
46,2,A,Square,S1,5,3,0,odd,52.2073,0
46,2,A,Square,S1,5,4,0,even,6.0583,0
46,2,A,Square,S1,5,5,0,odd,34.5167,0
46,2,A,Square,S1,5,6,0,even,47.6025,0
46,1,A,Square,S2,5,1,0,odd,25.1397,0
46,1,A,Square,S2,5,2,0,even,74.0865,0
46,1,A,Square,S2,5,3,0,odd,121.3788,0
46,1,A,Square,S2,5,4,0,even,42.1533,0
46,1,A,Square,S2,5,5,0,odd,32.906,0
46,1,A,Square,S2,5,6,0,even,25.9596,0
46,4,A,Trapezoid,T1,5,1,1,odd,60.9426,Wide
46,4,A,Trapezoid,T1,5,2,2,even,78.9215,Narow
46,4,A,Trapezoid,T1,5,3,1,odd,35.1412,Wide
46,4,A,Trapezoid,T1,5,4,2,even,33.7506,Narow
46,4,A,Trapezoid,T1,5,5,1,odd,30.2721,Wide
46,4,A,Trapezoid,T1,5,6,2,even,21.1495,Narow
46,3,A,Trapezoid,T2,5,1,1,odd,63.4319,Wide
46,3,A,Trapezoid,T2,5,2,2,even,113.3614,Narow
46,3,A,Trapezoid,T2,5,3,1,odd,33.7713,Wide
46,3,A,Trapezoid,T2,5,4,2,even,86.6943,Narow
46,3,A,Trapezoid,T2,5,5,2,odd,79.9785,Narow
46,3,A,Trapezoid,T2,5,6,1,even,78.3952,Wide
47,3,B,Square,S1,3.4,1,0,odd,31.313,0
47,3,B,Square,S1,3.4,2,0,even,152.6997,0
47,3,B,Square,S1,3.4,3,0,odd,73.8235,0
47,3,B,Square,S1,3.4,4,0,even,203.3763,0
47,3,B,Square,S1,3.4,5,0,odd,456.7947,0
47,3,B,Square,S1,3.4,6,0,even,247.7477,0
47,4,B,Square,S2,3.4,1,0,odd,73.6974,0
47,4,B,Square,S2,3.4,2,0,even,176.6896,0
47,4,B,Square,S2,3.4,3,0,odd,209.305,0
47,4,B,Square,S2,3.4,5,0,odd,102.0804,0
47,4,B,Square,S2,3.4,6,0,even,159.3261,0
47,2,B,Trapezoid,T1,3.4,1,1,odd,78.1345,Wide
47,2,B,Trapezoid,T1,3.4,2,2,even,70.2844,Narow
47,2,B,Trapezoid,T1,3.4,3,1,odd,60.8326,Wide
47,2,B,Trapezoid,T1,3.4,4,2,even,128.3032,Narow
47,2,B,Trapezoid,T1,3.4,5,1,odd,46.9713,Wide
47,2,B,Trapezoid,T1,3.4,6,2,even,147.5398,Narow
48,3,A,Square,S1,4.8,1,0,odd,98.069,0
48,3,A,Square,S1,4.8,2,0,even,68.4792,0
48,3,A,Square,S1,4.8,3,0,odd,83.0127,0
48,3,A,Square,S1,4.8,4,0,even,141.3018,0
48,3,A,Square,S1,4.8,5,0,odd,93.036,0
48,3,A,Square,S1,4.8,6,0,even,73.3315,0
48,4,A,Square,S2,4.8,1,0,odd,28.6549,0
48,4,A,Square,S2,4.8,2,0,even,100.8687,0
48,4,A,Square,S2,4.8,3,0,odd,59.1388,0
48,4,A,Square,S2,4.8,4,0,even,70.6562,0
48,4,A,Square,S2,4.8,5,0,odd,150.6679,0
48,4,A,Square,S2,4.8,6,0,even,68.3133,0
48,1,A,Trapezoid,T1,4.8,1,1,odd,55.823,Wide
48,1,A,Trapezoid,T1,4.8,2,2,even,219.2152,Narow
48,1,A,Trapezoid,T1,4.8,3,1,odd,56.3702,Wide
48,1,A,Trapezoid,T1,4.8,4,2,even,130.025,Narow
48,1,A,Trapezoid,T1,4.8,5,1,odd,18.1412,Wide
48,1,A,Trapezoid,T1,4.8,6,2,even,162.6877,Narow
48,2,A,Trapezoid,T2,4.8,1,1,odd,27.4372,Wide
48,2,A,Trapezoid,T2,4.8,2,2,even,179.6655,Narow
48,2,A,Trapezoid,T2,4.8,3,1,odd,81.0012,Wide
48,2,A,Trapezoid,T2,4.8,4,2,even,76.2732,Narow
48,2,A,Trapezoid,T2,4.8,5,2,odd,112.7553,Narow
48,2,A,Trapezoid,T2,4.8,6,1,even,67.6853,Wide
49,2,B,Square,S1,1.866666667,1,0,odd,16.7422,0
49,2,B,Square,S1,1.866666667,2,0,even,78.508,0
49,2,B,Square,S1,1.866666667,3,0,odd,60.5971,0
49,2,B,Square,S1,1.866666667,4,0,even,96.3291,0
49,2,B,Square,S1,1.866666667,5,0,odd,30.5451,0
49,2,B,Square,S1,1.866666667,6,0,even,27.3679,0
49,1,B,Square,S2,1.866666667,1,0,odd,57.7296,0
49,1,B,Square,S2,1.866666667,2,0,even,39.7367,0
49,1,B,Square,S2,1.866666667,3,0,odd,87.4666,0
49,1,B,Square,S2,1.866666667,4,0,even,58.6933,0
49,1,B,Square,S2,1.866666667,5,0,odd,54.517,0
49,1,B,Square,S2,1.866666667,6,0,even,65.356,0
49,4,B,Trapezoid,T1,1.866666667,1,1,odd,90.5169,Wide
49,4,B,Trapezoid,T1,1.866666667,2,2,even,25,Narow
49,4,B,Trapezoid,T1,1.866666667,3,1,odd,53.6489,Wide
49,4,B,Trapezoid,T1,1.866666667,4,2,even,39.6321,Narow
49,4,B,Trapezoid,T1,1.866666667,5,1,odd,27.5609,Wide
49,4,B,Trapezoid,T1,1.866666667,6,2,even,89.5159,Narow
49,3,B,Trapezoid,T2,1.866666667,1,1,odd,58.7435,Wide
49,3,B,Trapezoid,T2,1.866666667,2,2,even,107.6569,Narow
49,3,B,Trapezoid,T2,1.866666667,3,1,odd,22.3697,Wide
49,3,B,Trapezoid,T2,1.866666667,4,2,even,62.0073,Narow
49,3,B,Trapezoid,T2,1.866666667,5,1,odd,57.7426,Wide
49,3,B,Trapezoid,T2,1.866666667,6,2,even,106.8663,Narow
50,1,A,Square,S1,5.2,1,0,odd,25.3697,0
50,1,A,Square,S1,5.2,2,0,even,239.8274,0
50,1,A,Square,S1,5.2,3,0,odd,132.6884,0
50,1,A,Square,S1,5.2,4,0,even,109.5815,0
50,1,A,Square,S1,5.2,5,0,odd,19.5628,0
50,1,A,Square,S1,5.2,6,0,even,39.0833,0
50,4,A,Square,S2,5.2,1,0,odd,94.6229,0
50,4,A,Square,S2,5.2,2,0,even,79.91,0
50,4,A,Square,S2,5.2,3,0,odd,53.768,0
50,4,A,Square,S2,5.2,4,0,even,53.9027,0
50,4,A,Square,S2,5.2,5,0,odd,32.0282,0
50,4,A,Square,S2,5.2,6,0,even,43.344,0
50,2,A,Trapezoid,T1,5.2,1,1,odd,60.8465,Wide
50,2,A,Trapezoid,T1,5.2,2,2,even,61.0295,Narow
50,2,A,Trapezoid,T1,5.2,3,1,odd,7.6748,Wide
50,2,A,Trapezoid,T1,5.2,4,2,even,120.9364,Narow
50,2,A,Trapezoid,T1,5.2,5,1,odd,51.5704,Wide
50,2,A,Trapezoid,T1,5.2,6,2,even,105.762,Narow
50,3,A,Trapezoid,T2,5.2,1,1,odd,100.8677,Wide
50,3,A,Trapezoid,T2,5.2,2,2,even,50.2156,Narow
50,3,A,Trapezoid,T2,5.2,3,1,odd,65.0485,Wide
50,3,A,Trapezoid,T2,5.2,4,2,even,30.153,Narow
50,3,A,Trapezoid,T2,5.2,5,2,odd,12.254,Narow
50,3,A,Trapezoid,T2,5.2,6,1,even,46.8402,Wide
51,4,B,Square,S1,2.4,1,0,odd,84.6475,0
51,4,B,Square,S1,2.4,2,0,even,157.2473,0
51,4,B,Square,S1,2.4,3,0,odd,126.05,0
51,4,B,Square,S1,2.4,4,0,even,63.5815,0
51,4,B,Square,S1,2.4,5,0,odd,188.0875,0
51,4,B,Square,S1,2.4,6,0,even,46.2202,0
51,3,B,Square,S2,2.4,1,0,odd,124.327,0
51,3,B,Square,S2,2.4,2,0,even,113.4068,0
51,3,B,Square,S2,2.4,3,0,odd,62.8315,0
51,3,B,Square,S2,2.4,4,0,even,32.8771,0
51,3,B,Square,S2,2.4,5,0,odd,74.2644,0
51,3,B,Square,S2,2.4,6,0,even,118.1177,0
51,1,B,Trapezoid,T1,2.4,1,1,odd,79.4355,Wide
51,1,B,Trapezoid,T1,2.4,2,2,even,117.9402,Narow
51,1,B,Trapezoid,T1,2.4,3,1,odd,62.9341,Wide
51,1,B,Trapezoid,T1,2.4,4,2,even,166.4269,Narow
51,1,B,Trapezoid,T1,2.4,5,1,odd,54.2826,Wide
51,1,B,Trapezoid,T1,2.4,6,2,even,143.6454,Narow
51,2,B,Trapezoid,T2,2.4,1,1,odd,37.1659,Wide
51,2,B,Trapezoid,T2,2.4,2,2,even,57.2923,Narow
51,2,B,Trapezoid,T2,2.4,3,1,odd,87.0092,Wide
51,2,B,Trapezoid,T2,2.4,4,2,even,37.1659,Narow
51,2,B,Trapezoid,T2,2.4,5,1,odd,64.3087,Wide
51,2,B,Trapezoid,T2,2.4,6,2,even,70.2204,Narow
53,4,B,Square,S1,3.533333333,1,0,odd,11.0092,0
53,4,B,Square,S1,3.533333333,2,0,even,20.065,0
53,4,B,Square,S1,3.533333333,3,0,odd,68.5354,0
53,4,B,Square,S1,3.533333333,4,0,even,78.5557,0
53,4,B,Square,S1,3.533333333,5,0,odd,80.568,0
53,4,B,Square,S1,3.533333333,6,0,even,34.4906,0
53,3,B,Square,S2,3.533333333,1,0,odd,2.2809,0
53,3,B,Square,S2,3.533333333,2,0,even,96.7611,0
53,3,B,Square,S2,3.533333333,3,0,odd,76.2476,0
53,3,B,Square,S2,3.533333333,4,0,even,48.2214,0
53,3,B,Square,S2,3.533333333,5,0,odd,76.1269,0
53,3,B,Square,S2,3.533333333,6,0,even,85.6359,0
53,1,B,Trapezoid,T1,3.533333333,1,1,odd,49.7645,Wide
53,1,B,Trapezoid,T1,3.533333333,2,2,even,76.8974,Narow
53,1,B,Trapezoid,T1,3.533333333,3,1,odd,73.0712,Wide
53,1,B,Trapezoid,T1,3.533333333,4,2,even,77.0318,Narow
53,1,B,Trapezoid,T1,3.533333333,5,1,odd,15.0832,Wide
53,1,B,Trapezoid,T1,3.533333333,6,2,even,101.8828,Narow
53,2,B,Trapezoid,T2,3.533333333,1,1,odd,40.3101,Wide
53,2,B,Trapezoid,T2,3.533333333,2,2,even,114.8974,Narow
53,2,B,Trapezoid,T2,3.533333333,3,1,odd,7.1835,Wide
53,2,B,Trapezoid,T2,3.533333333,4,2,even,79.3562,Narow
53,2,B,Trapezoid,T2,3.533333333,5,1,odd,39.9763,Wide
53,2,B,Trapezoid,T2,3.533333333,6,2,even,77.9237,Narow
54,3,A,Square,S1,5.4,1,0,odd,150.2023,0
54,3,A,Square,S1,5.4,2,0,even,23.7866,0
54,3,A,Square,S1,5.4,3,0,odd,120.0862,0
54,3,A,Square,S1,5.4,4,0,even,105.8707,0
54,3,A,Square,S1,5.4,5,0,odd,84.3457,0
54,3,A,Square,S1,5.4,6,0,even,76.2896,0
54,4,A,Square,S2,5.4,1,0,odd,104.4414,0
54,4,A,Square,S2,5.4,2,0,even,57.5978,0
54,4,A,Square,S2,5.4,3,0,odd,101.5495,0
54,4,A,Square,S2,5.4,4,0,even,28,0
54,4,A,Square,S2,5.4,5,0,odd,52.588,0
54,4,A,Square,S2,5.4,6,0,even,90.5384,0
54,1,A,Trapezoid,T1,5.4,1,1,odd,73.8884,Wide
54,1,A,Trapezoid,T1,5.4,2,2,even,110.1985,Narow
54,1,A,Trapezoid,T1,5.4,3,1,odd,12.0126,Wide
54,1,A,Trapezoid,T1,5.4,4,2,even,34.6814,Narow
54,1,A,Trapezoid,T1,5.4,5,1,odd,40.1348,Wide
54,1,A,Trapezoid,T1,5.4,6,2,even,30.9565,Narow
54,2,A,Trapezoid,T2,5.4,1,1,odd,6.4809,Wide
54,2,A,Trapezoid,T2,5.4,2,2,even,33.7876,Narow
54,2,A,Trapezoid,T2,5.4,3,1,odd,85.4049,Wide
54,2,A,Trapezoid,T2,5.4,4,2,even,28.3285,Narow
54,2,A,Trapezoid,T2,5.4,5,2,odd,72.5104,Narow
54,2,A,Trapezoid,T2,5.4,6,1,even,59.965,Wide
55,4,B,Square,S1,4.266666667,1,0,odd,37.2948,0
55,4,B,Square,S1,4.266666667,2,0,even,173.6534,0
55,4,B,Square,S1,4.266666667,3,0,odd,263.3186,0
55,4,B,Square,S1,4.266666667,4,0,even,171.7195,0
55,4,B,Square,S1,4.266666667,5,0,odd,343.1848,0
55,4,B,Square,S1,4.266666667,6,0,even,318.9265,0
55,3,B,Square,S2,4.266666667,1,0,odd,25.4205,0
55,3,B,Square,S2,4.266666667,2,0,even,72.753,0
55,3,B,Square,S2,4.266666667,3,0,odd,116.0698,0
55,3,B,Square,S2,4.266666667,4,0,even,208.0216,0
55,3,B,Square,S2,4.266666667,5,0,odd,48.5706,0
55,3,B,Square,S2,4.266666667,6,0,even,152.0684,0
55,2,B,Trapezoid,T1,4.266666667,1,1,odd,334.4954,Wide
55,2,B,Trapezoid,T1,4.266666667,2,2,even,331.1781,Narow
55,2,B,Trapezoid,T1,4.266666667,3,1,odd,60.7931,Wide
55,2,B,Trapezoid,T1,4.266666667,4,2,even,451.4212,Narow
55,2,B,Trapezoid,T1,4.266666667,5,1,odd,71.4654,Wide
55,2,B,Trapezoid,T1,4.266666667,6,2,even,237.7284,Narow
55,1,B,Trapezoid,T2,4.266666667,1,1,odd,538.133,Wide
55,1,B,Trapezoid,T2,4.266666667,2,2,even,88.3437,Narow
55,1,B,Trapezoid,T2,4.266666667,3,1,odd,115.6352,Wide
55,1,B,Trapezoid,T2,4.266666667,4,2,even,481.0732,Narow
55,1,B,Trapezoid,T2,4.266666667,5,1,odd,13.2929,Wide
55,1,B,Trapezoid,T2,4.266666667,6,2,even,38.9731,Narow
56,3,A,Square,S1,4.066666667,1,0,odd,13.2636,0
56,3,A,Square,S1,4.066666667,2,0,even,25.1397,0
56,3,A,Square,S1,4.066666667,3,0,odd,66.2337,0
56,3,A,Square,S1,4.066666667,4,0,even,45.4225,0
56,3,A,Square,S1,4.066666667,5,0,odd,49.0408,0
56,3,A,Square,S1,4.066666667,6,0,even,5.3668,0
56,4,A,Square,S2,4.066666667,1,0,odd,101.0297,0
56,4,A,Square,S2,4.066666667,2,0,even,108.0685,0
56,4,A,Square,S2,4.066666667,3,0,odd,131.8071,0
56,4,A,Square,S2,4.066666667,4,0,even,69,0
56,4,A,Square,S2,4.066666667,5,0,odd,26.4311,0
56,4,A,Square,S2,4.066666667,6,0,even,84.3961,0
56,1,A,Trapezoid,T1,4.066666667,1,1,odd,42.132,Wide
56,1,A,Trapezoid,T1,4.066666667,2,2,even,222.0962,Narow
56,1,A,Trapezoid,T1,4.066666667,3,1,odd,26.5933,Wide
56,1,A,Trapezoid,T1,4.066666667,4,2,even,156.7945,Narow
56,1,A,Trapezoid,T1,4.066666667,5,1,odd,52.531,Wide
56,1,A,Trapezoid,T1,4.066666667,6,2,even,191.2574,Narow
56,2,A,Trapezoid,T2,4.066666667,1,1,odd,18.2182,Wide
56,2,A,Trapezoid,T2,4.066666667,2,2,even,279.8192,Narow
56,2,A,Trapezoid,T2,4.066666667,3,1,odd,102.6056,Wide
56,2,A,Trapezoid,T2,4.066666667,4,2,even,130.6247,Narow
56,2,A,Trapezoid,T2,4.066666667,5,2,odd,123.853,Narow
56,2,A,Trapezoid,T2,4.066666667,6,1,even,90.3261,Wide
57,4,B,Square,S1,5.6,1,0,odd,33.0787,0
57,4,B,Square,S1,5.6,2,0,even,52.2953,0
57,4,B,Square,S1,5.6,3,0,odd,21.2651,0
57,4,B,Square,S1,5.6,4,0,even,62.6865,0
57,4,B,Square,S1,5.6,5,0,odd,95.6337,0
57,4,B,Square,S1,5.6,6,0,even,81.4561,0
57,3,B,Square,S2,5.6,1,0,odd,68.2906,0
57,3,B,Square,S2,5.6,2,0,even,50.631,0
57,3,B,Square,S2,5.6,3,0,odd,48.0573,0
57,3,B,Square,S2,5.6,4,0,even,46.9862,0
57,3,B,Square,S2,5.6,5,0,odd,22.2329,0
57,3,B,Square,S2,5.6,6,0,even,38.9449,0
58,3,A,Square,S1,4.333333333,1,0,odd,148.4912,0
58,3,A,Square,S1,4.333333333,2,0,even,15.55,0
58,3,A,Square,S1,4.333333333,3,0,odd,161.7436,0
58,3,A,Square,S1,4.333333333,4,0,even,102.9694,0
58,3,A,Square,S1,4.333333333,5,0,odd,93.6542,0
58,3,A,Square,S1,4.333333333,6,0,even,60.8227,0
58,2,A,Square,S2,4.333333333,1,0,odd,64.0929,0
58,2,A,Square,S2,4.333333333,2,0,even,55.0954,0
58,2,A,Square,S2,4.333333333,3,0,odd,126.2628,0
58,2,A,Square,S2,4.333333333,4,0,even,55.2612,0
58,2,A,Square,S2,4.333333333,5,0,odd,62.1104,0
58,2,A,Square,S2,4.333333333,6,0,even,111.1796,0
58,1,A,Trapezoid,T1,4.333333333,1,1,odd,49.3356,Wide
58,1,A,Trapezoid,T1,4.333333333,2,2,even,85.6779,Narow
58,1,A,Trapezoid,T1,4.333333333,3,1,odd,11.6749,Wide
58,1,A,Trapezoid,T1,4.333333333,4,2,even,79.3165,Narow
58,1,A,Trapezoid,T1,4.333333333,5,1,odd,45.6257,Wide
58,1,A,Trapezoid,T1,4.333333333,6,2,even,103.7907,Narow
58,4,A,Trapezoid,T2,4.333333333,1,1,odd,67.1297,Wide
58,4,A,Trapezoid,T2,4.333333333,2,2,even,115.9517,Narow
58,4,A,Trapezoid,T2,4.333333333,3,1,odd,48.4025,Wide
58,4,A,Trapezoid,T2,4.333333333,4,2,even,24.4725,Narow
58,4,A,Trapezoid,T2,4.333333333,5,2,odd,14.0911,Narow
58,4,A,Trapezoid,T2,4.333333333,6,1,even,45.1077,Wide
59,2,B,Square,S1,5.133333333,1,0,odd,9.5866,0
59,2,B,Square,S1,5.133333333,2,0,even,30.2953,0
59,2,B,Square,S1,5.133333333,3,0,odd,69.4428,0
59,2,B,Square,S1,5.133333333,4,0,even,47.9834,0
59,2,B,Square,S1,5.133333333,5,0,odd,39.9875,0
59,2,B,Square,S1,5.133333333,6,0,even,57.1691,0
59,1,B,Square,S2,5.133333333,1,0,odd,14.8291,0
59,1,B,Square,S2,5.133333333,2,0,even,55.9902,0
59,1,B,Square,S2,5.133333333,3,0,odd,36.187,0
59,1,B,Square,S2,5.133333333,4,0,even,21.2933,0
59,1,B,Square,S2,5.133333333,5,0,odd,48.051,0
59,1,B,Square,S2,5.133333333,6,0,even,46.1465,0
59,3,B,Trapezoid,T1,5.133333333,1,1,odd,11.3535,Wide
59,3,B,Trapezoid,T1,5.133333333,2,2,even,66.0084,Narow
59,3,B,Trapezoid,T1,5.133333333,3,1,odd,35.9138,Wide
59,3,B,Trapezoid,T1,5.133333333,4,2,even,78.1742,Narow
59,3,B,Trapezoid,T1,5.133333333,5,1,odd,37.5952,Wide
59,3,B,Trapezoid,T1,5.133333333,6,2,even,134.0951,Narow
59,4,B,Trapezoid,T2,5.133333333,1,1,odd,21.069,Wide
59,4,B,Trapezoid,T2,5.133333333,2,2,even,136.5742,Narow
59,4,B,Trapezoid,T2,5.133333333,3,1,odd,28.681,Wide
59,4,B,Trapezoid,T2,5.133333333,4,2,even,131.4854,Narow
59,4,B,Trapezoid,T2,5.133333333,5,1,odd,59.1042,Wide
59,4,B,Trapezoid,T2,5.133333333,6,2,even,146.0438,Narow
60,3,A,Square,S1,3.6,1,0,odd,155.0004,0
60,3,A,Square,S1,3.6,2,0,even,27.3697,0
60,3,A,Square,S1,3.6,3,0,odd,38.45,0
60,3,A,Square,S1,3.6,4,0,even,34.7319,0
60,3,A,Square,S1,3.6,5,0,odd,12.223,0
60,3,A,Square,S1,3.6,6,0,even,39.9312,0
60,2,A,Square,S2,3.6,1,0,odd,25.1854,0
60,2,A,Square,S2,3.6,2,0,even,43.0488,0
60,2,A,Square,S2,3.6,3,0,odd,83.6911,0
60,2,A,Square,S2,3.6,4,0,even,26.1305,0
60,2,A,Square,S2,3.6,5,0,odd,105.5135,0
60,2,A,Square,S2,3.6,6,0,even,66.3627,0
60,1,A,Trapezoid,T1,3.6,1,1,odd,154.2265,Wide
60,1,A,Trapezoid,T1,3.6,2,2,even,60.1706,Narow
60,1,A,Trapezoid,T1,3.6,3,1,odd,73.0069,Wide
60,1,A,Trapezoid,T1,3.6,4,2,even,79.2994,Narow
60,1,A,Trapezoid,T1,3.6,5,1,odd,66.4161,Wide
60,1,A,Trapezoid,T1,3.6,6,2,even,126.6724,Narow
61,3,B,Square,S2,4,1,0,odd,39.2441,0
61,3,B,Square,S2,4,2,0,even,37.0527,0
61,3,B,Square,S2,4,3,0,odd,89.5461,0
61,3,B,Square,S2,4,4,0,even,49.986,0
61,3,B,Square,S2,4,5,0,odd,40.5241,0
61,3,B,Square,S2,4,6,0,even,86.1754,0
61,2,B,Trapezoid,T1,4,1,1,odd,65.5401,Wide
61,2,B,Trapezoid,T1,4,2,2,even,21.6749,Narow
61,2,B,Trapezoid,T1,4,3,1,odd,40.05,Wide
61,2,B,Trapezoid,T1,4,4,2,even,31.8575,Narow
61,2,B,Trapezoid,T1,4,5,1,odd,59.083,Wide
61,2,B,Trapezoid,T1,4,6,2,even,100.9277,Narow
61,1,B,Trapezoid,T2,4,1,1,odd,318.9638,Wide
61,1,B,Trapezoid,T2,4,2,2,even,281.905,Narow
61,1,B,Trapezoid,T2,4,3,1,odd,33.3392,Wide
61,1,B,Trapezoid,T2,4,4,2,even,547.5394,Narow
61,1,B,Trapezoid,T2,4,5,1,odd,54.6398,Wide
61,1,B,Trapezoid,T2,4,6,2,even,132.801,Narow
62,1,A,Square,S1,5.466666667,1,0,odd,69.1565,0
62,1,A,Square,S1,5.466666667,2,0,even,16.6344,0
62,1,A,Square,S1,5.466666667,3,0,odd,44.5219,0
62,1,A,Square,S1,5.466666667,4,0,even,53.9982,0
62,1,A,Square,S1,5.466666667,5,0,odd,22.6385,0
62,1,A,Square,S1,5.466666667,6,0,even,11.0001,0
62,4,A,Square,S2,5.466666667,1,0,odd,11.7219,0
62,4,A,Square,S2,5.466666667,2,0,even,33.9205,0
62,4,A,Square,S2,5.466666667,3,0,odd,81.5561,0
62,4,A,Square,S2,5.466666667,4,0,even,35.6062,0
62,4,A,Square,S2,5.466666667,5,0,odd,44.109,0
62,4,A,Square,S2,5.466666667,6,0,even,92.6968,0
62,3,A,Trapezoid,T1,5.466666667,1,1,odd,43.8452,Wide
62,3,A,Trapezoid,T1,5.466666667,2,2,even,107.0098,Narow
62,3,A,Trapezoid,T1,5.466666667,3,1,odd,27.2617,Wide
62,3,A,Trapezoid,T1,5.466666667,4,2,even,104.9271,Narow
62,3,A,Trapezoid,T1,5.466666667,5,1,odd,24.0749,Wide
62,3,A,Trapezoid,T1,5.466666667,6,2,even,117.6049,Narow
62,2,A,Trapezoid,T2,5.466666667,1,1,odd,64.4159,Wide
62,2,A,Trapezoid,T2,5.466666667,2,2,even,158.922,Narow
62,2,A,Trapezoid,T2,5.466666667,3,1,odd,95.573,Wide
62,2,A,Trapezoid,T2,5.466666667,4,2,even,90.6118,Narow
62,2,A,Trapezoid,T2,5.466666667,5,2,odd,92.9535,Narow
62,2,A,Trapezoid,T2,5.466666667,6,1,even,25.0899,Wide
63,2,B,Square,S1,2.2,1,0,odd,88.0676,0
63,2,B,Square,S1,2.2,2,0,even,124.0407,0
63,2,B,Square,S1,2.2,3,0,odd,128.6554,0
63,2,B,Square,S1,2.2,4,0,even,41.562,0
63,2,B,Square,S1,2.2,5,0,odd,21.6957,0
63,2,B,Square,S1,2.2,6,0,even,58.5406,0
63,1,B,Square,S2,2.2,1,0,odd,68.9884,0
63,1,B,Square,S2,2.2,2,0,even,109.1568,0
63,1,B,Square,S2,2.2,3,0,odd,109.7666,0
63,1,B,Square,S2,2.2,4,0,even,54.1683,0
63,1,B,Square,S2,2.2,5,0,odd,46.101,0
63,1,B,Square,S2,2.2,6,0,even,137.8459,0
63,4,B,Trapezoid,T1,2.2,1,1,odd,63.2922,Wide
63,4,B,Trapezoid,T1,2.2,2,2,even,14.0001,Narow
63,4,B,Trapezoid,T1,2.2,3,1,odd,43.8703,Wide
63,4,B,Trapezoid,T1,2.2,4,2,even,16.5319,Narow
63,4,B,Trapezoid,T1,2.2,5,1,odd,10.8445,Wide
63,4,B,Trapezoid,T1,2.2,6,2,even,63.3727,Narow
63,3,B,Trapezoid,T2,2.2,1,1,odd,44.9911,Wide
63,3,B,Trapezoid,T2,2.2,2,2,even,117.5496,Narow
63,3,B,Trapezoid,T2,2.2,3,1,odd,44.4567,Wide
63,3,B,Trapezoid,T2,2.2,4,2,even,111.2807,Narow
63,3,B,Trapezoid,T2,2.2,5,1,odd,42.768,Wide
63,3,B,Trapezoid,T2,2.2,6,2,even,109.4308,Narow
64,4,A,Square,S1,5.333333333,1,0,odd,38.3083,0
64,4,A,Square,S1,5.333333333,2,0,even,14.7987,0
64,4,A,Square,S1,5.333333333,3,0,odd,79.2805,0
64,4,A,Square,S1,5.333333333,4,0,even,33.0984,0
64,4,A,Square,S1,5.333333333,5,0,odd,50.7405,0
64,4,A,Square,S1,5.333333333,6,0,even,16.5742,0
64,2,A,Square,S2,5.333333333,1,0,odd,69.9471,0
64,2,A,Square,S2,5.333333333,2,0,even,27.4482,0
64,2,A,Square,S2,5.333333333,3,0,odd,78.688,0
64,2,A,Square,S2,5.333333333,4,0,even,32.9318,0
64,2,A,Square,S2,5.333333333,5,0,odd,10.5784,0
64,2,A,Square,S2,5.333333333,6,0,even,86.8833,0
64,1,A,Trapezoid,T1,5.333333333,1,1,odd,64.866,Wide
64,1,A,Trapezoid,T1,5.333333333,2,2,even,30.7263,Narow
64,1,A,Trapezoid,T1,5.333333333,3,1,odd,10.04,Wide
64,1,A,Trapezoid,T1,5.333333333,4,2,even,165.278,Narow
64,1,A,Trapezoid,T1,5.333333333,5,1,odd,131.9197,Wide
64,1,A,Trapezoid,T1,5.333333333,6,2,even,465.341,Narow
64,3,A,Trapezoid,T2,5.333333333,1,1,odd,31.442,Wide
64,3,A,Trapezoid,T2,5.333333333,2,2,even,182.0731,Narow
64,3,A,Trapezoid,T2,5.333333333,3,1,odd,61.1245,Wide
64,3,A,Trapezoid,T2,5.333333333,4,2,even,53.0255,Narow
64,3,A,Trapezoid,T2,5.333333333,5,2,odd,63.014,Narow
64,3,A,Trapezoid,T2,5.333333333,6,1,even,86.6735,Wide
65,1,B,Square,S1,4.857142857,1,0,odd,90.1149,0
65,1,B,Square,S1,4.857142857,2,0,even,204.9376,0
65,1,B,Square,S1,4.857142857,3,0,odd,180.9431,0
65,1,B,Square,S1,4.857142857,4,0,even,77.9615,0
65,1,B,Square,S1,4.857142857,5,0,odd,115.6162,0
65,1,B,Square,S1,4.857142857,6,0,even,144.8227,0
65,3,B,Square,S2,4.857142857,1,0,odd,76.1098,0
65,3,B,Square,S2,4.857142857,2,0,even,239.7949,0
65,3,B,Square,S2,4.857142857,3,0,odd,161.9034,0
65,3,B,Square,S2,4.857142857,4,0,even,39.6068,0
65,3,B,Square,S2,4.857142857,5,0,odd,117.1486,0
65,3,B,Square,S2,4.857142857,6,0,even,139.6449,0
65,2,B,Trapezoid,T1,4.857142857,1,1,odd,89.0915,Wide
65,2,B,Trapezoid,T1,4.857142857,2,2,even,54.2826,Narow
65,2,B,Trapezoid,T1,4.857142857,3,1,odd,139.8817,Wide
65,2,B,Trapezoid,T1,4.857142857,4,2,even,93.2052,Narow
65,2,B,Trapezoid,T1,4.857142857,5,1,odd,59.0585,Wide
65,2,B,Trapezoid,T1,4.857142857,6,2,even,185.2002,Narow
65,4,B,Trapezoid,T2,4.857142857,1,1,odd,105.5727,Wide
65,4,B,Trapezoid,T2,4.857142857,2,2,even,66.3958,Narow
65,4,B,Trapezoid,T2,4.857142857,3,1,odd,52.3985,Wide
65,4,B,Trapezoid,T2,4.857142857,4,2,even,114.2712,Narow
65,4,B,Trapezoid,T2,4.857142857,5,1,odd,51.0108,Wide
65,4,B,Trapezoid,T2,4.857142857,6,2,even,96.9118,Narow
66,2,A,Square,S1,5.2,1,0,odd,69.0661,0
66,2,A,Square,S1,5.2,2,0,even,34.8741,0
66,2,A,Square,S1,5.2,3,0,odd,119.9825,0
66,2,A,Square,S1,5.2,4,0,even,157.9779,0
66,2,A,Square,S1,5.2,5,0,odd,18.8601,0
66,2,A,Square,S1,5.2,6,0,even,57.396,0
66,4,A,Square,S2,5.2,1,0,odd,64.1202,0
66,4,A,Square,S2,5.2,2,0,even,83.8177,0
66,4,A,Square,S2,5.2,3,0,odd,74.0709,0
66,4,A,Square,S2,5.2,4,0,even,20.4451,0
66,4,A,Square,S2,5.2,5,0,odd,83.1787,0
66,4,A,Square,S2,5.2,6,0,even,60.6449,0
66,3,A,Trapezoid,T1,5.2,1,1,odd,27.7633,Wide
66,3,A,Trapezoid,T1,5.2,2,2,even,129.0407,Narow
66,3,A,Trapezoid,T1,5.2,3,1,odd,75.8103,Wide
66,3,A,Trapezoid,T1,5.2,4,2,even,103.8687,Narow
66,3,A,Trapezoid,T1,5.2,5,1,odd,123.2668,Wide
66,3,A,Trapezoid,T1,5.2,6,2,even,100.5042,Narow
66,1,A,Trapezoid,T2,5.2,1,1,odd,102.0211,Wide
66,1,A,Trapezoid,T2,5.2,2,2,even,143.5399,Narow
66,1,A,Trapezoid,T2,5.2,3,1,odd,72.1228,Wide
66,1,A,Trapezoid,T2,5.2,4,2,even,109.5733,Narow
66,1,A,Trapezoid,T2,5.2,5,2,odd,86.9733,Narow
66,1,A,Trapezoid,T2,5.2,6,1,even,56.768,Wide
67,3,B,Square,S1,4.066666667,1,0,odd,16.6133,0
67,3,B,Square,S1,4.066666667,2,0,even,38.5176,0
67,3,B,Square,S1,4.066666667,3,0,odd,38.9282,0
67,3,B,Square,S1,4.066666667,4,0,even,102.4305,0
67,3,B,Square,S1,4.066666667,5,0,odd,81.0019,0
67,3,B,Square,S1,4.066666667,6,0,even,93.0983,0
67,1,B,Square,S2,4.066666667,1,0,odd,87.3751,0
67,1,B,Square,S2,4.066666667,2,0,even,35,0
67,1,B,Square,S2,4.066666667,3,0,odd,109.6791,0
67,1,B,Square,S2,4.066666667,4,0,even,135.5079,0
67,1,B,Square,S2,4.066666667,5,0,odd,336.9257,0
67,1,B,Square,S2,4.066666667,6,0,even,287.5924,0
67,4,B,Trapezoid,T1,4.066666667,1,1,odd,80.5748,Wide
67,4,B,Trapezoid,T1,4.066666667,2,2,even,65.1452,Narow
67,4,B,Trapezoid,T1,4.066666667,3,1,odd,64.304,Wide
67,4,B,Trapezoid,T1,4.066666667,4,2,even,213.7552,Narow
67,4,B,Trapezoid,T1,4.066666667,5,1,odd,37.1201,Wide
67,4,B,Trapezoid,T1,4.066666667,6,2,even,169.5624,Narow
67,2,B,Trapezoid,T2,4.066666667,1,1,odd,58.1825,Wide
67,2,B,Trapezoid,T2,4.066666667,2,2,even,103.3731,Narow
67,2,B,Trapezoid,T2,4.066666667,3,1,odd,29.8815,Wide
67,2,B,Trapezoid,T2,4.066666667,4,2,even,56.6207,Narow
67,2,B,Trapezoid,T2,4.066666667,5,1,odd,63.3711,Wide
67,2,B,Trapezoid,T2,4.066666667,6,2,even,80.7007,Narow
68,3,A,Square,S1,4.933333333,1,0,odd,51.7342,0
68,3,A,Square,S1,4.933333333,2,0,even,22.3361,0
68,3,A,Square,S1,4.933333333,3,0,odd,61.2919,0
68,3,A,Square,S1,4.933333333,4,0,even,79.0962,0
68,3,A,Square,S1,4.933333333,5,0,odd,54.5078,0
68,3,A,Square,S1,4.933333333,6,0,even,8.8827,0
68,4,A,Square,S2,4.933333333,1,0,odd,13.6968,0
68,4,A,Square,S2,4.933333333,2,0,even,34.9614,0
68,4,A,Square,S2,4.933333333,3,0,odd,40.4525,0
68,4,A,Square,S2,4.933333333,4,0,even,31.6133,0
68,4,A,Square,S2,4.933333333,5,0,odd,39.2225,0
68,4,A,Square,S2,4.933333333,6,0,even,28.0215,0
68,2,A,Trapezoid,T1,4.933333333,1,1,odd,60.5128,Wide
68,2,A,Trapezoid,T1,4.933333333,2,2,even,123.8031,Narow
68,2,A,Trapezoid,T1,4.933333333,3,1,odd,17.1086,Wide
68,2,A,Trapezoid,T1,4.933333333,4,2,even,35.9806,Narow
68,2,A,Trapezoid,T1,4.933333333,5,1,odd,63.7056,Wide
68,2,A,Trapezoid,T1,4.933333333,6,2,even,70.423,Narow
68,1,A,Trapezoid,T2,4.933333333,1,1,odd,95.7486,Wide
68,1,A,Trapezoid,T2,4.933333333,2,2,even,42.4794,Narow
68,1,A,Trapezoid,T2,4.933333333,3,1,odd,58.3661,Wide
68,1,A,Trapezoid,T2,4.933333333,4,2,even,98.8089,Narow
68,1,A,Trapezoid,T2,4.933333333,5,2,odd,106.4498,Narow
68,1,A,Trapezoid,T2,4.933333333,6,1,even,18.8362,Wide
69,4,B,Square,S1,5.533333333,1,0,odd,9.0555,0
69,4,B,Square,S1,5.533333333,2,0,even,70.2033,0
69,4,B,Square,S1,5.533333333,3,0,odd,48.2162,0
69,4,B,Square,S1,5.533333333,4,0,even,43.6578,0
69,4,B,Square,S1,5.533333333,5,0,odd,4.2898,0
69,4,B,Square,S1,5.533333333,6,0,even,39.5083,0
69,1,B,Square,S2,5.533333333,1,0,odd,16.7153,0
69,1,B,Square,S2,5.533333333,2,0,even,46.2569,0
69,1,B,Square,S2,5.533333333,3,0,odd,30.1015,0
69,1,B,Square,S2,5.533333333,4,0,even,22.8671,0
69,1,B,Square,S2,5.533333333,5,0,odd,15.1856,0
69,1,B,Square,S2,5.533333333,6,0,even,63.1118,0
69,3,B,Trapezoid,T1,5.533333333,1,1,odd,22.1202,Wide
69,3,B,Trapezoid,T1,5.533333333,2,2,even,65.0185,Narow
69,3,B,Trapezoid,T1,5.533333333,3,1,odd,15.2775,Wide
69,3,B,Trapezoid,T1,5.533333333,4,2,even,34.3803,Narow
69,3,B,Trapezoid,T1,5.533333333,5,1,odd,31.4102,Wide
69,3,B,Trapezoid,T1,5.533333333,6,2,even,70.6223,Narow
69,2,B,Trapezoid,T2,5.533333333,1,1,odd,20.147,Wide
69,2,B,Trapezoid,T2,5.533333333,2,2,even,60,Narow
69,2,B,Trapezoid,T2,5.533333333,3,1,odd,46.9212,Wide
69,2,B,Trapezoid,T2,5.533333333,4,2,even,47.2705,Narow
69,2,B,Trapezoid,T2,5.533333333,5,1,odd,48.776,Wide
69,2,B,Trapezoid,T2,5.533333333,6,2,even,85.0077,Narow
70,1,A,Square,S1,4.571428571,1,0,odd,5.9095,0
70,1,A,Square,S1,4.571428571,2,0,even,36.1304,0
70,1,A,Square,S1,4.571428571,3,0,odd,59.0686,0
70,1,A,Square,S1,4.571428571,4,0,even,38.3888,0
70,1,A,Square,S1,4.571428571,5,0,odd,24.6415,0
70,1,A,Square,S1,4.571428571,6,0,even,49.7404,0
70,2,A,Square,S2,4.571428571,1,0,odd,27.9536,0
70,2,A,Square,S2,4.571428571,2,0,even,52.451,0
70,2,A,Square,S2,4.571428571,3,0,odd,17.3753,0
70,2,A,Square,S2,4.571428571,4,0,even,36.6593,0
70,2,A,Square,S2,4.571428571,5,0,odd,173.0173,0
70,2,A,Square,S2,4.571428571,6,0,even,23.2207,0
70,4,A,Trapezoid,T1,4.571428571,1,1,odd,60.5748,Wide
70,4,A,Trapezoid,T1,4.571428571,2,2,even,31.845,Narow
70,4,A,Trapezoid,T1,4.571428571,3,1,odd,140.0532,Wide
70,4,A,Trapezoid,T1,4.571428571,4,2,even,136.1775,Narow
70,4,A,Trapezoid,T1,4.571428571,5,1,odd,129.0093,Wide
70,4,A,Trapezoid,T1,4.571428571,6,2,even,71.2166,Narow
70,3,A,Trapezoid,T2,4.571428571,1,1,odd,82.7013,Wide
70,3,A,Trapezoid,T2,4.571428571,2,2,even,28.0357,Narow
70,3,A,Trapezoid,T2,4.571428571,3,1,odd,72.5913,Wide
70,3,A,Trapezoid,T2,4.571428571,4,2,even,58.5944,Narow
70,3,A,Trapezoid,T2,4.571428571,5,2,odd,52.6361,Narow
70,3,A,Trapezoid,T2,4.571428571,6,1,even,47.2853,Wide
71,2,B,Square,S1,5.466666667,1,0,odd,54.583,0
71,2,B,Square,S1,5.466666667,2,0,even,100.0475,0
71,2,B,Square,S1,5.466666667,3,0,odd,153.0196,0
71,2,B,Square,S1,5.466666667,4,0,even,55.5473,0
71,2,B,Square,S1,5.466666667,5,0,odd,29.0758,0
71,2,B,Square,S1,5.466666667,6,0,even,111.541,0
71,3,B,Square,S2,5.466666667,1,0,odd,97.1499,0
71,3,B,Square,S2,5.466666667,2,0,even,36.9743,0
71,3,B,Square,S2,5.466666667,3,0,odd,89.1718,0
71,3,B,Square,S2,5.466666667,4,0,even,88.4783,0
71,3,B,Square,S2,5.466666667,5,0,odd,57.3472,0
71,3,B,Square,S2,5.466666667,6,0,even,97.5628,0
71,1,B,Trapezoid,T1,5.466666667,1,1,odd,401.2606,Wide
71,1,B,Trapezoid,T1,5.466666667,2,2,even,334.8019,Narow
71,1,B,Trapezoid,T1,5.466666667,3,1,odd,240.6248,Wide
71,1,B,Trapezoid,T1,5.466666667,4,2,even,444.2605,Narow
71,1,B,Trapezoid,T1,5.466666667,5,1,odd,398.513,Wide
71,1,B,Trapezoid,T1,5.466666667,6,2,even,408.5997,Narow
71,4,B,Trapezoid,T2,5.466666667,1,1,odd,25.2112,Wide
71,4,B,Trapezoid,T2,5.466666667,2,2,even,173.4333,Narow
71,4,B,Trapezoid,T2,5.466666667,3,1,odd,16.5409,Wide
71,4,B,Trapezoid,T2,5.466666667,4,2,even,108.0042,Narow
71,4,B,Trapezoid,T2,5.466666667,5,1,odd,57.2503,Wide
71,4,B,Trapezoid,T2,5.466666667,6,2,even,36.6484,Narow
72,2,A,Square,S1,4.333333333,1,0,odd,20.6088,0
72,2,A,Square,S1,4.333333333,2,0,even,64.276,0
72,2,A,Square,S1,4.333333333,3,0,odd,104.4112,0
72,2,A,Square,S1,4.333333333,4,0,even,59.1388,0
72,2,A,Square,S1,4.333333333,5,0,odd,91.2447,0
72,2,A,Square,S1,4.333333333,6,0,even,59.0712,0
72,1,A,Square,S2,4.333333333,1,0,odd,113.3667,0
72,1,A,Square,S2,4.333333333,2,0,even,91.7322,0
72,1,A,Square,S2,4.333333333,3,0,odd,130.9103,0
72,1,A,Square,S2,4.333333333,4,0,even,17.7821,0
72,1,A,Square,S2,4.333333333,5,0,odd,150.0143,0
72,1,A,Square,S2,4.333333333,6,0,even,206.1868,0
72,4,A,Trapezoid,T1,4.333333333,1,1,odd,32.3729,Wide
72,4,A,Trapezoid,T1,4.333333333,2,2,even,49.1956,Narow
72,4,A,Trapezoid,T1,4.333333333,3,1,odd,26.8403,Wide
72,4,A,Trapezoid,T1,4.333333333,4,2,even,42.4264,Narow
72,4,A,Trapezoid,T1,4.333333333,5,1,odd,37.6975,Wide
72,4,A,Trapezoid,T1,4.333333333,6,2,even,24.1019,Narow
72,3,A,Trapezoid,T2,4.333333333,1,1,odd,9.2034,Wide
72,3,A,Trapezoid,T2,4.333333333,2,2,even,58.4474,Narow
72,3,A,Trapezoid,T2,4.333333333,3,1,odd,19.8571,Wide
72,3,A,Trapezoid,T2,4.333333333,4,2,even,66.5515,Narow
72,3,A,Trapezoid,T2,4.333333333,5,2,odd,48.5341,Narow
72,3,A,Trapezoid,T2,4.333333333,6,1,even,60.8465,Wide
73,3,B,Square,S1,4.6,1,0,odd,88.9579,0
73,3,B,Square,S1,4.6,2,0,even,299.8675,0
73,3,B,Square,S1,4.6,3,0,odd,261.3798,0
73,3,B,Square,S1,4.6,4,0,even,88.4132,0
73,3,B,Square,S1,4.6,5,0,odd,433.7888,0
73,3,B,Square,S1,4.6,6,0,even,480.7922,0
73,2,B,Square,S2,4.6,1,0,odd,112.8282,0
73,2,B,Square,S2,4.6,2,0,even,251.2429,0
73,2,B,Square,S2,4.6,3,0,odd,294.8723,0
73,2,B,Square,S2,4.6,4,0,even,458.3456,0
73,2,B,Square,S2,4.6,5,0,odd,243.2554,0
73,2,B,Square,S2,4.6,6,0,even,437.1433,0
73,1,B,Trapezoid,T1,4.6,1,1,odd,269.6665,Wide
73,1,B,Trapezoid,T1,4.6,2,2,even,102.0804,Narow
73,1,B,Trapezoid,T1,4.6,3,1,odd,221.0204,Wide
73,1,B,Trapezoid,T1,4.6,4,2,even,456.4879,Narow
73,1,B,Trapezoid,T1,4.6,5,1,odd,269.948,Wide
73,1,B,Trapezoid,T1,4.6,6,2,even,357.1122,Narow
73,4,B,Trapezoid,T2,4.6,1,1,odd,329.1696,Wide
73,4,B,Trapezoid,T2,4.6,2,2,even,311.8395,Narow
73,4,B,Trapezoid,T2,4.6,3,1,odd,102.3763,Wide
73,4,B,Trapezoid,T2,4.6,4,2,even,471.8439,Narow
73,4,B,Trapezoid,T2,4.6,5,1,odd,9.9701,Wide
73,4,B,Trapezoid,T2,4.6,6,2,even,158.9701,Narow
74,4,A,Square,S1,4.733333333,1,0,odd,164.691,0
74,4,A,Square,S1,4.733333333,2,0,even,33.0818,0
74,4,A,Square,S1,4.733333333,3,0,odd,98.9187,0
74,4,A,Square,S1,4.733333333,4,0,even,99.3434,0
74,4,A,Square,S1,4.733333333,5,0,odd,65.32,0
74,4,A,Square,S1,4.733333333,6,0,even,29.7322,0
74,3,A,Square,S2,4.733333333,1,0,odd,156.6678,0
74,3,A,Square,S2,4.733333333,2,0,even,37.7624,0
74,3,A,Square,S2,4.733333333,3,0,odd,129.6125,0
74,3,A,Square,S2,4.733333333,4,0,even,46.0424,0
74,3,A,Square,S2,4.733333333,5,0,odd,57.9241,0
74,3,A,Square,S2,4.733333333,6,0,even,34.7059,0
74,2,A,Trapezoid,T1,4.733333333,1,1,odd,59.6565,Wide
74,2,A,Trapezoid,T1,4.733333333,2,2,even,155.8535,Narow
74,2,A,Trapezoid,T1,4.733333333,3,1,odd,34.434,Wide
74,2,A,Trapezoid,T1,4.733333333,4,2,even,101.0901,Narow
74,2,A,Trapezoid,T1,4.733333333,5,1,odd,80.9265,Wide
74,2,A,Trapezoid,T1,4.733333333,6,2,even,97.1653,Narow
74,1,A,Trapezoid,T2,4.733333333,1,1,odd,53.688,Wide
74,1,A,Trapezoid,T2,4.733333333,2,2,even,24.0749,Narow
74,1,A,Trapezoid,T2,4.733333333,3,1,odd,119.424,Wide
74,1,A,Trapezoid,T2,4.733333333,4,2,even,99.8153,Narow
74,1,A,Trapezoid,T2,4.733333333,5,2,odd,144.8853,Narow
74,1,A,Trapezoid,T2,4.733333333,6,1,even,59.0602,Wide
75,1,B,Square,S1,4.466666667,1,0,odd,24.5785,0
75,1,B,Square,S1,4.466666667,2,0,even,63.2432,0
75,1,B,Square,S1,4.466666667,3,0,odd,91.5484,0
75,1,B,Square,S1,4.466666667,4,0,even,151.2501,0
75,1,B,Square,S1,4.466666667,5,0,odd,11.55,0
75,1,B,Square,S1,4.466666667,6,0,even,88.7902,0
75,4,B,Square,S2,4.466666667,1,0,odd,16.4318,0
75,4,B,Square,S2,4.466666667,2,0,even,169.1074,0
75,4,B,Square,S2,4.466666667,3,0,odd,153.5559,0
75,4,B,Square,S2,4.466666667,4,0,even,29.1342,0
75,4,B,Square,S2,4.466666667,5,0,odd,68.6061,0
75,4,B,Square,S2,4.466666667,6,0,even,192.1328,0
75,3,B,Trapezoid,T1,4.466666667,1,1,odd,26.9407,Wide
75,3,B,Trapezoid,T1,4.466666667,2,2,even,79.29,Narow
75,3,B,Trapezoid,T1,4.466666667,3,1,odd,42.4194,Wide
75,3,B,Trapezoid,T1,4.466666667,4,2,even,52.9736,Narow
75,3,B,Trapezoid,T1,4.466666667,5,1,odd,23.3496,Wide
75,3,B,Trapezoid,T1,4.466666667,6,2,even,29.1685,Narow
75,2,B,Trapezoid,T2,4.466666667,1,1,odd,29.4772,Wide
75,2,B,Trapezoid,T2,4.466666667,2,2,even,28.05,Narow
75,2,B,Trapezoid,T2,4.466666667,3,1,odd,24.97,Wide
75,2,B,Trapezoid,T2,4.466666667,4,2,even,68.8549,Narow
75,2,B,Trapezoid,T2,4.466666667,5,1,odd,34.2535,Wide
75,2,B,Trapezoid,T2,4.466666667,6,2,even,97.1247,Narow
76,3,A,Square,S1,2,1,0,odd,74.3944,0
76,3,A,Square,S1,2,2,0,even,23.8873,0
76,3,A,Square,S1,2,3,0,odd,74.8185,0
76,3,A,Square,S1,2,4,0,even,41.1449,0
76,3,A,Square,S1,2,5,0,odd,62.5252,0
76,3,A,Square,S1,2,6,0,even,79.8399,0
76,4,A,Square,S2,2,1,0,odd,16.6554,0
76,4,A,Square,S2,2,2,0,even,67.1647,0
76,4,A,Square,S2,2,3,0,odd,31.504,0
76,4,A,Square,S2,2,4,0,even,59.2546,0
76,4,A,Square,S2,2,5,0,odd,36.0528,0
76,4,A,Square,S2,2,6,0,even,22.1202,0
76,1,A,Trapezoid,T1,2,1,1,odd,67.6232,Wide
76,1,A,Trapezoid,T1,2,2,2,even,96.1499,Narow
76,1,A,Trapezoid,T1,2,3,1,odd,34.9572,Wide
76,1,A,Trapezoid,T1,2,4,2,even,28.107,Narow
76,1,A,Trapezoid,T1,2,5,1,odd,30.3282,Wide
76,1,A,Trapezoid,T1,2,6,2,even,57.4587,Narow
76,2,A,Trapezoid,T2,2,1,1,odd,7.6748,Wide
76,2,A,Trapezoid,T2,2,2,2,even,61.3401,Narow
76,2,A,Trapezoid,T2,2,3,1,odd,77.6338,Wide
76,2,A,Trapezoid,T2,2,4,2,even,88.172,Narow
76,2,A,Trapezoid,T2,2,5,2,odd,136.6154,Narow
76,2,A,Trapezoid,T2,2,6,1,even,38.2074,Wide
77,1,A,Square,S1,4.533333333,1,0,odd,33.6634,0
77,1,A,Square,S1,4.533333333,2,0,even,19.3107,0
77,1,A,Square,S1,4.533333333,3,0,odd,39.2199,0
77,1,A,Square,S1,4.533333333,4,0,even,60.5913,0
77,1,A,Square,S1,4.533333333,5,0,odd,47.9834,0
77,1,A,Square,S1,4.533333333,6,0,even,68.6302,0
77,4,A,Square,S2,4.533333333,1,0,odd,84.5364,0
77,4,A,Square,S2,4.533333333,2,0,even,41.2868,0
77,4,A,Square,S2,4.533333333,3,0,odd,19.652,0
77,4,A,Square,S2,4.533333333,4,0,even,44.0262,0
77,4,A,Square,S2,4.533333333,5,0,odd,9.45,0
77,4,A,Square,S2,4.533333333,6,0,even,66.8267,0
77,3,A,Trapezoid,T1,4.533333333,1,1,odd,76.896,Wide
77,3,A,Trapezoid,T1,4.533333333,2,2,even,79.0898,Narow
77,3,A,Trapezoid,T1,4.533333333,3,1,odd,37.1699,Wide
77,3,A,Trapezoid,T1,4.533333333,4,2,even,51.734,Narow
77,3,A,Trapezoid,T1,4.533333333,5,1,odd,22.0046,Wide
77,3,A,Trapezoid,T1,4.533333333,6,2,even,75.1525,Narow
77,2,A,Trapezoid,T2,4.533333333,1,1,odd,76.144,Wide
77,2,A,Trapezoid,T2,4.533333333,2,2,even,94.2003,Narow
77,2,A,Trapezoid,T2,4.533333333,3,1,odd,72.8807,Wide
77,2,A,Trapezoid,T2,4.533333333,4,2,even,111.3212,Narow
77,2,A,Trapezoid,T2,4.533333333,5,2,odd,108.0951,Narow
77,2,A,Trapezoid,T2,4.533333333,6,1,even,28.0197,Wide
