ID,Order,Path_Version,Shape,Environment,SOD,Object#,NarWide,EvenOdd,ObjectSME
1,4,A,Square,S1,4.933333333,1,0,odd,27.0489
1,4,A,Square,S1,4.933333333,2,0,even,22.1447
1,4,A,Square,S1,4.933333333,3,0,odd,11.6272
1,4,A,Square,S1,4.933333333,5,0,odd,16.2936
1,4,A,Square,S1,4.933333333,6,0,even,17.4253
1,2,A,Square,S2,4.933333333,1,0,odd,59.8625
1,2,A,Square,S2,4.933333333,2,0,even,33.7624
1,2,A,Square,S2,4.933333333,3,0,odd,21.13
1,2,A,Square,S2,4.933333333,4,0,even,50.2071
1,2,A,Square,S2,4.933333333,5,0,odd,41.4738
1,3,A,Trapezoid,T1,4.933333333,1,1,odd,23.4559
1,3,A,Trapezoid,T1,4.933333333,2,2,even,39.3403
1,3,A,Trapezoid,T1,4.933333333,3,1,odd,61.3054
1,3,A,Trapezoid,T1,4.933333333,4,2,even,36.8553
1,3,A,Trapezoid,T1,4.933333333,5,1,odd,24.1776
1,3,A,Trapezoid,T1,4.933333333,6,2,even,46.0746
1,1,A,Trapezoid,T2,4.933333333,1,1,odd,31.1935
1,1,A,Trapezoid,T2,4.933333333,2,2,even,38.7996
1,1,A,Trapezoid,T2,4.933333333,3,1,odd,57.7677
1,1,A,Trapezoid,T2,4.933333333,4,2,even,53.9914
1,1,A,Trapezoid,T2,4.933333333,5,2,odd,47.2423
1,1,A,Trapezoid,T2,4.933333333,6,1,even,29.2339
2,1,A,Square,S1,2.6,1,0,odd,61.1161
2,1,A,Square,S1,2.6,2,0,even,45.4301
2,1,A,Square,S1,2.6,3,0,odd,114.5866
2,1,A,Square,S1,2.6,5,0,odd,73.0896
2,1,A,Square,S1,2.6,6,0,even,22.7729
2,3,A,Square,S2,2.6,1,0,odd,225.0039
2,3,A,Square,S2,2.6,2,0,even,66.162
2,3,A,Square,S2,2.6,3,0,odd,86.5856
2,3,A,Square,S2,2.6,4,0,even,89.5177
2,3,A,Square,S2,2.6,5,0,odd,288.6313
2,4,A,Trapezoid,T1,2.6,1,1,odd,31.2083
2,4,A,Trapezoid,T1,2.6,2,2,even,84.0377
2,4,A,Trapezoid,T1,2.6,3,1,odd,20.5468
2,4,A,Trapezoid,T1,2.6,4,2,even,92.2129
2,4,A,Trapezoid,T1,2.6,5,1,odd,139.0683
2,4,A,Trapezoid,T1,2.6,6,2,even,110.2064
2,2,A,Trapezoid,T2,2.6,1,1,odd,17.3599
2,2,A,Trapezoid,T2,2.6,2,2,even,75.1661
2,2,A,Trapezoid,T2,2.6,3,1,odd,67.3332
2,2,A,Trapezoid,T2,2.6,4,2,even,35.2744
2,2,A,Trapezoid,T2,2.6,5,2,odd,90.8708
2,2,A,Trapezoid,T2,2.6,6,1,even,109.5191
3,2,A,Square,S1,5.266666667,1,0,odd,14.7816
3,2,A,Square,S1,5.266666667,2,0,even,39.8184
3,2,A,Square,S1,5.266666667,3,0,odd,51.2034
3,2,A,Square,S1,5.266666667,5,0,odd,83.6763
3,2,A,Square,S1,5.266666667,6,0,even,75.1155
3,4,A,Square,S2,5.266666667,1,0,odd,31.5436
3,4,A,Square,S2,5.266666667,2,0,even,13.0425
3,4,A,Square,S2,5.266666667,3,0,odd,42.3846
3,4,A,Square,S2,5.266666667,4,0,even,17.1757
3,4,A,Square,S2,5.266666667,5,0,odd,15.28
3,1,A,Trapezoid,T1,5.266666667,1,1,odd,47.0031
3,1,A,Trapezoid,T1,5.266666667,2,2,even,85.3986
3,1,A,Trapezoid,T1,5.266666667,3,1,odd,220.5756
3,1,A,Trapezoid,T1,5.266666667,4,2,even,189.679
3,1,A,Trapezoid,T1,5.266666667,5,1,odd,224.2009
3,1,A,Trapezoid,T1,5.266666667,6,2,even,257.6819
3,3,A,Trapezoid,T2,5.266666667,1,1,odd,60.2719
3,3,A,Trapezoid,T2,5.266666667,2,2,even,26.6946
3,3,A,Trapezoid,T2,5.266666667,3,1,odd,13.5408
3,3,A,Trapezoid,T2,5.266666667,4,2,even,27.7358
3,3,A,Trapezoid,T2,5.266666667,5,2,odd,18.777
3,3,A,Trapezoid,T2,5.266666667,6,1,even,53.356
4,3,A,Square,S1,6.2,1,0,odd,35.7921
4,3,A,Square,S1,6.2,2,0,even,16.0443
4,3,A,Square,S1,6.2,3,0,odd,19.7605
4,3,A,Square,S1,6.2,5,0,odd,16.9452
4,3,A,Square,S1,6.2,6,0,even,37.5606
4,1,A,Square,S2,6.2,1,0,odd,16.092
4,1,A,Square,S2,6.2,2,0,even,3.4553
4,1,A,Square,S2,6.2,3,0,odd,19.8147
4,1,A,Square,S2,6.2,4,0,even,47.0356
4,1,A,Square,S2,6.2,5,0,odd,37.9161
4,2,A,Trapezoid,T1,6.2,1,1,odd,73.2604
4,2,A,Trapezoid,T1,6.2,2,2,even,68.3822
4,2,A,Trapezoid,T1,6.2,3,1,odd,42.8661
4,2,A,Trapezoid,T1,6.2,4,2,even,34.1477
4,2,A,Trapezoid,T1,6.2,5,1,odd,42.9285
4,2,A,Trapezoid,T1,6.2,6,2,even,79.867
4,4,A,Trapezoid,T2,6.2,1,1,odd,26.0843
4,4,A,Trapezoid,T2,6.2,2,2,even,48.2246
4,4,A,Trapezoid,T2,6.2,3,1,odd,34.0789
4,4,A,Trapezoid,T2,6.2,4,2,even,17.8649
4,4,A,Trapezoid,T2,6.2,5,2,odd,35.7655
4,4,A,Trapezoid,T2,6.2,6,1,even,22.7912
5,2,A,Square,S1,5.2,1,0,odd,85.5985
5,2,A,Square,S1,5.2,2,0,even,37.6639
5,2,A,Square,S1,5.2,3,0,odd,31.0088
5,2,A,Square,S1,5.2,5,0,odd,13.4346
5,2,A,Square,S1,5.2,6,0,even,40.4144
5,4,A,Square,S2,5.2,1,0,odd,65.0085
5,4,A,Square,S2,5.2,2,0,even,73.4424
5,4,A,Square,S2,5.2,3,0,odd,64.8329
5,4,A,Square,S2,5.2,4,0,even,46.4565
5,4,A,Square,S2,5.2,5,0,odd,129.9866
5,1,A,Trapezoid,T1,5.2,1,1,odd,137.6443
5,1,A,Trapezoid,T1,5.2,2,2,even,219.3783
5,1,A,Trapezoid,T1,5.2,3,1,odd,142.8101
5,1,A,Trapezoid,T1,5.2,4,2,even,68.2917
5,1,A,Trapezoid,T1,5.2,6,2,even,117.66
5,3,A,Trapezoid,T2,5.2,1,1,odd,156.4818
5,3,A,Trapezoid,T2,5.2,2,2,even,193.1143
5,3,A,Trapezoid,T2,5.2,3,1,odd,66.8289
5,3,A,Trapezoid,T2,5.2,4,2,even,26.6424
5,3,A,Trapezoid,T2,5.2,5,2,odd,78.7503
5,3,A,Trapezoid,T2,5.2,6,1,even,90.3972
6,3,A,Square,S1,4,1,0,odd,40.7671
6,3,A,Square,S1,4,2,0,even,72.0746
6,3,A,Square,S1,4,3,0,odd,8.3561
6,3,A,Square,S1,4,5,0,odd,10.3266
6,3,A,Square,S1,4,6,0,even,90.8531
6,1,A,Square,S2,4,1,0,odd,43.9914
6,1,A,Square,S2,4,2,0,even,39.4139
6,1,A,Square,S2,4,3,0,odd,21.1482
6,1,A,Square,S2,4,4,0,even,32.0307
6,1,A,Square,S2,4,5,0,odd,39.2647
6,2,A,Trapezoid,T1,4,1,1,odd,34.4886
6,2,A,Trapezoid,T1,4,2,2,even,62.1715
6,2,A,Trapezoid,T1,4,3,1,odd,28.3607
6,2,A,Trapezoid,T1,4,4,2,even,61.5913
6,2,A,Trapezoid,T1,4,5,1,odd,54.269
6,2,A,Trapezoid,T1,4,6,2,even,37.3417
6,4,A,Trapezoid,T2,4,1,1,odd,38.221
6,4,A,Trapezoid,T2,4,2,2,even,31.0025
6,4,A,Trapezoid,T2,4,3,1,odd,54.4342
6,4,A,Trapezoid,T2,4,4,2,even,45.2702
6,4,A,Trapezoid,T2,4,5,2,odd,52.7432
6,4,A,Trapezoid,T2,4,6,1,even,71.3744
7,4,A,Square,S1,5.266666667,1,0,odd,22.294
7,4,A,Square,S1,5.266666667,2,0,even,16.5115
7,4,A,Square,S1,5.266666667,3,0,odd,29.6829
7,4,A,Square,S1,5.266666667,5,0,odd,42.3158
7,4,A,Square,S1,5.266666667,6,0,even,33.0226
7,2,A,Square,S2,5.266666667,1,0,odd,76.1786
7,2,A,Square,S2,5.266666667,2,0,even,50.1508
7,2,A,Square,S2,5.266666667,3,0,odd,37.9518
7,2,A,Square,S2,5.266666667,4,0,even,45.0056
7,2,A,Square,S2,5.266666667,5,0,odd,70.703
7,3,A,Trapezoid,T1,5.266666667,1,1,odd,31.507
7,3,A,Trapezoid,T1,5.266666667,2,2,even,31.1565
7,3,A,Trapezoid,T1,5.266666667,3,1,odd,44.5054
7,3,A,Trapezoid,T1,5.266666667,4,2,even,37.9143
7,3,A,Trapezoid,T1,5.266666667,5,1,odd,39.2758
7,3,A,Trapezoid,T1,5.266666667,6,2,even,32.8401
7,1,A,Trapezoid,T2,5.266666667,1,1,odd,24.8241
7,1,A,Trapezoid,T2,5.266666667,2,2,even,71.4473
7,1,A,Trapezoid,T2,5.266666667,3,1,odd,105.76
7,1,A,Trapezoid,T2,5.266666667,4,2,even,33.7979
7,1,A,Trapezoid,T2,5.266666667,5,2,odd,85.815
7,1,A,Trapezoid,T2,5.266666667,6,1,even,37.6895
8,3,A,Square,S2,6.266666667,1,0,odd,47.2379
8,3,A,Square,S2,6.266666667,2,0,even,21.917
8,3,A,Square,S2,6.266666667,3,0,odd,33.8794
8,3,A,Square,S2,6.266666667,4,0,even,25.9655
8,3,A,Square,S2,6.266666667,5,0,odd,60.9406
8,4,A,Trapezoid,T1,6.266666667,1,1,odd,79.4632
8,4,A,Trapezoid,T1,6.266666667,2,2,even,34.1646
8,4,A,Trapezoid,T1,6.266666667,3,1,odd,28.3414
8,4,A,Trapezoid,T1,6.266666667,4,2,even,50.0891
8,4,A,Trapezoid,T1,6.266666667,5,1,odd,43.2166
8,4,A,Trapezoid,T1,6.266666667,6,2,even,144.1463
8,2,A,Trapezoid,T2,6.266666667,1,1,odd,52.4444
8,2,A,Trapezoid,T2,6.266666667,2,2,even,64.5167
8,2,A,Trapezoid,T2,6.266666667,3,1,odd,26.8782
8,2,A,Trapezoid,T2,6.266666667,4,2,even,21.0113
8,2,A,Trapezoid,T2,6.266666667,5,2,odd,42.0373
8,2,A,Trapezoid,T2,6.266666667,6,1,even,18.9674
9,1,A,Square,S1,4.2,1,0,odd,73.3186
9,1,A,Square,S1,4.2,2,0,even,36.2491
9,1,A,Square,S1,4.2,3,0,odd,52.638
9,1,A,Square,S1,4.2,5,0,odd,43.65
9,1,A,Square,S1,4.2,6,0,even,27.8759
9,2,A,Square,S2,4.2,1,0,odd,78.6052
9,2,A,Square,S2,4.2,2,0,even,39.708
9,2,A,Square,S2,4.2,3,0,odd,96.4881
9,2,A,Square,S2,4.2,4,0,even,103.5777
9,2,A,Square,S2,4.2,5,0,odd,56.3835
9,3,A,Trapezoid,T1,4.2,1,1,odd,114.4623
9,3,A,Trapezoid,T1,4.2,2,2,even,148.5594
9,3,A,Trapezoid,T1,4.2,3,1,odd,110.0489
9,3,A,Trapezoid,T1,4.2,4,2,even,94.7709
9,3,A,Trapezoid,T1,4.2,5,1,odd,60.0442
9,3,A,Trapezoid,T1,4.2,6,2,even,101.8531
9,4,A,Trapezoid,T2,4.2,1,1,odd,92.2448
9,4,A,Trapezoid,T2,4.2,2,2,even,140.9782
9,4,A,Trapezoid,T2,4.2,3,1,odd,73.8666
9,4,A,Trapezoid,T2,4.2,4,2,even,85.1983
9,4,A,Trapezoid,T2,4.2,5,2,odd,81.2251
9,4,A,Trapezoid,T2,4.2,6,1,even,29.2797
10,2,A,Square,S1,4.6,1,0,odd,42.0013
10,2,A,Square,S1,4.6,2,0,even,21.1451
10,2,A,Square,S1,4.6,3,0,odd,21.7134
10,2,A,Square,S1,4.6,5,0,odd,29.7293
10,2,A,Square,S1,4.6,6,0,even,31.0948
10,3,A,Square,S2,4.6,1,0,odd,7.0417
10,3,A,Square,S2,4.6,2,0,even,64.0626
10,3,A,Square,S2,4.6,3,0,odd,47.5492
10,3,A,Square,S2,4.6,4,0,even,67.8868
10,3,A,Square,S2,4.6,5,0,odd,65.0675
10,4,A,Trapezoid,T1,4.6,1,1,odd,21.6505
10,4,A,Trapezoid,T1,4.6,2,2,even,51.8658
10,4,A,Trapezoid,T1,4.6,3,1,odd,23.7414
10,4,A,Trapezoid,T1,4.6,4,2,even,64.2038
10,4,A,Trapezoid,T1,4.6,5,1,odd,67.141
10,4,A,Trapezoid,T1,4.6,6,2,even,51.718
10,1,A,Trapezoid,T2,4.6,1,1,odd,28.9758
10,1,A,Trapezoid,T2,4.6,2,2,even,29.9476
10,1,A,Trapezoid,T2,4.6,3,1,odd,38.0483
10,1,A,Trapezoid,T2,4.6,4,2,even,47.8393
10,1,A,Trapezoid,T2,4.6,5,2,odd,38.6815
10,1,A,Trapezoid,T2,4.6,6,1,even,94.7741
11,3,A,Square,S1,4.2,1,0,odd,43.6294
11,3,A,Square,S1,4.2,2,0,even,20.4558
11,3,A,Square,S1,4.2,3,0,odd,57.5515
11,3,A,Square,S1,4.2,5,0,odd,10.8824
11,3,A,Square,S1,4.2,6,0,even,88.8186
11,4,A,Square,S2,4.2,1,0,odd,114.7984
11,4,A,Square,S2,4.2,2,0,even,47.9372
11,4,A,Square,S2,4.2,3,0,odd,32.0571
11,4,A,Square,S2,4.2,4,0,even,42.4125
11,4,A,Square,S2,4.2,5,0,odd,6.0366
11,1,A,Trapezoid,T1,4.2,1,1,odd,45.1861
11,1,A,Trapezoid,T1,4.2,2,2,even,45.8334
11,1,A,Trapezoid,T1,4.2,3,1,odd,7.2071
11,1,A,Trapezoid,T1,4.2,4,2,even,19.5844
11,1,A,Trapezoid,T1,4.2,5,1,odd,64.0449
11,1,A,Trapezoid,T1,4.2,6,2,even,70.3276
11,2,A,Trapezoid,T2,4.2,1,1,odd,37.8631
11,2,A,Trapezoid,T2,4.2,2,2,even,54.3551
11,2,A,Trapezoid,T2,4.2,3,1,odd,61.1031
11,2,A,Trapezoid,T2,4.2,4,2,even,9.7437
11,2,A,Trapezoid,T2,4.2,5,2,odd,73.7131
11,2,A,Trapezoid,T2,4.2,6,1,even,44.3632
12,4,A,Square,S1,6.266666667,1,0,odd,33.5422
12,4,A,Square,S1,6.266666667,2,0,even,5.9593
12,4,A,Square,S1,6.266666667,3,0,odd,29.2653
12,4,A,Square,S1,6.266666667,5,0,odd,8.6591
12,4,A,Square,S1,6.266666667,6,0,even,28.9283
12,1,A,Square,S2,6.266666667,1,0,odd,23.7696
12,1,A,Square,S2,6.266666667,2,0,even,20.1138
12,1,A,Square,S2,6.266666667,3,0,odd,30.5539
12,1,A,Square,S2,6.266666667,4,0,even,53.5564
12,1,A,Square,S2,6.266666667,5,0,odd,39.5414
12,2,A,Trapezoid,T1,6.266666667,1,1,odd,83.5689
12,2,A,Trapezoid,T1,6.266666667,2,2,even,41.3063
12,2,A,Trapezoid,T1,6.266666667,3,1,odd,86.4647
12,2,A,Trapezoid,T1,6.266666667,4,2,even,19.3633
12,2,A,Trapezoid,T1,6.266666667,5,1,odd,39.3407
12,2,A,Trapezoid,T1,6.266666667,6,2,even,143.0002
12,3,A,Trapezoid,T2,6.266666667,1,1,odd,102.9294
12,3,A,Trapezoid,T2,6.266666667,2,2,even,69.66
12,3,A,Trapezoid,T2,6.266666667,3,1,odd,56.0869
12,3,A,Trapezoid,T2,6.266666667,4,2,even,27.3156
12,3,A,Trapezoid,T2,6.266666667,5,2,odd,53.0603
12,3,A,Trapezoid,T2,6.266666667,6,1,even,17.3264
13,4,A,Square,S2,4.538461538,1,0,odd,161.7115
13,4,A,Square,S2,4.538461538,2,0,even,44.0205
13,4,A,Square,S2,4.538461538,3,0,odd,42.6645
13,4,A,Square,S2,4.538461538,4,0,even,141.9509
13,4,A,Square,S2,4.538461538,5,0,odd,208.4804
13,2,A,Trapezoid,T1,4.538461538,1,1,odd,30.9301
13,2,A,Trapezoid,T1,4.538461538,2,2,even,110.0876
13,2,A,Trapezoid,T1,4.538461538,3,1,odd,24.2907
13,2,A,Trapezoid,T1,4.538461538,4,2,even,129.9714
13,2,A,Trapezoid,T1,4.538461538,5,1,odd,89.2811
13,2,A,Trapezoid,T1,4.538461538,6,2,even,74.5782
13,3,A,Trapezoid,T2,4.538461538,1,1,odd,71.4304
13,3,A,Trapezoid,T2,4.538461538,2,2,even,101.8337
13,3,A,Trapezoid,T2,4.538461538,3,1,odd,106.4972
13,3,A,Trapezoid,T2,4.538461538,4,2,even,73.8933
13,3,A,Trapezoid,T2,4.538461538,5,2,odd,58.9514
13,3,A,Trapezoid,T2,4.538461538,6,1,even,110.1084
14,2,A,Square,S1,4.133333333,1,0,odd,25.4692
14,2,A,Square,S1,4.133333333,2,0,even,41.981
14,2,A,Square,S1,4.133333333,3,0,odd,7.3106
14,2,A,Square,S1,4.133333333,5,0,odd,69.2391
14,2,A,Square,S1,4.133333333,6,0,even,23.8393
14,1,A,Square,S2,4.133333333,1,0,odd,49.2596
14,1,A,Square,S2,4.133333333,2,0,even,39.1327
14,1,A,Square,S2,4.133333333,3,0,odd,25.0859
14,1,A,Square,S2,4.133333333,4,0,even,55.1621
14,1,A,Square,S2,4.133333333,5,0,odd,24.7895
14,3,A,Trapezoid,T1,4.133333333,1,1,odd,37.4127
14,3,A,Trapezoid,T1,4.133333333,2,2,even,64.2753
14,3,A,Trapezoid,T1,4.133333333,3,1,odd,37.0534
14,3,A,Trapezoid,T1,4.133333333,4,2,even,81.8753
14,3,A,Trapezoid,T1,4.133333333,5,1,odd,115.0684
14,3,A,Trapezoid,T1,4.133333333,6,2,even,80.1236
14,4,A,Trapezoid,T2,4.133333333,1,1,odd,50.9941
14,4,A,Trapezoid,T2,4.133333333,2,2,even,68.1011
14,4,A,Trapezoid,T2,4.133333333,3,1,odd,100.1394
14,4,A,Trapezoid,T2,4.133333333,4,2,even,85.4322
14,4,A,Trapezoid,T2,4.133333333,5,2,odd,80.0475
14,4,A,Trapezoid,T2,4.133333333,6,1,even,44.6401
15,3,A,Square,S1,5.133333333,1,0,odd,44.4355
15,3,A,Square,S1,5.133333333,2,0,even,28.7196
15,3,A,Square,S1,5.133333333,3,0,odd,70.1473
15,3,A,Square,S1,5.133333333,5,0,odd,53.7249
15,3,A,Square,S1,5.133333333,6,0,even,50.6947
15,2,A,Square,S2,5.133333333,1,0,odd,35.8352
15,2,A,Square,S2,5.133333333,2,0,even,27.4445
15,2,A,Square,S2,5.133333333,3,0,odd,36.6051
15,2,A,Square,S2,5.133333333,4,0,even,15.3138
15,2,A,Square,S2,5.133333333,5,0,odd,27.8606
15,4,A,Trapezoid,T1,5.133333333,1,1,odd,65.3648
15,4,A,Trapezoid,T1,5.133333333,2,2,even,51.2508
15,4,A,Trapezoid,T1,5.133333333,3,1,odd,30.6224
15,4,A,Trapezoid,T1,5.133333333,4,2,even,72.7153
15,4,A,Trapezoid,T1,5.133333333,5,1,odd,33.2132
15,4,A,Trapezoid,T1,5.133333333,6,2,even,12.4545
15,1,A,Trapezoid,T2,5.133333333,1,1,odd,43.5763
15,1,A,Trapezoid,T2,5.133333333,2,2,even,19.513
15,1,A,Trapezoid,T2,5.133333333,3,1,odd,42.2643
15,1,A,Trapezoid,T2,5.133333333,4,2,even,41.0148
15,1,A,Trapezoid,T2,5.133333333,5,2,odd,11.2657
15,1,A,Trapezoid,T2,5.133333333,6,1,even,11.749
16,1,B,Square,S1,4.6,1,0,odd,6.4164
16,1,B,Square,S1,4.6,2,0,even,53.4124
16,1,B,Square,S1,4.6,3,0,odd,38.2364
16,1,B,Square,S1,4.6,5,0,odd,29.2873
16,1,B,Square,S1,4.6,6,0,even,61.0392
16,4,B,Square,S2,4.6,1,0,odd,9.2182
16,4,B,Square,S2,4.6,2,0,even,39.4568
16,4,B,Square,S2,4.6,3,0,odd,49.6674
16,4,B,Square,S2,4.6,4,0,even,28.9287
16,4,B,Square,S2,4.6,5,0,odd,13.1243
16,2,B,Trapezoid,T1,4.6,1,1,odd,72.2344
16,2,B,Trapezoid,T1,4.6,2,2,even,53.283
16,2,B,Trapezoid,T1,4.6,3,1,odd,73.4368
16,2,B,Trapezoid,T1,4.6,4,2,even,73.8614
16,2,B,Trapezoid,T1,4.6,5,1,odd,28.5538
16,2,B,Trapezoid,T1,4.6,6,2,even,80.7912
16,3,B,Trapezoid,T2,4.6,1,1,odd,21.976
16,3,B,Trapezoid,T2,4.6,2,2,even,28.4995
16,3,B,Trapezoid,T2,4.6,3,1,odd,28.5197
16,3,B,Trapezoid,T2,4.6,4,2,even,53.3538
16,3,B,Trapezoid,T2,4.6,5,1,odd,7.93
16,3,B,Trapezoid,T2,4.6,6,2,even,53.8085
17,2,B,Square,S1,4.6,1,0,odd,35.5146
17,2,B,Square,S1,4.6,2,0,even,100.4273
17,2,B,Square,S1,4.6,3,0,odd,38.1899
17,2,B,Square,S1,4.6,5,0,odd,66.595
17,2,B,Square,S1,4.6,6,0,even,89.1943
17,1,B,Square,S2,4.6,1,0,odd,54.1401
17,1,B,Square,S2,4.6,2,0,even,120.2863
17,1,B,Square,S2,4.6,3,0,odd,48.8467
17,1,B,Square,S2,4.6,4,0,even,79.167
17,1,B,Square,S2,4.6,5,0,odd,114.1251
17,3,B,Trapezoid,T1,4.6,1,1,odd,41.9522
17,3,B,Trapezoid,T1,4.6,2,2,even,110.9671
17,3,B,Trapezoid,T1,4.6,3,1,odd,76.3485
17,3,B,Trapezoid,T1,4.6,4,2,even,87.4816
17,3,B,Trapezoid,T1,4.6,5,1,odd,47.2529
17,3,B,Trapezoid,T1,4.6,6,2,even,122.371
17,4,B,Trapezoid,T2,4.6,1,1,odd,7.8549
17,4,B,Trapezoid,T2,4.6,2,2,even,39.5759
17,4,B,Trapezoid,T2,4.6,3,1,odd,46.2532
17,4,B,Trapezoid,T2,4.6,4,2,even,98.7556
17,4,B,Trapezoid,T2,4.6,5,1,odd,30.4038
17,4,B,Trapezoid,T2,4.6,6,2,even,96.8538
18,3,B,Square,S1,2.6,1,0,odd,75.5225
18,3,B,Square,S1,2.6,2,0,even,69.1167
18,3,B,Square,S1,2.6,3,0,odd,78.6335
18,3,B,Square,S1,2.6,5,0,odd,98.6758
18,3,B,Square,S1,2.6,6,0,even,101.0496
18,2,B,Square,S2,2.6,1,0,odd,86.6019
18,2,B,Square,S2,2.6,2,0,even,55.7246
18,2,B,Square,S2,2.6,3,0,odd,68.1127
18,2,B,Square,S2,2.6,4,0,even,102.7964
18,2,B,Square,S2,2.6,5,0,odd,46.2905
18,4,B,Trapezoid,T1,2.6,1,1,odd,100.1727
18,4,B,Trapezoid,T1,2.6,2,2,even,29.64
18,4,B,Trapezoid,T1,2.6,3,1,odd,50.0941
18,4,B,Trapezoid,T1,2.6,4,2,even,90.7101
18,4,B,Trapezoid,T1,2.6,5,1,odd,141.686
18,4,B,Trapezoid,T1,2.6,6,2,even,151.366
18,1,B,Trapezoid,T2,2.6,1,1,odd,78.4134
18,1,B,Trapezoid,T2,2.6,2,2,even,95.551
18,1,B,Trapezoid,T2,2.6,3,1,odd,121.0325
18,1,B,Trapezoid,T2,2.6,4,2,even,109.4777
18,1,B,Trapezoid,T2,2.6,5,1,odd,48.1148
18,1,B,Trapezoid,T2,2.6,6,2,even,145.8399
19,4,B,Square,S1,3.533333333,1,0,odd,22.8966
19,4,B,Square,S1,3.533333333,2,0,even,65.5311
19,4,B,Square,S1,3.533333333,3,0,odd,44.4276
19,4,B,Square,S1,3.533333333,5,0,odd,62.6329
19,4,B,Square,S1,3.533333333,6,0,even,52.6774
19,3,B,Square,S2,3.533333333,1,0,odd,19.7954
19,3,B,Square,S2,3.533333333,2,0,even,86.8044
19,3,B,Square,S2,3.533333333,3,0,odd,21.5679
19,3,B,Square,S2,3.533333333,4,0,even,71.8728
19,3,B,Square,S2,3.533333333,5,0,odd,71.4496
19,1,B,Trapezoid,T1,3.533333333,1,1,odd,48.5014
19,1,B,Trapezoid,T1,3.533333333,2,2,even,47.175
19,1,B,Trapezoid,T1,3.533333333,3,1,odd,64.7794
19,1,B,Trapezoid,T1,3.533333333,4,2,even,94.7317
19,1,B,Trapezoid,T1,3.533333333,5,1,odd,25.0186
19,1,B,Trapezoid,T1,3.533333333,6,2,even,91.5413
19,2,B,Trapezoid,T2,3.533333333,1,1,odd,33.4125
19,2,B,Trapezoid,T2,3.533333333,2,2,even,73.8081
19,2,B,Trapezoid,T2,3.533333333,3,1,odd,27.4318
19,2,B,Trapezoid,T2,3.533333333,4,2,even,92.0019
19,2,B,Trapezoid,T2,3.533333333,5,1,odd,84.0712
19,2,B,Trapezoid,T2,3.533333333,6,2,even,42.1013
20,1,B,Square,S1,4,1,0,odd,89.3757
20,1,B,Square,S1,4,2,0,even,47.2809
20,1,B,Square,S1,4,3,0,odd,30.4612
20,1,B,Square,S1,4,5,0,odd,61.3306
20,1,B,Square,S1,4,6,0,even,127.3004
20,4,B,Square,S2,4,1,0,odd,275.508
20,4,B,Square,S2,4,2,0,even,366.7188
20,4,B,Square,S2,4,3,0,odd,103.6967
20,4,B,Square,S2,4,4,0,even,101.5191
20,4,B,Square,S2,4,5,0,odd,152.2581
20,2,B,Trapezoid,T1,4,1,1,odd,42.8621
20,2,B,Trapezoid,T1,4,2,2,even,59.8416
20,2,B,Trapezoid,T1,4,3,1,odd,28.7095
20,2,B,Trapezoid,T1,4,4,2,even,58.2411
20,2,B,Trapezoid,T1,4,5,1,odd,22.7187
20,2,B,Trapezoid,T1,4,6,2,even,79.6163
20,3,B,Trapezoid,T2,4,1,1,odd,119.6152
20,3,B,Trapezoid,T2,4,2,2,even,76.651
20,3,B,Trapezoid,T2,4,3,1,odd,219.5272
20,3,B,Trapezoid,T2,4,4,2,even,56.3016
20,3,B,Trapezoid,T2,4,5,1,odd,141.3698
20,3,B,Trapezoid,T2,4,6,2,even,117.1907
21,2,B,Square,S1,3.733333333,1,0,odd,230.4978
21,2,B,Square,S1,3.733333333,2,0,even,126.6034
21,2,B,Square,S1,3.733333333,3,0,odd,186.8732
21,2,B,Square,S1,3.733333333,5,0,odd,111.9679
21,2,B,Square,S1,3.733333333,6,0,even,40.5336
21,1,B,Square,S2,3.733333333,1,0,odd,105.7232
21,1,B,Square,S2,3.733333333,2,0,even,63.8861
21,1,B,Square,S2,3.733333333,3,0,odd,69.3432
21,1,B,Square,S2,3.733333333,4,0,even,153.0848
21,1,B,Square,S2,3.733333333,5,0,odd,140.5016
21,3,B,Trapezoid,T1,3.733333333,1,1,odd,42.7515
21,3,B,Trapezoid,T1,3.733333333,2,2,even,65.3125
21,3,B,Trapezoid,T1,3.733333333,3,1,odd,44.0122
21,3,B,Trapezoid,T1,3.733333333,4,2,even,16.8225
21,3,B,Trapezoid,T1,3.733333333,5,1,odd,78.0904
21,3,B,Trapezoid,T1,3.733333333,6,2,even,63.268
21,4,B,Trapezoid,T2,3.733333333,1,1,odd,64.4796
21,4,B,Trapezoid,T2,3.733333333,2,2,even,26.4679
21,4,B,Trapezoid,T2,3.733333333,3,1,odd,34.7641
21,4,B,Trapezoid,T2,3.733333333,4,2,even,32.0153
21,4,B,Trapezoid,T2,3.733333333,5,1,odd,28.7137
21,4,B,Trapezoid,T2,3.733333333,6,2,even,51.0938
22,3,B,Square,S1,3.933333333,1,0,odd,65.6998
22,3,B,Square,S1,3.933333333,2,0,even,20.5882
22,3,B,Square,S1,3.933333333,3,0,odd,79.8565
22,3,B,Square,S1,3.933333333,5,0,odd,74.5513
22,3,B,Square,S1,3.933333333,6,0,even,111.0201
22,2,B,Square,S2,3.933333333,1,0,odd,67.5192
22,2,B,Square,S2,3.933333333,2,0,even,29.8251
22,2,B,Square,S2,3.933333333,3,0,odd,31.3045
22,2,B,Square,S2,3.933333333,4,0,even,84.2732
22,2,B,Square,S2,3.933333333,5,0,odd,22.6467
22,4,B,Trapezoid,T1,3.933333333,1,1,odd,80.1219
22,4,B,Trapezoid,T1,3.933333333,2,2,even,32.0775
22,4,B,Trapezoid,T1,3.933333333,3,1,odd,29.2266
22,4,B,Trapezoid,T1,3.933333333,4,2,even,37.937
22,4,B,Trapezoid,T1,3.933333333,5,1,odd,46.6466
22,4,B,Trapezoid,T1,3.933333333,6,2,even,70.4337
22,1,B,Trapezoid,T2,3.933333333,1,1,odd,61.406
22,1,B,Trapezoid,T2,3.933333333,2,2,even,12.6236
22,1,B,Trapezoid,T2,3.933333333,3,1,odd,26.1171
22,1,B,Trapezoid,T2,3.933333333,4,2,even,54.8252
22,1,B,Trapezoid,T2,3.933333333,5,1,odd,26.2349
22,1,B,Trapezoid,T2,3.933333333,6,2,even,35.2853
23,4,B,Square,S1,2.333333333,1,0,odd,36.7407
23,4,B,Square,S1,2.333333333,2,0,even,20.9723
23,4,B,Square,S1,2.333333333,3,0,odd,63.9957
23,4,B,Square,S1,2.333333333,4,0,even,99.1741
23,4,B,Square,S1,2.333333333,5,0,odd,39.9183
23,4,B,Square,S1,2.333333333,6,0,even,51.094
23,3,B,Square,S2,2.333333333,1,0,odd,36.8824
23,3,B,Square,S2,2.333333333,2,0,even,39.8399
23,3,B,Square,S2,2.333333333,3,0,odd,12.5929
23,3,B,Square,S2,2.333333333,4,0,even,7.4205
23,3,B,Square,S2,2.333333333,5,0,odd,37.5565
23,1,B,Trapezoid,T1,2.333333333,1,1,odd,31.0359
23,1,B,Trapezoid,T1,2.333333333,2,2,even,76.0632
23,1,B,Trapezoid,T1,2.333333333,3,1,odd,52.1056
23,1,B,Trapezoid,T1,2.333333333,4,2,even,79.97
23,1,B,Trapezoid,T1,2.333333333,5,1,odd,17.6478
23,1,B,Trapezoid,T1,2.333333333,6,2,even,119.5002
23,2,B,Trapezoid,T2,2.333333333,1,1,odd,33.2057
23,2,B,Trapezoid,T2,2.333333333,2,2,even,42.4746
23,2,B,Trapezoid,T2,2.333333333,3,1,odd,50.6689
23,2,B,Trapezoid,T2,2.333333333,4,2,even,75.1068
23,2,B,Trapezoid,T2,2.333333333,5,1,odd,19.4823
23,2,B,Trapezoid,T2,2.333333333,6,2,even,72.5442
24,2,B,Square,S1,5.2,1,0,odd,70.6159
24,2,B,Square,S1,5.2,2,0,even,151.5048
24,2,B,Square,S1,5.2,3,0,odd,79.0147
24,2,B,Square,S1,5.2,4,0,even,108.4122
24,2,B,Square,S1,5.2,5,0,odd,72.3732
24,2,B,Square,S1,5.2,6,0,even,69.2374
24,3,B,Square,S2,5.2,1,0,odd,44.1179
24,3,B,Square,S2,5.2,2,0,even,67.7841
24,3,B,Square,S2,5.2,3,0,odd,39.6404
24,3,B,Square,S2,5.2,4,0,even,54.3325
24,3,B,Square,S2,5.2,5,0,odd,7.8023
24,4,B,Trapezoid,T1,5.2,1,1,odd,53.6021
24,4,B,Trapezoid,T1,5.2,2,2,even,132.0232
24,4,B,Trapezoid,T1,5.2,3,1,odd,6.7242
24,4,B,Trapezoid,T1,5.2,4,2,even,66.9359
24,4,B,Trapezoid,T1,5.2,5,1,odd,48.5386
24,4,B,Trapezoid,T1,5.2,6,2,even,42.037
24,1,B,Trapezoid,T2,5.2,1,1,odd,53.3605
24,1,B,Trapezoid,T2,5.2,2,2,even,93.4432
24,1,B,Trapezoid,T2,5.2,3,1,odd,23.7334
24,1,B,Trapezoid,T2,5.2,4,2,even,45.3279
24,1,B,Trapezoid,T2,5.2,5,1,odd,33.5188
24,1,B,Trapezoid,T2,5.2,6,2,even,69.4412
26,4,B,Square,S1,4.6,1,0,odd,46.7836
26,4,B,Square,S1,4.6,2,0,even,76.3551
26,4,B,Square,S1,4.6,3,0,odd,39.4553
26,4,B,Square,S1,4.6,4,0,even,100.4474
26,4,B,Square,S1,4.6,5,0,odd,101.6691
26,4,B,Square,S1,4.6,6,0,even,118.5649
26,1,B,Square,S2,4.6,1,0,odd,16.6164
26,1,B,Square,S2,4.6,2,0,even,110.5787
26,1,B,Square,S2,4.6,3,0,odd,106.1613
26,1,B,Square,S2,4.6,4,0,even,123.1515
26,1,B,Square,S2,4.6,5,0,odd,84.372
26,1,B,Square,S2,4.6,6,0,even,70.5688
26,2,B,Trapezoid,T1,4.6,1,1,odd,45.8319
26,2,B,Trapezoid,T1,4.6,2,2,even,98.1674
26,2,B,Trapezoid,T1,4.6,3,1,odd,65.395
26,2,B,Trapezoid,T1,4.6,4,2,even,87.5065
26,2,B,Trapezoid,T1,4.6,5,1,odd,38.7105
26,2,B,Trapezoid,T1,4.6,6,2,even,92.4757
26,3,B,Trapezoid,T2,4.6,1,1,odd,30.0283
26,3,B,Trapezoid,T2,4.6,2,2,even,69.6512
26,3,B,Trapezoid,T2,4.6,3,1,odd,27.5647
26,3,B,Trapezoid,T2,4.6,4,2,even,63.7777
26,3,B,Trapezoid,T2,4.6,5,1,odd,81.1347
26,3,B,Trapezoid,T2,4.6,6,2,even,62.7469
27,1,B,Square,S1,5.866666667,1,0,odd,50.7175
27,1,B,Square,S1,5.866666667,2,0,even,13.2799
27,1,B,Square,S1,5.866666667,3,0,odd,86.54
27,1,B,Square,S1,5.866666667,4,0,even,147.5148
27,1,B,Square,S1,5.866666667,5,0,odd,31.0139
27,1,B,Square,S1,5.866666667,6,0,even,46.6388
27,2,B,Square,S2,5.866666667,1,0,odd,23.4671
27,2,B,Square,S2,5.866666667,2,0,even,21.9166
27,2,B,Square,S2,5.866666667,3,0,odd,73.6813
27,2,B,Square,S2,5.866666667,4,0,even,51.4242
27,2,B,Square,S2,5.866666667,5,0,odd,44.9878
27,2,B,Square,S2,5.866666667,6,0,even,62.0935
27,3,B,Trapezoid,T1,5.866666667,1,1,odd,23.2511
27,3,B,Trapezoid,T1,5.866666667,2,2,even,51.6861
27,3,B,Trapezoid,T1,5.866666667,3,1,odd,28.6849
27,3,B,Trapezoid,T1,5.866666667,4,2,even,68.0141
27,3,B,Trapezoid,T1,5.866666667,5,1,odd,22.6825
27,3,B,Trapezoid,T1,5.866666667,6,2,even,62.2786
27,4,B,Trapezoid,T2,5.866666667,1,1,odd,50.5388
27,4,B,Trapezoid,T2,5.866666667,2,2,even,140.0346
27,4,B,Trapezoid,T2,5.866666667,3,1,odd,20.7557
27,4,B,Trapezoid,T2,5.866666667,4,2,even,76.0032
27,4,B,Trapezoid,T2,5.866666667,5,1,odd,28.121
27,4,B,Trapezoid,T2,5.866666667,6,2,even,100.0216
28,4,B,Square,S1,5.266666667,1,0,odd,6.7709
28,4,B,Square,S1,5.266666667,2,0,even,22.6189
28,4,B,Square,S1,5.266666667,3,0,odd,19.4346
28,4,B,Square,S1,5.266666667,4,0,even,27.7865
28,4,B,Square,S1,5.266666667,5,0,odd,5.9117
28,4,B,Square,S1,5.266666667,6,0,even,5.1135
28,2,B,Square,S2,5.266666667,1,0,odd,18.9001
28,2,B,Square,S2,5.266666667,2,0,even,16.8871
28,2,B,Square,S2,5.266666667,3,0,odd,23.552
28,2,B,Square,S2,5.266666667,4,0,even,16.6511
28,2,B,Square,S2,5.266666667,5,0,odd,12.09
28,2,B,Square,S2,5.266666667,6,0,even,43.1005
28,1,B,Trapezoid,T1,5.266666667,1,1,odd,51.8017
28,1,B,Trapezoid,T1,5.266666667,2,2,even,46.7145
28,1,B,Trapezoid,T1,5.266666667,3,1,odd,11.1855
28,1,B,Trapezoid,T1,5.266666667,4,2,even,46.1333
28,1,B,Trapezoid,T1,5.266666667,5,1,odd,69.8297
28,1,B,Trapezoid,T1,5.266666667,6,2,even,39.6095
28,3,B,Trapezoid,T2,5.266666667,1,1,odd,34.6405
28,3,B,Trapezoid,T2,5.266666667,2,2,even,7.0314
28,3,B,Trapezoid,T2,5.266666667,3,1,odd,26.7834
28,3,B,Trapezoid,T2,5.266666667,4,2,even,27.0169
28,3,B,Trapezoid,T2,5.266666667,5,1,odd,22.8024
28,3,B,Trapezoid,T2,5.266666667,6,2,even,42.9641
29,1,B,Square,S1,3.4,1,0,odd,34.2541
29,1,B,Square,S1,3.4,2,0,even,79.0431
29,1,B,Square,S1,3.4,3,0,odd,35.9468
29,1,B,Square,S1,3.4,4,0,even,61.8161
29,1,B,Square,S1,3.4,5,0,odd,50.463
29,1,B,Square,S1,3.4,6,0,even,65.7744
29,3,B,Square,S2,3.4,1,0,odd,54.3591
29,3,B,Square,S2,3.4,2,0,even,53.27
29,3,B,Square,S2,3.4,3,0,odd,45.9867
29,3,B,Square,S2,3.4,4,0,even,19.5716
29,3,B,Square,S2,3.4,5,0,odd,58.1849
29,3,B,Square,S2,3.4,6,0,even,70.6283
29,2,B,Trapezoid,T1,3.4,1,1,odd,21.5786
29,2,B,Trapezoid,T1,3.4,2,2,even,62.6922
29,2,B,Trapezoid,T1,3.4,3,1,odd,56.9084
29,2,B,Trapezoid,T1,3.4,4,2,even,42.1176
29,2,B,Trapezoid,T1,3.4,5,1,odd,32.7569
29,2,B,Trapezoid,T1,3.4,6,2,even,52.5913
29,4,B,Trapezoid,T2,3.4,1,1,odd,41.0786
29,4,B,Trapezoid,T2,3.4,2,2,even,80.4678
29,4,B,Trapezoid,T2,3.4,3,1,odd,54.5916
29,4,B,Trapezoid,T2,3.4,4,2,even,97.0561
29,4,B,Trapezoid,T2,3.4,5,1,odd,66.269
29,4,B,Trapezoid,T2,3.4,6,2,even,69.6239
30,2,A,Square,S1,4.8,1,0,odd,175.9137
30,2,A,Square,S1,4.8,2,0,even,153.8075
30,2,A,Square,S1,4.8,3,0,odd,78.0381
30,2,A,Square,S1,4.8,4,0,even,88.788
30,2,A,Square,S1,4.8,5,0,odd,42.1674
30,2,A,Square,S1,4.8,6,0,even,139.0501
30,4,A,Square,S2,4.8,1,0,odd,105.2034
30,4,A,Square,S2,4.8,2,0,even,87.7533
30,4,A,Square,S2,4.8,3,0,odd,59.1277
30,4,A,Square,S2,4.8,4,0,even,75.6327
30,4,A,Square,S2,4.8,5,0,odd,1.7121
30,4,A,Square,S2,4.8,6,0,even,40.5303
30,1,A,Trapezoid,T1,4.8,1,1,odd,44.9701
30,1,A,Trapezoid,T1,4.8,2,2,even,97.182
30,1,A,Trapezoid,T1,4.8,3,1,odd,13.5323
30,1,A,Trapezoid,T1,4.8,4,2,even,8.7695
30,1,A,Trapezoid,T1,4.8,5,1,odd,36.8456
30,1,A,Trapezoid,T1,4.8,6,2,even,78.1663
30,3,A,Trapezoid,T2,4.8,1,1,odd,19.0131
30,3,A,Trapezoid,T2,4.8,2,2,even,43.8358
30,3,A,Trapezoid,T2,4.8,3,1,odd,16.6744
30,3,A,Trapezoid,T2,4.8,4,2,even,42.0642
30,3,A,Trapezoid,T2,4.8,5,2,odd,45.8614
30,3,A,Trapezoid,T2,4.8,6,1,even,26.3398
31,2,B,Square,S1,4.733333333,1,0,odd,32.2993
31,2,B,Square,S1,4.733333333,2,0,even,87.1028
31,2,B,Square,S1,4.733333333,3,0,odd,20.6631
31,2,B,Square,S1,4.733333333,4,0,even,51.276
31,2,B,Square,S1,4.733333333,5,0,odd,33.0716
31,2,B,Square,S1,4.733333333,6,0,even,79.9453
31,1,B,Square,S2,4.733333333,1,0,odd,72.1086
31,1,B,Square,S2,4.733333333,2,0,even,96.968
31,1,B,Square,S2,4.733333333,3,0,odd,28.9346
31,1,B,Square,S2,4.733333333,4,0,even,33.5968
31,1,B,Square,S2,4.733333333,5,0,odd,35.7899
31,1,B,Square,S2,4.733333333,6,0,even,55.2717
31,3,B,Trapezoid,T1,4.733333333,1,1,odd,26.0089
31,3,B,Trapezoid,T1,4.733333333,2,2,even,73.2907
31,3,B,Trapezoid,T1,4.733333333,3,1,odd,29.608
31,3,B,Trapezoid,T1,4.733333333,4,2,even,51.5488
31,3,B,Trapezoid,T1,4.733333333,5,1,odd,69.7561
31,3,B,Trapezoid,T1,4.733333333,6,2,even,63.637
31,4,B,Trapezoid,T2,4.733333333,1,1,odd,74.5043
31,4,B,Trapezoid,T2,4.733333333,2,2,even,59.3485
31,4,B,Trapezoid,T2,4.733333333,3,1,odd,16.7552
31,4,B,Trapezoid,T2,4.733333333,4,2,even,88.9655
31,4,B,Trapezoid,T2,4.733333333,5,1,odd,41.1324
31,4,B,Trapezoid,T2,4.733333333,6,2,even,70.3679
32,4,A,Square,S1,5.266666667,1,0,odd,44.595
32,4,A,Square,S1,5.266666667,2,0,even,51.5094
32,4,A,Square,S1,5.266666667,3,0,odd,39.5252
32,4,A,Square,S1,5.266666667,4,0,even,28.5635
32,4,A,Square,S1,5.266666667,5,0,odd,41.0243
32,4,A,Square,S1,5.266666667,6,0,even,58.7352
32,2,A,Square,S2,5.266666667,1,0,odd,29.1063
32,2,A,Square,S2,5.266666667,2,0,even,31.8858
32,2,A,Square,S2,5.266666667,3,0,odd,63.3601
32,2,A,Square,S2,5.266666667,4,0,even,44.2764
32,2,A,Square,S2,5.266666667,5,0,odd,29.8332
32,2,A,Square,S2,5.266666667,6,0,even,42.4727
32,3,A,Trapezoid,T1,5.266666667,1,1,odd,78.7579
32,3,A,Trapezoid,T1,5.266666667,2,2,even,22.3736
32,3,A,Trapezoid,T1,5.266666667,3,1,odd,31.9837
32,3,A,Trapezoid,T1,5.266666667,4,2,even,68.4628
32,3,A,Trapezoid,T1,5.266666667,5,1,odd,53.0396
32,3,A,Trapezoid,T1,5.266666667,6,2,even,23.3106
32,1,A,Trapezoid,T2,5.266666667,1,1,odd,45.9601
32,1,A,Trapezoid,T2,5.266666667,2,2,even,83.9426
32,1,A,Trapezoid,T2,5.266666667,3,1,odd,63.4956
32,1,A,Trapezoid,T2,5.266666667,4,2,even,28.1454
32,1,A,Trapezoid,T2,5.266666667,5,2,odd,53.5184
32,1,A,Trapezoid,T2,5.266666667,6,1,even,33.3554
33,3,B,Square,S1,5.533333333,1,0,odd,48.7429
33,3,B,Square,S1,5.533333333,2,0,even,103.5157
33,3,B,Square,S1,5.533333333,3,0,odd,61.3123
33,3,B,Square,S1,5.533333333,4,0,even,55.4096
33,3,B,Square,S1,5.533333333,5,0,odd,79.2589
33,3,B,Square,S1,5.533333333,6,0,even,87.7019
33,4,B,Square,S2,5.533333333,1,0,odd,27.7495
33,4,B,Square,S2,5.533333333,2,0,even,40.4799
33,4,B,Square,S2,5.533333333,3,0,odd,28.0697
33,4,B,Square,S2,5.533333333,4,0,even,73.573
33,4,B,Square,S2,5.533333333,5,0,odd,35.4921
33,4,B,Square,S2,5.533333333,6,0,even,46.3041
33,2,B,Trapezoid,T1,5.533333333,1,1,odd,50.088
33,2,B,Trapezoid,T1,5.533333333,2,2,even,36.0045
33,2,B,Trapezoid,T1,5.533333333,3,1,odd,29.2036
33,2,B,Trapezoid,T1,5.533333333,4,2,even,19.7459
33,2,B,Trapezoid,T1,5.533333333,5,1,odd,72.02
33,2,B,Trapezoid,T1,5.533333333,6,2,even,82.9851
33,1,B,Trapezoid,T2,5.533333333,1,1,odd,115.087
33,1,B,Trapezoid,T2,5.533333333,2,2,even,63.114
33,1,B,Trapezoid,T2,5.533333333,3,1,odd,49.3919
33,1,B,Trapezoid,T2,5.533333333,4,2,even,113.9571
33,1,B,Trapezoid,T2,5.533333333,5,1,odd,71.2651
33,1,B,Trapezoid,T2,5.533333333,6,2,even,58.7777
34,2,A,Square,S2,2.8,1,0,odd,61.2408
34,2,A,Square,S2,2.8,2,0,even,108.0979
34,2,A,Square,S2,2.8,3,0,odd,29.3134
34,2,A,Square,S2,2.8,4,0,even,51.5071
34,2,A,Square,S2,2.8,5,0,odd,14.9465
34,2,A,Square,S2,2.8,6,0,even,39.7862
34,3,A,Trapezoid,T1,2.8,1,1,odd,93.1806
34,3,A,Trapezoid,T1,2.8,2,2,even,54.9861
34,3,A,Trapezoid,T1,2.8,3,1,odd,58.2072
34,3,A,Trapezoid,T1,2.8,4,2,even,112.8324
34,3,A,Trapezoid,T1,2.8,5,1,odd,15.774
34,3,A,Trapezoid,T1,2.8,6,2,even,121.2931
34,4,A,Trapezoid,T2,2.8,1,1,odd,30.9095
34,4,A,Trapezoid,T2,2.8,2,2,even,81.7541
34,4,A,Trapezoid,T2,2.8,3,1,odd,66.0682
34,4,A,Trapezoid,T2,2.8,4,2,even,60.8244
34,4,A,Trapezoid,T2,2.8,5,2,odd,28.3873
34,4,A,Trapezoid,T2,2.8,6,1,even,15.0639
35,2,B,Square,S1,5.4,1,0,odd,55.3466
35,2,B,Square,S1,5.4,2,0,even,54.5028
35,2,B,Square,S1,5.4,3,0,odd,37.246
35,2,B,Square,S1,5.4,4,0,even,95.8731
35,2,B,Square,S1,5.4,5,0,odd,2.2717
35,2,B,Square,S1,5.4,6,0,even,40.9457
35,1,B,Square,S2,5.4,1,0,odd,24.3886
35,1,B,Square,S2,5.4,2,0,even,72.8812
35,1,B,Square,S2,5.4,3,0,odd,24.3927
35,1,B,Square,S2,5.4,4,0,even,39.1798
35,1,B,Square,S2,5.4,5,0,odd,102.8921
35,1,B,Square,S2,5.4,6,0,even,29.0204
35,3,B,Trapezoid,T1,5.4,1,1,odd,25.2456
35,3,B,Trapezoid,T1,5.4,2,2,even,23.5573
35,3,B,Trapezoid,T1,5.4,3,1,odd,32.2495
35,3,B,Trapezoid,T1,5.4,4,2,even,44.7084
35,3,B,Trapezoid,T1,5.4,5,1,odd,64.4991
35,3,B,Trapezoid,T1,5.4,6,2,even,61.4318
35,4,B,Trapezoid,T2,5.4,1,1,odd,41.1077
35,4,B,Trapezoid,T2,5.4,2,2,even,25.3405
35,4,B,Trapezoid,T2,5.4,3,1,odd,49.7355
35,4,B,Trapezoid,T2,5.4,4,2,even,86.9742
35,4,B,Trapezoid,T2,5.4,5,1,odd,33.2689
35,4,B,Trapezoid,T2,5.4,6,2,even,59.85
36,3,A,Square,S1,1.666666667,1,0,odd,83.4625
36,3,A,Square,S1,1.666666667,2,0,even,141.9321
36,3,A,Square,S1,1.666666667,3,0,odd,108.4391
36,3,A,Square,S1,1.666666667,4,0,even,127.7592
36,3,A,Square,S1,1.666666667,5,0,odd,19.8815
36,3,A,Square,S1,1.666666667,6,0,even,101.877
36,4,A,Square,S2,1.666666667,1,0,odd,8.7836
36,4,A,Square,S2,1.666666667,2,0,even,99.7224
36,4,A,Square,S2,1.666666667,3,0,odd,61.7649
36,4,A,Square,S2,1.666666667,4,0,even,45.9575
36,4,A,Square,S2,1.666666667,5,0,odd,56.1923
36,4,A,Square,S2,1.666666667,6,0,even,48.8241
36,1,A,Trapezoid,T1,1.666666667,1,1,odd,78.742
36,1,A,Trapezoid,T1,1.666666667,2,2,even,128.6451
36,1,A,Trapezoid,T1,1.666666667,3,1,odd,125.0434
36,1,A,Trapezoid,T1,1.666666667,4,2,even,32.7242
36,1,A,Trapezoid,T1,1.666666667,5,1,odd,51.1038
36,1,A,Trapezoid,T1,1.666666667,6,2,even,113.6972
36,2,A,Trapezoid,T2,1.666666667,1,1,odd,87.9988
36,2,A,Trapezoid,T2,1.666666667,2,2,even,56.3191
36,2,A,Trapezoid,T2,1.666666667,3,1,odd,11.292
36,2,A,Trapezoid,T2,1.666666667,4,2,even,34.5813
36,2,A,Trapezoid,T2,1.666666667,5,2,odd,43.0638
36,2,A,Trapezoid,T2,1.666666667,6,1,even,50.7067
37,4,B,Square,S1,4.466666667,1,0,odd,215.3008
37,4,B,Square,S1,4.466666667,2,0,even,8.5276
37,4,B,Square,S1,4.466666667,3,0,odd,100.7233
37,4,B,Square,S1,4.466666667,4,0,even,74.0751
37,4,B,Square,S1,4.466666667,5,0,odd,164.5913
37,4,B,Square,S1,4.466666667,6,0,even,43.9084
37,1,B,Square,S2,4.466666667,1,0,odd,108.2075
37,1,B,Square,S2,4.466666667,2,0,even,73.5464
37,1,B,Square,S2,4.466666667,3,0,odd,119.7954
37,1,B,Square,S2,4.466666667,4,0,even,93.3611
37,1,B,Square,S2,4.466666667,5,0,odd,136.1338
37,1,B,Square,S2,4.466666667,6,0,even,145.2722
37,2,B,Trapezoid,T1,4.466666667,1,1,odd,96.5352
37,2,B,Trapezoid,T1,4.466666667,2,2,even,105.2357
37,2,B,Trapezoid,T1,4.466666667,3,1,odd,58.4763
37,2,B,Trapezoid,T1,4.466666667,4,2,even,59.5933
37,2,B,Trapezoid,T1,4.466666667,5,1,odd,50.9782
37,2,B,Trapezoid,T1,4.466666667,6,2,even,103.0228
37,3,B,Trapezoid,T2,4.466666667,1,1,odd,65.2162
37,3,B,Trapezoid,T2,4.466666667,2,2,even,139.3792
37,3,B,Trapezoid,T2,4.466666667,3,1,odd,70.9219
37,3,B,Trapezoid,T2,4.466666667,4,2,even,91.9474
37,3,B,Trapezoid,T2,4.466666667,5,1,odd,41.8611
37,3,B,Trapezoid,T2,4.466666667,6,2,even,70.4995
38,2,A,Square,S1,5.666666667,1,0,odd,62.5291
38,2,A,Square,S1,5.666666667,2,0,even,17.0699
38,2,A,Square,S1,5.666666667,3,0,odd,44.2898
38,2,A,Square,S1,5.666666667,4,0,even,25.514
38,2,A,Square,S1,5.666666667,5,0,odd,44.2097
38,2,A,Square,S1,5.666666667,6,0,even,15.1084
38,1,A,Square,S2,5.666666667,1,0,odd,50.7941
38,1,A,Square,S2,5.666666667,2,0,even,32.1086
38,1,A,Square,S2,5.666666667,3,0,odd,44.9783
38,1,A,Square,S2,5.666666667,4,0,even,24.429
38,1,A,Square,S2,5.666666667,5,0,odd,55.8463
38,1,A,Square,S2,5.666666667,6,0,even,54.7281
38,3,A,Trapezoid,T1,5.666666667,1,1,odd,87.676
38,3,A,Trapezoid,T1,5.666666667,2,2,even,58.6725
38,3,A,Trapezoid,T1,5.666666667,3,1,odd,174.8612
38,3,A,Trapezoid,T1,5.666666667,4,2,even,107.9044
38,3,A,Trapezoid,T1,5.666666667,5,1,odd,32.7944
38,3,A,Trapezoid,T1,5.666666667,6,2,even,82.6354
38,4,A,Trapezoid,T2,5.666666667,1,1,odd,89.9947
38,4,A,Trapezoid,T2,5.666666667,2,2,even,82.6904
38,4,A,Trapezoid,T2,5.666666667,3,1,odd,24.9976
38,4,A,Trapezoid,T2,5.666666667,4,2,even,15.1226
38,4,A,Trapezoid,T2,5.666666667,5,2,odd,52.0964
38,4,A,Trapezoid,T2,5.666666667,6,1,even,43.2108
39,3,B,Square,S1,4.333333333,1,0,odd,74.8039
39,3,B,Square,S1,4.333333333,2,0,even,34.3202
39,3,B,Square,S1,4.333333333,3,0,odd,74.56
39,3,B,Square,S1,4.333333333,4,0,even,62.3949
39,3,B,Square,S1,4.333333333,5,0,odd,102.2419
39,3,B,Square,S1,4.333333333,6,0,even,76.2456
39,2,B,Square,S2,4.333333333,1,0,odd,60.116
39,2,B,Square,S2,4.333333333,2,0,even,52.1903
39,2,B,Square,S2,4.333333333,3,0,odd,38.9929
39,2,B,Square,S2,4.333333333,4,0,even,67.2266
39,2,B,Square,S2,4.333333333,5,0,odd,66.3266
39,2,B,Square,S2,4.333333333,6,0,even,95.6766
39,4,B,Trapezoid,T1,4.333333333,1,1,odd,67.212
39,4,B,Trapezoid,T1,4.333333333,2,2,even,83.8112
39,4,B,Trapezoid,T1,4.333333333,3,1,odd,54.1693
39,4,B,Trapezoid,T1,4.333333333,4,2,even,82.7122
39,4,B,Trapezoid,T1,4.333333333,5,1,odd,36.9994
39,4,B,Trapezoid,T1,4.333333333,6,2,even,109.7494
39,1,B,Trapezoid,T2,4.333333333,1,1,odd,29.5341
39,1,B,Trapezoid,T2,4.333333333,2,2,even,59.5487
39,1,B,Trapezoid,T2,4.333333333,3,1,odd,30.3807
39,1,B,Trapezoid,T2,4.333333333,4,2,even,76.8091
39,1,B,Trapezoid,T2,4.333333333,5,1,odd,28.6669
39,1,B,Trapezoid,T2,4.333333333,6,2,even,67.069
40,4,A,Square,S1,4.666666667,1,0,odd,70.46
40,4,A,Square,S1,4.666666667,2,0,even,27.502
40,4,A,Square,S1,4.666666667,3,0,odd,57.2939
40,4,A,Square,S1,4.666666667,4,0,even,28.683
40,4,A,Square,S1,4.666666667,5,0,odd,29.344
40,4,A,Square,S1,4.666666667,6,0,even,42.4132
40,3,A,Square,S2,4.666666667,1,0,odd,34.6072
40,3,A,Square,S2,4.666666667,2,0,even,64.9304
40,3,A,Square,S2,4.666666667,3,0,odd,41.9
40,3,A,Square,S2,4.666666667,4,0,even,69.5442
40,3,A,Square,S2,4.666666667,5,0,odd,61.6539
40,3,A,Square,S2,4.666666667,6,0,even,50.9923
40,1,A,Trapezoid,T1,4.666666667,1,1,odd,65.823
40,1,A,Trapezoid,T1,4.666666667,2,2,even,64.6075
40,1,A,Trapezoid,T1,4.666666667,3,1,odd,48.8483
40,1,A,Trapezoid,T1,4.666666667,4,2,even,146.5778
40,1,A,Trapezoid,T1,4.666666667,5,1,odd,75.4345
40,1,A,Trapezoid,T1,4.666666667,6,2,even,105.1889
40,2,A,Trapezoid,T2,4.666666667,1,1,odd,101.7201
40,2,A,Trapezoid,T2,4.666666667,2,2,even,104.009
40,2,A,Trapezoid,T2,4.666666667,3,1,odd,111.7228
40,2,A,Trapezoid,T2,4.666666667,4,2,even,105.4966
40,2,A,Trapezoid,T2,4.666666667,5,2,odd,92.8862
40,2,A,Trapezoid,T2,4.666666667,6,1,even,65.7324
41,1,B,Square,S1,3.333333333,1,0,odd,23.9829
41,1,B,Square,S1,3.333333333,2,0,even,70.3812
41,1,B,Square,S1,3.333333333,3,0,odd,93.6347
41,1,B,Square,S1,3.333333333,4,0,even,94.5784
41,1,B,Square,S1,3.333333333,5,0,odd,43.2955
41,1,B,Square,S1,3.333333333,6,0,even,75.1078
41,4,B,Square,S2,3.333333333,1,0,odd,6.6849
41,4,B,Square,S2,3.333333333,2,0,even,94.9443
41,4,B,Square,S2,3.333333333,3,0,odd,57.4647
41,4,B,Square,S2,3.333333333,4,0,even,69.9621
41,4,B,Square,S2,3.333333333,5,0,odd,55.6807
41,4,B,Square,S2,3.333333333,6,0,even,6.0879
41,2,B,Trapezoid,T1,3.333333333,1,1,odd,5.2887
41,2,B,Trapezoid,T1,3.333333333,2,2,even,38.4799
41,2,B,Trapezoid,T1,3.333333333,3,1,odd,46.1983
41,2,B,Trapezoid,T1,3.333333333,4,2,even,20.8465
41,2,B,Trapezoid,T1,3.333333333,5,1,odd,22.2116
41,2,B,Trapezoid,T1,3.333333333,6,2,even,55.3776
41,3,B,Trapezoid,T2,3.333333333,1,1,odd,46.0197
41,3,B,Trapezoid,T2,3.333333333,2,2,even,101.1963
41,3,B,Trapezoid,T2,3.333333333,3,1,odd,18.7223
41,3,B,Trapezoid,T2,3.333333333,4,2,even,25.1666
41,3,B,Trapezoid,T2,3.333333333,5,1,odd,31.2524
41,3,B,Trapezoid,T2,3.333333333,6,2,even,40.7685
42,3,A,Square,S1,5.066666667,1,0,odd,112.2879
42,3,A,Square,S1,5.066666667,2,0,even,71.2319
42,3,A,Square,S1,5.066666667,3,0,odd,16.9741
42,3,A,Square,S1,5.066666667,4,0,even,75.7628
42,3,A,Square,S1,5.066666667,5,0,odd,28.9821
42,3,A,Square,S1,5.066666667,6,0,even,104.8217
42,4,A,Square,S2,5.066666667,1,0,odd,74.8135
42,4,A,Square,S2,5.066666667,2,0,even,96.9777
42,4,A,Square,S2,5.066666667,3,0,odd,31.9062
42,4,A,Square,S2,5.066666667,4,0,even,38.9726
42,4,A,Square,S2,5.066666667,5,0,odd,28.0378
42,4,A,Square,S2,5.066666667,6,0,even,99.4646
42,1,A,Trapezoid,T1,5.066666667,1,1,odd,35.2416
42,1,A,Trapezoid,T1,5.066666667,2,2,even,61.117
42,1,A,Trapezoid,T1,5.066666667,3,1,odd,80.2037
42,1,A,Trapezoid,T1,5.066666667,4,2,even,30.6253
42,1,A,Trapezoid,T1,5.066666667,5,1,odd,36.7091
42,1,A,Trapezoid,T1,5.066666667,6,2,even,59.1141
42,2,A,Trapezoid,T2,5.066666667,1,1,odd,36.8219
42,2,A,Trapezoid,T2,5.066666667,2,2,even,121.8478
42,2,A,Trapezoid,T2,5.066666667,3,1,odd,41.5197
42,2,A,Trapezoid,T2,5.066666667,4,2,even,10.513
42,2,A,Trapezoid,T2,5.066666667,5,2,odd,53.4244
42,2,A,Trapezoid,T2,5.066666667,6,1,even,39.2869
43,4,B,Square,S1,2.733333333,1,0,odd,39.755
43,4,B,Square,S1,2.733333333,2,0,even,113.291
43,4,B,Square,S1,2.733333333,3,0,odd,53.9543
43,4,B,Square,S1,2.733333333,4,0,even,69.1001
43,4,B,Square,S1,2.733333333,5,0,odd,28.3477
43,4,B,Square,S1,2.733333333,6,0,even,73.3676
43,1,B,Square,S2,2.733333333,1,0,odd,9.1039
43,1,B,Square,S2,2.733333333,2,0,even,34.3129
43,1,B,Square,S2,2.733333333,3,0,odd,57.2044
43,1,B,Square,S2,2.733333333,4,0,even,31.4255
43,1,B,Square,S2,2.733333333,5,0,odd,45.5243
43,1,B,Square,S2,2.733333333,6,0,even,74.1055
43,2,B,Trapezoid,T1,2.733333333,1,1,odd,27.8572
43,2,B,Trapezoid,T1,2.733333333,2,2,even,81.8872
43,2,B,Trapezoid,T1,2.733333333,3,1,odd,54.6492
43,2,B,Trapezoid,T1,2.733333333,4,2,even,40.9169
43,2,B,Trapezoid,T1,2.733333333,5,1,odd,48.958
43,2,B,Trapezoid,T1,2.733333333,6,2,even,63.0971
43,3,B,Trapezoid,T2,2.733333333,1,1,odd,25.4101
43,3,B,Trapezoid,T2,2.733333333,2,2,even,158.9875
43,3,B,Trapezoid,T2,2.733333333,3,1,odd,43.8369
43,3,B,Trapezoid,T2,2.733333333,4,2,even,90.4492
43,3,B,Trapezoid,T2,2.733333333,5,1,odd,17.5429
43,3,B,Trapezoid,T2,2.733333333,6,2,even,94.4525
44,1,A,Square,S1,3.066666667,1,0,odd,94.1489
44,1,A,Square,S1,3.066666667,2,0,even,5.7148
44,1,A,Square,S1,3.066666667,3,0,odd,17.1861
44,1,A,Square,S1,3.066666667,4,0,even,70.9731
44,1,A,Square,S1,3.066666667,5,0,odd,53.1892
44,1,A,Square,S1,3.066666667,6,0,even,51.9158
44,2,A,Square,S2,3.066666667,1,0,odd,73.8253
44,2,A,Square,S2,3.066666667,2,0,even,83.0956
44,2,A,Square,S2,3.066666667,3,0,odd,60.3531
44,2,A,Square,S2,3.066666667,4,0,even,194.4363
44,2,A,Square,S2,3.066666667,5,0,odd,169.8725
44,2,A,Square,S2,3.066666667,6,0,even,153.6322
44,3,A,Trapezoid,T1,3.066666667,1,1,odd,62.7942
44,3,A,Trapezoid,T1,3.066666667,2,2,even,77.2094
44,3,A,Trapezoid,T1,3.066666667,3,1,odd,85.0373
44,3,A,Trapezoid,T1,3.066666667,4,2,even,84.3105
44,3,A,Trapezoid,T1,3.066666667,5,1,odd,90.8867
44,3,A,Trapezoid,T1,3.066666667,6,2,even,42.2804
44,4,A,Trapezoid,T2,3.066666667,1,1,odd,42.1059
44,4,A,Trapezoid,T2,3.066666667,2,2,even,95.6893
44,4,A,Trapezoid,T2,3.066666667,3,1,odd,89.7092
44,4,A,Trapezoid,T2,3.066666667,4,2,even,79.0533
44,4,A,Trapezoid,T2,3.066666667,5,2,odd,52.0868
44,4,A,Trapezoid,T2,3.066666667,6,1,even,94.9017
45,2,B,Square,S1,3.066666667,1,0,odd,134.3948
45,2,B,Square,S1,3.066666667,2,0,even,166.8283
45,2,B,Square,S1,3.066666667,3,0,odd,124.5462
45,2,B,Square,S1,3.066666667,4,0,even,121.3323
45,2,B,Square,S1,3.066666667,5,0,odd,45.956
45,2,B,Square,S1,3.066666667,6,0,even,98.2597
45,3,B,Square,S2,3.066666667,1,0,odd,122.0479
45,3,B,Square,S2,3.066666667,2,0,even,172.0536
45,3,B,Square,S2,3.066666667,3,0,odd,301.8066
45,3,B,Square,S2,3.066666667,4,0,even,103.7758
45,3,B,Square,S2,3.066666667,5,0,odd,128.6139
45,3,B,Square,S2,3.066666667,6,0,even,155.5455
45,4,B,Trapezoid,T1,3.066666667,1,1,odd,64.9062
45,4,B,Trapezoid,T1,3.066666667,2,2,even,123.7693
45,4,B,Trapezoid,T1,3.066666667,3,1,odd,109.2212
45,4,B,Trapezoid,T1,3.066666667,4,2,even,103.7179
45,4,B,Trapezoid,T1,3.066666667,5,1,odd,121.6292
45,4,B,Trapezoid,T1,3.066666667,6,2,even,131.7063
45,1,B,Trapezoid,T2,3.066666667,1,1,odd,64.9686
45,1,B,Trapezoid,T2,3.066666667,2,2,even,56.2158
45,1,B,Trapezoid,T2,3.066666667,3,1,odd,38.7538
45,1,B,Trapezoid,T2,3.066666667,4,2,even,16.7828
45,1,B,Trapezoid,T2,3.066666667,5,1,odd,18.4662
45,1,B,Trapezoid,T2,3.066666667,6,2,even,51.0614
46,2,A,Square,S1,5,1,0,odd,34.7947
46,2,A,Square,S1,5,2,0,even,31.8989
46,2,A,Square,S1,5,3,0,odd,19.7791
46,2,A,Square,S1,5,4,0,even,28.4848
46,2,A,Square,S1,5,5,0,odd,8.4963
46,2,A,Square,S1,5,6,0,even,32.5123
46,1,A,Square,S2,5,1,0,odd,26.1212
46,1,A,Square,S2,5,2,0,even,38.5383
46,1,A,Square,S2,5,3,0,odd,71.9094
46,1,A,Square,S2,5,4,0,even,9.0185
46,1,A,Square,S2,5,5,0,odd,61.4478
46,1,A,Square,S2,5,6,0,even,21.9903
46,4,A,Trapezoid,T1,5,1,1,odd,50.7707
46,4,A,Trapezoid,T1,5,2,2,even,59.6471
46,4,A,Trapezoid,T1,5,3,1,odd,21.7755
46,4,A,Trapezoid,T1,5,4,2,even,37.2084
46,4,A,Trapezoid,T1,5,5,1,odd,37.9867
46,4,A,Trapezoid,T1,5,6,2,even,33.5971
46,3,A,Trapezoid,T2,5,1,1,odd,30.5852
46,3,A,Trapezoid,T2,5,2,2,even,62.9829
46,3,A,Trapezoid,T2,5,3,1,odd,25.4114
46,3,A,Trapezoid,T2,5,4,2,even,11.5954
46,3,A,Trapezoid,T2,5,5,2,odd,16.3365
46,3,A,Trapezoid,T2,5,6,1,even,39.361
47,3,B,Square,S1,3.4,1,0,odd,114.5153
47,3,B,Square,S1,3.4,2,0,even,192.7915
47,3,B,Square,S1,3.4,3,0,odd,106.0681
47,3,B,Square,S1,3.4,4,0,even,225.8442
47,3,B,Square,S1,3.4,5,0,odd,193.9815
47,3,B,Square,S1,3.4,6,0,even,51.4741
47,4,B,Square,S2,3.4,1,0,odd,66.3829
47,4,B,Square,S2,3.4,2,0,even,81.1548
47,4,B,Square,S2,3.4,3,0,odd,82.5609
47,4,B,Square,S2,3.4,5,0,odd,71.9176
47,4,B,Square,S2,3.4,6,0,even,41.9977
47,2,B,Trapezoid,T1,3.4,1,1,odd,115.1485
47,2,B,Trapezoid,T1,3.4,2,2,even,60.2242
47,2,B,Trapezoid,T1,3.4,3,1,odd,36.9044
47,2,B,Trapezoid,T1,3.4,4,2,even,86.5317
47,2,B,Trapezoid,T1,3.4,5,1,odd,81.2577
47,2,B,Trapezoid,T1,3.4,6,2,even,107.0925
48,3,A,Square,S1,4.8,1,0,odd,48.074
48,3,A,Square,S1,4.8,2,0,even,112.5781
48,3,A,Square,S1,4.8,3,0,odd,15.868
48,3,A,Square,S1,4.8,4,0,even,73.088
48,3,A,Square,S1,4.8,5,0,odd,47.2569
48,3,A,Square,S1,4.8,6,0,even,46.8553
48,4,A,Square,S2,4.8,1,0,odd,64.5985
48,4,A,Square,S2,4.8,2,0,even,51.3818
48,4,A,Square,S2,4.8,3,0,odd,35.6381
48,4,A,Square,S2,4.8,4,0,even,36.7238
48,4,A,Square,S2,4.8,5,0,odd,79.0113
48,4,A,Square,S2,4.8,6,0,even,32.0621
48,1,A,Trapezoid,T1,4.8,1,1,odd,113.416
48,1,A,Trapezoid,T1,4.8,2,2,even,137.6447
48,1,A,Trapezoid,T1,4.8,3,1,odd,131.8972
48,1,A,Trapezoid,T1,4.8,4,2,even,72.9441
48,1,A,Trapezoid,T1,4.8,5,1,odd,59.1322
48,1,A,Trapezoid,T1,4.8,6,2,even,97.3441
48,2,A,Trapezoid,T2,4.8,1,1,odd,89.5492
48,2,A,Trapezoid,T2,4.8,2,2,even,101.8961
48,2,A,Trapezoid,T2,4.8,3,1,odd,6.5273
48,2,A,Trapezoid,T2,4.8,4,2,even,13.3867
48,2,A,Trapezoid,T2,4.8,5,2,odd,25.0482
48,2,A,Trapezoid,T2,4.8,6,1,even,44.0679
49,2,B,Square,S1,1.866666667,1,0,odd,21.4475
49,2,B,Square,S1,1.866666667,2,0,even,45.6009
49,2,B,Square,S1,1.866666667,3,0,odd,50.2285
49,2,B,Square,S1,1.866666667,4,0,even,94.4528
49,2,B,Square,S1,1.866666667,5,0,odd,18.8476
49,2,B,Square,S1,1.866666667,6,0,even,15.4513
49,1,B,Square,S2,1.866666667,1,0,odd,29.137
49,1,B,Square,S2,1.866666667,2,0,even,22.8979
49,1,B,Square,S2,1.866666667,3,0,odd,73.2933
49,1,B,Square,S2,1.866666667,4,0,even,56.1913
49,1,B,Square,S2,1.866666667,5,0,odd,68.8816
49,1,B,Square,S2,1.866666667,6,0,even,38.3912
49,4,B,Trapezoid,T1,1.866666667,1,1,odd,44.2337
49,4,B,Trapezoid,T1,1.866666667,2,2,even,42.8533
49,4,B,Trapezoid,T1,1.866666667,3,1,odd,9.8129
49,4,B,Trapezoid,T1,1.866666667,4,2,even,42.4281
49,4,B,Trapezoid,T1,1.866666667,5,1,odd,27.354
49,4,B,Trapezoid,T1,1.866666667,6,2,even,66.5532
49,3,B,Trapezoid,T2,1.866666667,1,1,odd,41.3895
49,3,B,Trapezoid,T2,1.866666667,2,2,even,47.1791
49,3,B,Trapezoid,T2,1.866666667,3,1,odd,51.4189
49,3,B,Trapezoid,T2,1.866666667,4,2,even,75.1946
49,3,B,Trapezoid,T2,1.866666667,5,1,odd,44.3808
49,3,B,Trapezoid,T2,1.866666667,6,2,even,52.2131
50,1,A,Square,S1,5.2,1,0,odd,22.1718
50,1,A,Square,S1,5.2,2,0,even,132.7257
50,1,A,Square,S1,5.2,3,0,odd,137.8868
50,1,A,Square,S1,5.2,4,0,even,97.3801
50,1,A,Square,S1,5.2,5,0,odd,74.3576
50,1,A,Square,S1,5.2,6,0,even,68.3647
50,4,A,Square,S2,5.2,1,0,odd,55.1908
50,4,A,Square,S2,5.2,2,0,even,41.1648
50,4,A,Square,S2,5.2,3,0,odd,49.9618
50,4,A,Square,S2,5.2,4,0,even,56.4589
50,4,A,Square,S2,5.2,5,0,odd,19.1901
50,4,A,Square,S2,5.2,6,0,even,13.1151
50,2,A,Trapezoid,T1,5.2,1,1,odd,40.8059
50,2,A,Trapezoid,T1,5.2,2,2,even,58.3318
50,2,A,Trapezoid,T1,5.2,3,1,odd,50.6532
50,2,A,Trapezoid,T1,5.2,4,2,even,76.3051
50,2,A,Trapezoid,T1,5.2,5,1,odd,67.485
50,2,A,Trapezoid,T1,5.2,6,2,even,63.7426
50,3,A,Trapezoid,T2,5.2,1,1,odd,55.6378
50,3,A,Trapezoid,T2,5.2,2,2,even,35.3646
50,3,A,Trapezoid,T2,5.2,3,1,odd,75.9073
50,3,A,Trapezoid,T2,5.2,4,2,even,17.8475
50,3,A,Trapezoid,T2,5.2,5,2,odd,23.1799
50,3,A,Trapezoid,T2,5.2,6,1,even,12.092
51,4,B,Square,S1,2.4,1,0,odd,42.5141
51,4,B,Square,S1,2.4,2,0,even,158.125
51,4,B,Square,S1,2.4,3,0,odd,62.6515
51,4,B,Square,S1,2.4,4,0,even,74.8901
51,4,B,Square,S1,2.4,5,0,odd,136.4045
51,4,B,Square,S1,2.4,6,0,even,30.5123
51,3,B,Square,S2,2.4,1,0,odd,54.5275
51,3,B,Square,S2,2.4,2,0,even,74.5006
51,3,B,Square,S2,2.4,3,0,odd,46.2892
51,3,B,Square,S2,2.4,4,0,even,70.5424
51,3,B,Square,S2,2.4,5,0,odd,42.3983
51,3,B,Square,S2,2.4,6,0,even,41.8115
51,1,B,Trapezoid,T1,2.4,1,1,odd,92.2822
51,1,B,Trapezoid,T1,2.4,2,2,even,156.1173
51,1,B,Trapezoid,T1,2.4,3,1,odd,60.7685
51,1,B,Trapezoid,T1,2.4,4,2,even,105.2892
51,1,B,Trapezoid,T1,2.4,5,1,odd,27.5868
51,1,B,Trapezoid,T1,2.4,6,2,even,97.0558
51,2,B,Trapezoid,T2,2.4,1,1,odd,54.1786
51,2,B,Trapezoid,T2,2.4,2,2,even,39.8369
51,2,B,Trapezoid,T2,2.4,3,1,odd,50.2302
51,2,B,Trapezoid,T2,2.4,4,2,even,63.0184
51,2,B,Trapezoid,T2,2.4,5,1,odd,45.3912
51,2,B,Trapezoid,T2,2.4,6,2,even,54.3061
53,4,B,Square,S1,3.533333333,1,0,odd,34.1211
53,4,B,Square,S1,3.533333333,2,0,even,31.1501
53,4,B,Square,S1,3.533333333,3,0,odd,26.5921
53,4,B,Square,S1,3.533333333,4,0,even,35.5278
53,4,B,Square,S1,3.533333333,5,0,odd,37.0201
53,4,B,Square,S1,3.533333333,6,0,even,40.3704
53,3,B,Square,S2,3.533333333,1,0,odd,59.317
53,3,B,Square,S2,3.533333333,2,0,even,63.5955
53,3,B,Square,S2,3.533333333,3,0,odd,58.1058
53,3,B,Square,S2,3.533333333,4,0,even,46.1783
53,3,B,Square,S2,3.533333333,5,0,odd,22.3797
53,3,B,Square,S2,3.533333333,6,0,even,78.4876
53,1,B,Trapezoid,T1,3.533333333,1,1,odd,60.5315
53,1,B,Trapezoid,T1,3.533333333,2,2,even,80.2271
53,1,B,Trapezoid,T1,3.533333333,3,1,odd,66.5083
53,1,B,Trapezoid,T1,3.533333333,4,2,even,81.0773
53,1,B,Trapezoid,T1,3.533333333,5,1,odd,6.6712
53,1,B,Trapezoid,T1,3.533333333,6,2,even,93.1328
53,2,B,Trapezoid,T2,3.533333333,1,1,odd,31.8142
53,2,B,Trapezoid,T2,3.533333333,2,2,even,90.2814
53,2,B,Trapezoid,T2,3.533333333,3,1,odd,13.2375
53,2,B,Trapezoid,T2,3.533333333,4,2,even,103.6098
53,2,B,Trapezoid,T2,3.533333333,5,1,odd,54.8863
53,2,B,Trapezoid,T2,3.533333333,6,2,even,56.8433
54,3,A,Square,S1,5.4,1,0,odd,69.4589
54,3,A,Square,S1,5.4,2,0,even,77.1424
54,3,A,Square,S1,5.4,3,0,odd,57.2901
54,3,A,Square,S1,5.4,4,0,even,27.8292
54,3,A,Square,S1,5.4,5,0,odd,2.9385
54,3,A,Square,S1,5.4,6,0,even,17.512
54,4,A,Square,S2,5.4,1,0,odd,45.0651
54,4,A,Square,S2,5.4,2,0,even,12.9177
54,4,A,Square,S2,5.4,3,0,odd,41.0978
54,4,A,Square,S2,5.4,4,0,even,49.6342
54,4,A,Square,S2,5.4,5,0,odd,77.2218
54,4,A,Square,S2,5.4,6,0,even,54.1931
54,1,A,Trapezoid,T1,5.4,1,1,odd,42.6367
54,1,A,Trapezoid,T1,5.4,2,2,even,82.2871
54,1,A,Trapezoid,T1,5.4,3,1,odd,38.399
54,1,A,Trapezoid,T1,5.4,4,2,even,35.4459
54,1,A,Trapezoid,T1,5.4,5,1,odd,28.6964
54,1,A,Trapezoid,T1,5.4,6,2,even,56.2269
54,2,A,Trapezoid,T2,5.4,1,1,odd,14.0405
54,2,A,Trapezoid,T2,5.4,2,2,even,60.8824
54,2,A,Trapezoid,T2,5.4,3,1,odd,61.8718
54,2,A,Trapezoid,T2,5.4,4,2,even,20.4426
54,2,A,Trapezoid,T2,5.4,5,2,odd,58.9341
54,2,A,Trapezoid,T2,5.4,6,1,even,51.9203
55,4,B,Square,S1,4.266666667,1,0,odd,217.0553
55,4,B,Square,S1,4.266666667,2,0,even,106.8878
55,4,B,Square,S1,4.266666667,3,0,odd,106.851
55,4,B,Square,S1,4.266666667,4,0,even,131.0591
55,4,B,Square,S1,4.266666667,5,0,odd,118.107
55,4,B,Square,S1,4.266666667,6,0,even,104.202
55,3,B,Square,S2,4.266666667,1,0,odd,42.2334
55,3,B,Square,S2,4.266666667,2,0,even,24.4732
55,3,B,Square,S2,4.266666667,3,0,odd,103.5323
55,3,B,Square,S2,4.266666667,4,0,even,87.8689
55,3,B,Square,S2,4.266666667,5,0,odd,89.0654
55,3,B,Square,S2,4.266666667,6,0,even,41.4795
55,2,B,Trapezoid,T1,4.266666667,1,1,odd,86.1695
55,2,B,Trapezoid,T1,4.266666667,2,2,even,94.6769
55,2,B,Trapezoid,T1,4.266666667,3,1,odd,49.7284
55,2,B,Trapezoid,T1,4.266666667,4,2,even,104.9853
55,2,B,Trapezoid,T1,4.266666667,5,1,odd,75.7408
55,2,B,Trapezoid,T1,4.266666667,6,2,even,148.6502
55,1,B,Trapezoid,T2,4.266666667,1,1,odd,170.3729
55,1,B,Trapezoid,T2,4.266666667,2,2,even,176.6762
55,1,B,Trapezoid,T2,4.266666667,3,1,odd,171.9761
55,1,B,Trapezoid,T2,4.266666667,4,2,even,224.1563
55,1,B,Trapezoid,T2,4.266666667,5,1,odd,66.9196
55,1,B,Trapezoid,T2,4.266666667,6,2,even,74.478
56,3,A,Square,S1,4.066666667,1,0,odd,21.5344
56,3,A,Square,S1,4.066666667,2,0,even,19.5622
56,3,A,Square,S1,4.066666667,3,0,odd,51.6127
56,3,A,Square,S1,4.066666667,4,0,even,25.0204
56,3,A,Square,S1,4.066666667,5,0,odd,44.111
56,3,A,Square,S1,4.066666667,6,0,even,10.3544
56,4,A,Square,S2,4.066666667,1,0,odd,20.9793
56,4,A,Square,S2,4.066666667,2,0,even,52.3741
56,4,A,Square,S2,4.066666667,3,0,odd,51.3408
56,4,A,Square,S2,4.066666667,4,0,even,17.2537
56,4,A,Square,S2,4.066666667,5,0,odd,64.448
56,4,A,Square,S2,4.066666667,6,0,even,19.8569
56,1,A,Trapezoid,T1,4.066666667,1,1,odd,88.528
56,1,A,Trapezoid,T1,4.066666667,2,2,even,145.8285
56,1,A,Trapezoid,T1,4.066666667,3,1,odd,88.5938
56,1,A,Trapezoid,T1,4.066666667,4,2,even,69.6874
56,1,A,Trapezoid,T1,4.066666667,5,1,odd,51.7335
56,1,A,Trapezoid,T1,4.066666667,6,2,even,97.8761
56,2,A,Trapezoid,T2,4.066666667,1,1,odd,103.8862
56,2,A,Trapezoid,T2,4.066666667,2,2,even,158.1837
56,2,A,Trapezoid,T2,4.066666667,3,1,odd,32.5342
56,2,A,Trapezoid,T2,4.066666667,4,2,even,48.4639
56,2,A,Trapezoid,T2,4.066666667,5,2,odd,64.1682
56,2,A,Trapezoid,T2,4.066666667,6,1,even,64.7412
57,4,B,Square,S1,5.6,1,0,odd,15.637
57,4,B,Square,S1,5.6,2,0,even,48.503
57,4,B,Square,S1,5.6,3,0,odd,46.624
57,4,B,Square,S1,5.6,4,0,even,23.7627
57,4,B,Square,S1,5.6,5,0,odd,59.7446
57,4,B,Square,S1,5.6,6,0,even,52.0028
57,3,B,Square,S2,5.6,1,0,odd,39.9359
57,3,B,Square,S2,5.6,2,0,even,18.5167
57,3,B,Square,S2,5.6,3,0,odd,49.1788
57,3,B,Square,S2,5.6,4,0,even,32.0643
57,3,B,Square,S2,5.6,5,0,odd,9.4441
57,3,B,Square,S2,5.6,6,0,even,41.1032
58,3,A,Square,S1,4.333333333,1,0,odd,36.4722
58,3,A,Square,S1,4.333333333,2,0,even,42.0664
58,3,A,Square,S1,4.333333333,3,0,odd,51.8491
58,3,A,Square,S1,4.333333333,4,0,even,43.2794
58,3,A,Square,S1,4.333333333,5,0,odd,30.2525
58,3,A,Square,S1,4.333333333,6,0,even,19.353
58,2,A,Square,S2,4.333333333,1,0,odd,57.441
58,2,A,Square,S2,4.333333333,2,0,even,34.0266
58,2,A,Square,S2,4.333333333,3,0,odd,36.6522
58,2,A,Square,S2,4.333333333,4,0,even,62.2495
58,2,A,Square,S2,4.333333333,5,0,odd,23.6675
58,2,A,Square,S2,4.333333333,6,0,even,44.4841
58,1,A,Trapezoid,T1,4.333333333,1,1,odd,40.1364
58,1,A,Trapezoid,T1,4.333333333,2,2,even,102.5852
58,1,A,Trapezoid,T1,4.333333333,3,1,odd,9.2613
58,1,A,Trapezoid,T1,4.333333333,4,2,even,53.2178
58,1,A,Trapezoid,T1,4.333333333,5,1,odd,67.4221
58,1,A,Trapezoid,T1,4.333333333,6,2,even,74.7696
58,4,A,Trapezoid,T2,4.333333333,1,1,odd,59.1603
58,4,A,Trapezoid,T2,4.333333333,2,2,even,86.7529
58,4,A,Trapezoid,T2,4.333333333,3,1,odd,64.0809
58,4,A,Trapezoid,T2,4.333333333,4,2,even,49.5778
58,4,A,Trapezoid,T2,4.333333333,5,2,odd,30.9169
58,4,A,Trapezoid,T2,4.333333333,6,1,even,35.2631
59,2,B,Square,S1,5.133333333,1,0,odd,20.2195
59,2,B,Square,S1,5.133333333,2,0,even,49.878
59,2,B,Square,S1,5.133333333,3,0,odd,55.5623
59,2,B,Square,S1,5.133333333,4,0,even,23.7209
59,2,B,Square,S1,5.133333333,5,0,odd,30.7925
59,2,B,Square,S1,5.133333333,6,0,even,41.4795
59,1,B,Square,S2,5.133333333,1,0,odd,36.1097
59,1,B,Square,S2,5.133333333,2,0,even,32.5637
59,1,B,Square,S2,5.133333333,3,0,odd,9.4512
59,1,B,Square,S2,5.133333333,4,0,even,10.4652
59,1,B,Square,S2,5.133333333,5,0,odd,16.1337
59,1,B,Square,S2,5.133333333,6,0,even,18.4931
59,3,B,Trapezoid,T1,5.133333333,1,1,odd,57.5102
59,3,B,Trapezoid,T1,5.133333333,2,2,even,16.2646
59,3,B,Trapezoid,T1,5.133333333,3,1,odd,28.7109
59,3,B,Trapezoid,T1,5.133333333,4,2,even,25.5836
59,3,B,Trapezoid,T1,5.133333333,5,1,odd,36.1783
59,3,B,Trapezoid,T1,5.133333333,6,2,even,77.2862
59,4,B,Trapezoid,T2,5.133333333,1,1,odd,72.9754
59,4,B,Trapezoid,T2,5.133333333,2,2,even,51.7357
59,4,B,Trapezoid,T2,5.133333333,3,1,odd,63.4399
59,4,B,Trapezoid,T2,5.133333333,4,2,even,51.2055
59,4,B,Trapezoid,T2,5.133333333,5,1,odd,27.0584
59,4,B,Trapezoid,T2,5.133333333,6,2,even,60.6364
60,3,A,Square,S1,3.6,1,0,odd,90.4575
60,3,A,Square,S1,3.6,2,0,even,17.8028
60,3,A,Square,S1,3.6,3,0,odd,64.2144
60,3,A,Square,S1,3.6,4,0,even,37.8384
60,3,A,Square,S1,3.6,5,0,odd,39.9368
60,3,A,Square,S1,3.6,6,0,even,16.4063
60,2,A,Square,S2,3.6,1,0,odd,67.044
60,2,A,Square,S2,3.6,2,0,even,47.7274
60,2,A,Square,S2,3.6,3,0,odd,46.1426
60,2,A,Square,S2,3.6,4,0,even,30.6218
60,2,A,Square,S2,3.6,5,0,odd,86.4931
60,2,A,Square,S2,3.6,6,0,even,46.8567
60,1,A,Trapezoid,T1,3.6,1,1,odd,117.3769
60,1,A,Trapezoid,T1,3.6,2,2,even,61.0157
60,1,A,Trapezoid,T1,3.6,3,1,odd,108.3279
60,1,A,Trapezoid,T1,3.6,4,2,even,47.2394
60,1,A,Trapezoid,T1,3.6,5,1,odd,102.9022
60,1,A,Trapezoid,T1,3.6,6,2,even,96.8464
61,3,B,Square,S2,4,1,0,odd,20.9374
61,3,B,Square,S2,4,2,0,even,42.8856
61,3,B,Square,S2,4,3,0,odd,62.6741
61,3,B,Square,S2,4,4,0,even,61.3551
61,3,B,Square,S2,4,5,0,odd,28.6072
61,3,B,Square,S2,4,6,0,even,80.6055
61,2,B,Trapezoid,T1,4,1,1,odd,14.9258
61,2,B,Trapezoid,T1,4,2,2,even,36.6135
61,2,B,Trapezoid,T1,4,3,1,odd,13.1725
61,2,B,Trapezoid,T1,4,4,2,even,46.7706
61,2,B,Trapezoid,T1,4,5,1,odd,13.3166
61,2,B,Trapezoid,T1,4,6,2,even,75.1898
61,1,B,Trapezoid,T2,4,1,1,odd,98.1857
61,1,B,Trapezoid,T2,4,2,2,even,63.5319
61,1,B,Trapezoid,T2,4,3,1,odd,208.0188
61,1,B,Trapezoid,T2,4,4,2,even,142.7148
61,1,B,Trapezoid,T2,4,5,1,odd,43.1409
61,1,B,Trapezoid,T2,4,6,2,even,129.7936
62,1,A,Square,S1,5.466666667,1,0,odd,24.8357
62,1,A,Square,S1,5.466666667,2,0,even,18.036
62,1,A,Square,S1,5.466666667,3,0,odd,27.4038
62,1,A,Square,S1,5.466666667,4,0,even,18.5471
62,1,A,Square,S1,5.466666667,5,0,odd,17.1477
62,1,A,Square,S1,5.466666667,6,0,even,4.0029
62,4,A,Square,S2,5.466666667,1,0,odd,37.69
62,4,A,Square,S2,5.466666667,2,0,even,17.4324
62,4,A,Square,S2,5.466666667,3,0,odd,28.6857
62,4,A,Square,S2,5.466666667,4,0,even,13.3736
62,4,A,Square,S2,5.466666667,5,0,odd,13.916
62,4,A,Square,S2,5.466666667,6,0,even,48.7027
62,3,A,Trapezoid,T1,5.466666667,1,1,odd,62.7305
62,3,A,Trapezoid,T1,5.466666667,2,2,even,71.6925
62,3,A,Trapezoid,T1,5.466666667,3,1,odd,63.3263
62,3,A,Trapezoid,T1,5.466666667,4,2,even,50.6435
62,3,A,Trapezoid,T1,5.466666667,5,1,odd,49.278
62,3,A,Trapezoid,T1,5.466666667,6,2,even,63.218
62,2,A,Trapezoid,T2,5.466666667,1,1,odd,90.8312
62,2,A,Trapezoid,T2,5.466666667,2,2,even,84.6336
62,2,A,Trapezoid,T2,5.466666667,3,1,odd,53.1827
62,2,A,Trapezoid,T2,5.466666667,4,2,even,15.2279
62,2,A,Trapezoid,T2,5.466666667,5,2,odd,16.9544
62,2,A,Trapezoid,T2,5.466666667,6,1,even,57.0811
63,2,B,Square,S1,2.2,1,0,odd,18.0755
63,2,B,Square,S1,2.2,2,0,even,88.9518
63,2,B,Square,S1,2.2,3,0,odd,68.6245
63,2,B,Square,S1,2.2,4,0,even,71.8958
63,2,B,Square,S1,2.2,5,0,odd,52.9
63,2,B,Square,S1,2.2,6,0,even,76.6182
63,1,B,Square,S2,2.2,1,0,odd,10.5232
63,1,B,Square,S2,2.2,2,0,even,37.0312
63,1,B,Square,S2,2.2,3,0,odd,79.0183
63,1,B,Square,S2,2.2,4,0,even,37.4485
63,1,B,Square,S2,2.2,5,0,odd,49.4417
63,1,B,Square,S2,2.2,6,0,even,74.4025
63,4,B,Trapezoid,T1,2.2,1,1,odd,30.3667
63,4,B,Trapezoid,T1,2.2,2,2,even,23.0856
63,4,B,Trapezoid,T1,2.2,3,1,odd,13.0633
63,4,B,Trapezoid,T1,2.2,4,2,even,28.1303
63,4,B,Trapezoid,T1,2.2,5,1,odd,33.2135
63,4,B,Trapezoid,T1,2.2,6,2,even,41.1047
63,3,B,Trapezoid,T2,2.2,1,1,odd,18.6274
63,3,B,Trapezoid,T2,2.2,2,2,even,53.4503
63,3,B,Trapezoid,T2,2.2,3,1,odd,46.0742
63,3,B,Trapezoid,T2,2.2,4,2,even,53.9657
63,3,B,Trapezoid,T2,2.2,5,1,odd,54.0261
63,3,B,Trapezoid,T2,2.2,6,2,even,35.3817
64,4,A,Square,S1,5.333333333,1,0,odd,30.1413
64,4,A,Square,S1,5.333333333,2,0,even,26.8352
64,4,A,Square,S1,5.333333333,3,0,odd,51.8492
64,4,A,Square,S1,5.333333333,4,0,even,8.4613
64,4,A,Square,S1,5.333333333,5,0,odd,22.197
64,4,A,Square,S1,5.333333333,6,0,even,23.5198
64,2,A,Square,S2,5.333333333,1,0,odd,9.1341
64,2,A,Square,S2,5.333333333,2,0,even,45.7046
64,2,A,Square,S2,5.333333333,3,0,odd,11.8722
64,2,A,Square,S2,5.333333333,4,0,even,5.8275
64,2,A,Square,S2,5.333333333,5,0,odd,25.4748
64,2,A,Square,S2,5.333333333,6,0,even,51.2154
64,1,A,Trapezoid,T1,5.333333333,1,1,odd,41.7077
64,1,A,Trapezoid,T1,5.333333333,2,2,even,54.8802
64,1,A,Trapezoid,T1,5.333333333,3,1,odd,47.3807
64,1,A,Trapezoid,T1,5.333333333,4,2,even,186.2637
64,1,A,Trapezoid,T1,5.333333333,5,1,odd,157.7939
64,1,A,Trapezoid,T1,5.333333333,6,2,even,440.1056
64,3,A,Trapezoid,T2,5.333333333,1,1,odd,39.0251
64,3,A,Trapezoid,T2,5.333333333,2,2,even,154.511
64,3,A,Trapezoid,T2,5.333333333,3,1,odd,77.9147
64,3,A,Trapezoid,T2,5.333333333,4,2,even,52.7824
64,3,A,Trapezoid,T2,5.333333333,5,2,odd,94.4017
64,3,A,Trapezoid,T2,5.333333333,6,1,even,70.7267
65,1,B,Square,S1,4.857142857,1,0,odd,31.0269
65,1,B,Square,S1,4.857142857,2,0,even,108.8489
65,1,B,Square,S1,4.857142857,3,0,odd,95.3448
65,1,B,Square,S1,4.857142857,4,0,even,109.5953
65,1,B,Square,S1,4.857142857,5,0,odd,28.1776
65,1,B,Square,S1,4.857142857,6,0,even,80.6979
65,3,B,Square,S2,4.857142857,1,0,odd,43.8061
65,3,B,Square,S2,4.857142857,2,0,even,163.7099
65,3,B,Square,S2,4.857142857,3,0,odd,87.9916
65,3,B,Square,S2,4.857142857,4,0,even,116.1914
65,3,B,Square,S2,4.857142857,5,0,odd,71.157
65,3,B,Square,S2,4.857142857,6,0,even,33.9733
65,2,B,Trapezoid,T1,4.857142857,1,1,odd,19.2767
65,2,B,Trapezoid,T1,4.857142857,2,2,even,81.3162
65,2,B,Trapezoid,T1,4.857142857,3,1,odd,50.1905
65,2,B,Trapezoid,T1,4.857142857,4,2,even,35.8169
65,2,B,Trapezoid,T1,4.857142857,5,1,odd,65.0011
65,2,B,Trapezoid,T1,4.857142857,6,2,even,118.2168
65,4,B,Trapezoid,T2,4.857142857,1,1,odd,24.6409
65,4,B,Trapezoid,T2,4.857142857,2,2,even,26.9203
65,4,B,Trapezoid,T2,4.857142857,3,1,odd,38.5941
65,4,B,Trapezoid,T2,4.857142857,4,2,even,59.7529
65,4,B,Trapezoid,T2,4.857142857,5,1,odd,60.9032
65,4,B,Trapezoid,T2,4.857142857,6,2,even,52.8327
66,2,A,Square,S1,5.2,1,0,odd,45.2513
66,2,A,Square,S1,5.2,2,0,even,20.2953
66,2,A,Square,S1,5.2,3,0,odd,34.248
66,2,A,Square,S1,5.2,4,0,even,55.5771
66,2,A,Square,S1,5.2,5,0,odd,52.9516
66,2,A,Square,S1,5.2,6,0,even,25.1094
66,4,A,Square,S2,5.2,1,0,odd,85.6622
66,4,A,Square,S2,5.2,2,0,even,40.8748
66,4,A,Square,S2,5.2,3,0,odd,42.0846
66,4,A,Square,S2,5.2,4,0,even,65.7259
66,4,A,Square,S2,5.2,5,0,odd,46.2444
66,4,A,Square,S2,5.2,6,0,even,31.5131
66,3,A,Trapezoid,T1,5.2,1,1,odd,59.6178
66,3,A,Trapezoid,T1,5.2,2,2,even,85.2843
66,3,A,Trapezoid,T1,5.2,3,1,odd,57.7025
66,3,A,Trapezoid,T1,5.2,4,2,even,95.8908
66,3,A,Trapezoid,T1,5.2,5,1,odd,76.553
66,3,A,Trapezoid,T1,5.2,6,2,even,48.5111
66,1,A,Trapezoid,T2,5.2,1,1,odd,95.2112
66,1,A,Trapezoid,T2,5.2,2,2,even,156.185
66,1,A,Trapezoid,T2,5.2,3,1,odd,82.3454
66,1,A,Trapezoid,T2,5.2,4,2,even,90.9189
66,1,A,Trapezoid,T2,5.2,5,2,odd,67.8135
66,1,A,Trapezoid,T2,5.2,6,1,even,53.0326
67,3,B,Square,S1,4.066666667,1,0,odd,22.4609
67,3,B,Square,S1,4.066666667,2,0,even,23.7091
67,3,B,Square,S1,4.066666667,3,0,odd,49.1442
67,3,B,Square,S1,4.066666667,4,0,even,100.1477
67,3,B,Square,S1,4.066666667,5,0,odd,67.4939
67,3,B,Square,S1,4.066666667,6,0,even,97.9002
67,1,B,Square,S2,4.066666667,1,0,odd,198.5308
67,1,B,Square,S2,4.066666667,2,0,even,80.2824
67,1,B,Square,S2,4.066666667,3,0,odd,193.1378
67,1,B,Square,S2,4.066666667,4,0,even,16.7412
67,1,B,Square,S2,4.066666667,5,0,odd,237.6924
67,1,B,Square,S2,4.066666667,6,0,even,204.7106
67,4,B,Trapezoid,T1,4.066666667,1,1,odd,90.8706
67,4,B,Trapezoid,T1,4.066666667,2,2,even,83.0552
67,4,B,Trapezoid,T1,4.066666667,3,1,odd,52.9029
67,4,B,Trapezoid,T1,4.066666667,4,2,even,135.1676
67,4,B,Trapezoid,T1,4.066666667,5,1,odd,63.736
67,4,B,Trapezoid,T1,4.066666667,6,2,even,129.8849
67,2,B,Trapezoid,T2,4.066666667,1,1,odd,43.6077
67,2,B,Trapezoid,T2,4.066666667,2,2,even,33.4182
67,2,B,Trapezoid,T2,4.066666667,3,1,odd,26.7335
67,2,B,Trapezoid,T2,4.066666667,4,2,even,42.8899
67,2,B,Trapezoid,T2,4.066666667,5,1,odd,12.4762
67,2,B,Trapezoid,T2,4.066666667,6,2,even,16.6618
68,3,A,Square,S1,4.933333333,1,0,odd,51.1728
68,3,A,Square,S1,4.933333333,2,0,even,48.1342
68,3,A,Square,S1,4.933333333,3,0,odd,38.516
68,3,A,Square,S1,4.933333333,4,0,even,47.1147
68,3,A,Square,S1,4.933333333,5,0,odd,43.3562
68,3,A,Square,S1,4.933333333,6,0,even,22.3808
68,4,A,Square,S2,4.933333333,1,0,odd,20.0542
68,4,A,Square,S2,4.933333333,2,0,even,35.6482
68,4,A,Square,S2,4.933333333,3,0,odd,34.4955
68,4,A,Square,S2,4.933333333,4,0,even,32.4592
68,4,A,Square,S2,4.933333333,5,0,odd,30.1383
68,4,A,Square,S2,4.933333333,6,0,even,18.2055
68,2,A,Trapezoid,T1,4.933333333,1,1,odd,59.0205
68,2,A,Trapezoid,T1,4.933333333,2,2,even,71.7322
68,2,A,Trapezoid,T1,4.933333333,3,1,odd,43.8185
68,2,A,Trapezoid,T1,4.933333333,4,2,even,7.3609
68,2,A,Trapezoid,T1,4.933333333,5,1,odd,39.6901
68,2,A,Trapezoid,T1,4.933333333,6,2,even,22.4075
68,1,A,Trapezoid,T2,4.933333333,1,1,odd,71.9615
68,1,A,Trapezoid,T2,4.933333333,2,2,even,73.2541
68,1,A,Trapezoid,T2,4.933333333,3,1,odd,45.0197
68,1,A,Trapezoid,T2,4.933333333,4,2,even,53.1737
68,1,A,Trapezoid,T2,4.933333333,5,2,odd,48.9967
68,1,A,Trapezoid,T2,4.933333333,6,1,even,47.6132
69,4,B,Square,S1,5.533333333,1,0,odd,32.0778
69,4,B,Square,S1,5.533333333,2,0,even,46.3976
69,4,B,Square,S1,5.533333333,3,0,odd,21.9994
69,4,B,Square,S1,5.533333333,4,0,even,13.5167
69,4,B,Square,S1,5.533333333,5,0,odd,18.743
69,4,B,Square,S1,5.533333333,6,0,even,29.2858
69,1,B,Square,S2,5.533333333,1,0,odd,24.4841
69,1,B,Square,S2,5.533333333,2,0,even,36.7014
69,1,B,Square,S2,5.533333333,3,0,odd,17.5405
69,1,B,Square,S2,5.533333333,4,0,even,19.1045
69,1,B,Square,S2,5.533333333,5,0,odd,37.46
69,1,B,Square,S2,5.533333333,6,0,even,44.3046
69,3,B,Trapezoid,T1,5.533333333,1,1,odd,13.1475
69,3,B,Trapezoid,T1,5.533333333,2,2,even,40.6367
69,3,B,Trapezoid,T1,5.533333333,3,1,odd,29.8592
69,3,B,Trapezoid,T1,5.533333333,4,2,even,11.2871
69,3,B,Trapezoid,T1,5.533333333,5,1,odd,14.9204
69,3,B,Trapezoid,T1,5.533333333,6,2,even,46.737
69,2,B,Trapezoid,T2,5.533333333,1,1,odd,54.3994
69,2,B,Trapezoid,T2,5.533333333,2,2,even,24.7685
69,2,B,Trapezoid,T2,5.533333333,3,1,odd,36.041
69,2,B,Trapezoid,T2,5.533333333,4,2,even,7.8073
69,2,B,Trapezoid,T2,5.533333333,5,1,odd,2.8988
69,2,B,Trapezoid,T2,5.533333333,6,2,even,48.685
70,1,A,Square,S1,4.571428571,1,0,odd,17.2758
70,1,A,Square,S1,4.571428571,2,0,even,16.9233
70,1,A,Square,S1,4.571428571,3,0,odd,31.5454
70,1,A,Square,S1,4.571428571,4,0,even,18.5091
70,1,A,Square,S1,4.571428571,5,0,odd,25.6065
70,1,A,Square,S1,4.571428571,6,0,even,7.7941
70,2,A,Square,S2,4.571428571,1,0,odd,31.2733
70,2,A,Square,S2,4.571428571,2,0,even,83.4427
70,2,A,Square,S2,4.571428571,3,0,odd,11.6538
70,2,A,Square,S2,4.571428571,4,0,even,24.7016
70,2,A,Square,S2,4.571428571,5,0,odd,107.3067
70,2,A,Square,S2,4.571428571,6,0,even,18.9025
70,4,A,Trapezoid,T1,4.571428571,1,1,odd,67.9955
70,4,A,Trapezoid,T1,4.571428571,2,2,even,66.7589
70,4,A,Trapezoid,T1,4.571428571,3,1,odd,112.3319
70,4,A,Trapezoid,T1,4.571428571,4,2,even,144.734
70,4,A,Trapezoid,T1,4.571428571,5,1,odd,105.2982
70,4,A,Trapezoid,T1,4.571428571,6,2,even,84.461
70,3,A,Trapezoid,T2,4.571428571,1,1,odd,32.3105
70,3,A,Trapezoid,T2,4.571428571,2,2,even,18.3085
70,3,A,Trapezoid,T2,4.571428571,3,1,odd,91.0089
70,3,A,Trapezoid,T2,4.571428571,4,2,even,34.1901
70,3,A,Trapezoid,T2,4.571428571,5,2,odd,31.8154
70,3,A,Trapezoid,T2,4.571428571,6,1,even,21.4309
71,2,B,Square,S1,5.466666667,1,0,odd,28.8398
71,2,B,Square,S1,5.466666667,2,0,even,85.7084
71,2,B,Square,S1,5.466666667,3,0,odd,81.0198
71,2,B,Square,S1,5.466666667,4,0,even,69.5136
71,2,B,Square,S1,5.466666667,5,0,odd,53.9291
71,2,B,Square,S1,5.466666667,6,0,even,91.3332
71,3,B,Square,S2,5.466666667,1,0,odd,20.1185
71,3,B,Square,S2,5.466666667,2,0,even,10.3079
71,3,B,Square,S2,5.466666667,3,0,odd,64.3399
71,3,B,Square,S2,5.466666667,4,0,even,42.991
71,3,B,Square,S2,5.466666667,5,0,odd,44.9696
71,3,B,Square,S2,5.466666667,6,0,even,96.8296
71,1,B,Trapezoid,T1,5.466666667,1,1,odd,80.505
71,1,B,Trapezoid,T1,5.466666667,2,2,even,187.7646
71,1,B,Trapezoid,T1,5.466666667,3,1,odd,137.5224
71,1,B,Trapezoid,T1,5.466666667,4,2,even,137.8769
71,1,B,Trapezoid,T1,5.466666667,5,1,odd,103.0497
71,1,B,Trapezoid,T1,5.466666667,6,2,even,110.8394
71,4,B,Trapezoid,T2,5.466666667,1,1,odd,33.5262
71,4,B,Trapezoid,T2,5.466666667,2,2,even,123.8389
71,4,B,Trapezoid,T2,5.466666667,3,1,odd,43.0495
71,4,B,Trapezoid,T2,5.466666667,4,2,even,63.9496
71,4,B,Trapezoid,T2,5.466666667,5,1,odd,99.3752
71,4,B,Trapezoid,T2,5.466666667,6,2,even,34.7974
72,2,A,Square,S1,4.333333333,1,0,odd,26.1642
72,2,A,Square,S1,4.333333333,2,0,even,15.1404
72,2,A,Square,S1,4.333333333,3,0,odd,65.543
72,2,A,Square,S1,4.333333333,4,0,even,15.7138
72,2,A,Square,S1,4.333333333,5,0,odd,56.5115
72,2,A,Square,S1,4.333333333,6,0,even,15.8607
72,1,A,Square,S2,4.333333333,1,0,odd,24.4782
72,1,A,Square,S2,4.333333333,2,0,even,58.4448
72,1,A,Square,S2,4.333333333,3,0,odd,90.0227
72,1,A,Square,S2,4.333333333,4,0,even,66.0143
72,1,A,Square,S2,4.333333333,5,0,odd,129.3418
72,1,A,Square,S2,4.333333333,6,0,even,130.7775
72,4,A,Trapezoid,T1,4.333333333,1,1,odd,24.24
72,4,A,Trapezoid,T1,4.333333333,2,2,even,42.6442
72,4,A,Trapezoid,T1,4.333333333,3,1,odd,7.617
72,4,A,Trapezoid,T1,4.333333333,4,2,even,31.089
72,4,A,Trapezoid,T1,4.333333333,5,1,odd,28.4517
72,4,A,Trapezoid,T1,4.333333333,6,2,even,20.0434
72,3,A,Trapezoid,T2,4.333333333,1,1,odd,10.4532
72,3,A,Trapezoid,T2,4.333333333,2,2,even,59.5714
72,3,A,Trapezoid,T2,4.333333333,3,1,odd,34.9469
72,3,A,Trapezoid,T2,4.333333333,4,2,even,67.2749
72,3,A,Trapezoid,T2,4.333333333,5,2,odd,31.0345
72,3,A,Trapezoid,T2,4.333333333,6,1,even,47.1171
73,3,B,Square,S1,4.6,1,0,odd,108.5218
73,3,B,Square,S1,4.6,2,0,even,37.017
73,3,B,Square,S1,4.6,3,0,odd,22.4499
73,3,B,Square,S1,4.6,4,0,even,82.8071
73,3,B,Square,S1,4.6,5,0,odd,92.7089
73,3,B,Square,S1,4.6,6,0,even,67.8344
73,2,B,Square,S2,4.6,1,0,odd,116.0866
73,2,B,Square,S2,4.6,2,0,even,36.4115
73,2,B,Square,S2,4.6,3,0,odd,72.2584
73,2,B,Square,S2,4.6,4,0,even,33.6449
73,2,B,Square,S2,4.6,5,0,odd,60.5245
73,2,B,Square,S2,4.6,6,0,even,42.2246
73,1,B,Trapezoid,T1,4.6,1,1,odd,104.1817
73,1,B,Trapezoid,T1,4.6,2,2,even,119.3887
73,1,B,Trapezoid,T1,4.6,3,1,odd,85.46
73,1,B,Trapezoid,T1,4.6,4,2,even,154.6907
73,1,B,Trapezoid,T1,4.6,5,1,odd,91.5737
73,1,B,Trapezoid,T1,4.6,6,2,even,116.1615
73,4,B,Trapezoid,T2,4.6,1,1,odd,76.4081
73,4,B,Trapezoid,T2,4.6,2,2,even,16.1826
73,4,B,Trapezoid,T2,4.6,3,1,odd,70.9606
73,4,B,Trapezoid,T2,4.6,4,2,even,65.2144
73,4,B,Trapezoid,T2,4.6,5,1,odd,58.0464
73,4,B,Trapezoid,T2,4.6,6,2,even,96.1921
74,4,A,Square,S1,4.733333333,1,0,odd,70.6027
74,4,A,Square,S1,4.733333333,2,0,even,68.4323
74,4,A,Square,S1,4.733333333,3,0,odd,67.9861
74,4,A,Square,S1,4.733333333,4,0,even,55.6292
74,4,A,Square,S1,4.733333333,5,0,odd,66.8738
74,4,A,Square,S1,4.733333333,6,0,even,11.2824
74,3,A,Square,S2,4.733333333,1,0,odd,85.7939
74,3,A,Square,S2,4.733333333,2,0,even,4.4456
74,3,A,Square,S2,4.733333333,3,0,odd,36.553
74,3,A,Square,S2,4.733333333,4,0,even,47.8529
74,3,A,Square,S2,4.733333333,5,0,odd,57.782
74,3,A,Square,S2,4.733333333,6,0,even,65.9758
74,2,A,Trapezoid,T1,4.733333333,1,1,odd,61.1156
74,2,A,Trapezoid,T1,4.733333333,2,2,even,93.9432
74,2,A,Trapezoid,T1,4.733333333,3,1,odd,30.4598
74,2,A,Trapezoid,T1,4.733333333,4,2,even,44.0742
74,2,A,Trapezoid,T1,4.733333333,5,1,odd,73.9138
74,2,A,Trapezoid,T1,4.733333333,6,2,even,111.6271
74,1,A,Trapezoid,T2,4.733333333,1,1,odd,54.3379
74,1,A,Trapezoid,T2,4.733333333,2,2,even,108.27
74,1,A,Trapezoid,T2,4.733333333,3,1,odd,59.7003
74,1,A,Trapezoid,T2,4.733333333,4,2,even,40.8772
74,1,A,Trapezoid,T2,4.733333333,5,2,odd,61.4392
74,1,A,Trapezoid,T2,4.733333333,6,1,even,33.2429
75,1,B,Square,S1,4.466666667,1,0,odd,44.172
75,1,B,Square,S1,4.466666667,2,0,even,41.6436
75,1,B,Square,S1,4.466666667,3,0,odd,88.7813
75,1,B,Square,S1,4.466666667,4,0,even,142.3657
75,1,B,Square,S1,4.466666667,5,0,odd,37.6898
75,1,B,Square,S1,4.466666667,6,0,even,74.6775
75,4,B,Square,S2,4.466666667,1,0,odd,86.7281
75,4,B,Square,S2,4.466666667,2,0,even,101.8588
75,4,B,Square,S2,4.466666667,3,0,odd,120.562
75,4,B,Square,S2,4.466666667,4,0,even,93.9706
75,4,B,Square,S2,4.466666667,5,0,odd,58.2947
75,4,B,Square,S2,4.466666667,6,0,even,124.4923
75,3,B,Trapezoid,T1,4.466666667,1,1,odd,16.3523
75,3,B,Trapezoid,T1,4.466666667,2,2,even,54.1481
75,3,B,Trapezoid,T1,4.466666667,3,1,odd,13.0339
75,3,B,Trapezoid,T1,4.466666667,4,2,even,28.1277
75,3,B,Trapezoid,T1,4.466666667,5,1,odd,45.4536
75,3,B,Trapezoid,T1,4.466666667,6,2,even,42.6662
75,2,B,Trapezoid,T2,4.466666667,1,1,odd,20.3635
75,2,B,Trapezoid,T2,4.466666667,2,2,even,10.0105
75,2,B,Trapezoid,T2,4.466666667,3,1,odd,35.2204
75,2,B,Trapezoid,T2,4.466666667,4,2,even,79.5773
75,2,B,Trapezoid,T2,4.466666667,5,1,odd,22.0772
75,2,B,Trapezoid,T2,4.466666667,6,2,even,87.6437
76,3,A,Square,S1,2,1,0,odd,44.0391
76,3,A,Square,S1,2,2,0,even,47.9394
76,3,A,Square,S1,2,3,0,odd,64.82
76,3,A,Square,S1,2,4,0,even,12.3408
76,3,A,Square,S1,2,5,0,odd,73.5429
76,3,A,Square,S1,2,6,0,even,36.7942
76,4,A,Square,S2,2,1,0,odd,16.4771
76,4,A,Square,S2,2,2,0,even,52.1883
76,4,A,Square,S2,2,3,0,odd,20.0596
76,4,A,Square,S2,2,4,0,even,52.4099
76,4,A,Square,S2,2,5,0,odd,13.785
76,4,A,Square,S2,2,6,0,even,38.7963
76,1,A,Trapezoid,T1,2,1,1,odd,54.0737
76,1,A,Trapezoid,T1,2,2,2,even,30.5874
76,1,A,Trapezoid,T1,2,3,1,odd,49.5099
76,1,A,Trapezoid,T1,2,4,2,even,43.9628
76,1,A,Trapezoid,T1,2,5,1,odd,45.4063
76,1,A,Trapezoid,T1,2,6,2,even,4.0563
76,2,A,Trapezoid,T2,2,1,1,odd,41.7033
76,2,A,Trapezoid,T2,2,2,2,even,42.3026
76,2,A,Trapezoid,T2,2,3,1,odd,97.3087
76,2,A,Trapezoid,T2,2,4,2,even,56.415
76,2,A,Trapezoid,T2,2,5,2,odd,91.6452
76,2,A,Trapezoid,T2,2,6,1,even,48.7424
77,1,A,Square,S1,4.533333333,1,0,odd,12.4116
77,1,A,Square,S1,4.533333333,2,0,even,12.6359
77,1,A,Square,S1,4.533333333,3,0,odd,7.1347
77,1,A,Square,S1,4.533333333,4,0,even,14.8482
77,1,A,Square,S1,4.533333333,5,0,odd,35.0271
77,1,A,Square,S1,4.533333333,6,0,even,49.5169
77,4,A,Square,S2,4.533333333,1,0,odd,32.9322
77,4,A,Square,S2,4.533333333,2,0,even,15.3552
77,4,A,Square,S2,4.533333333,3,0,odd,40.4506
77,4,A,Square,S2,4.533333333,4,0,even,7.4634
77,4,A,Square,S2,4.533333333,5,0,odd,6.1275
77,4,A,Square,S2,4.533333333,6,0,even,42.681
77,3,A,Trapezoid,T1,4.533333333,1,1,odd,61.9462
77,3,A,Trapezoid,T1,4.533333333,2,2,even,55.7323
77,3,A,Trapezoid,T1,4.533333333,3,1,odd,40.8043
77,3,A,Trapezoid,T1,4.533333333,4,2,even,37.2173
77,3,A,Trapezoid,T1,4.533333333,5,1,odd,30.7758
77,3,A,Trapezoid,T1,4.533333333,6,2,even,68.8917
77,2,A,Trapezoid,T2,4.533333333,1,1,odd,90.4649
77,2,A,Trapezoid,T2,4.533333333,2,2,even,73.0422
77,2,A,Trapezoid,T2,4.533333333,3,1,odd,43.2059
77,2,A,Trapezoid,T2,4.533333333,4,2,even,49.3916
77,2,A,Trapezoid,T2,4.533333333,5,2,odd,46.7044
77,2,A,Trapezoid,T2,4.533333333,6,1,even,31.5712
