ID,Order,Path_Version,Shape,Environment,SOD,Object#,NarWide,EvenOdd,ObjectSME
1,4,A,Square,S1,4.933333333,1,0,odd,16.0319
1,4,A,Square,S1,4.933333333,2,0,even,10.5949
1,4,A,Square,S1,4.933333333,3,0,odd,24.3462
1,4,A,Square,S1,4.933333333,5,0,odd,16.0509
1,4,A,Square,S1,4.933333333,6,0,even,14.2306
1,2,A,Square,S2,4.933333333,1,0,odd,23.0344
1,2,A,Square,S2,4.933333333,2,0,even,49.9118
1,2,A,Square,S2,4.933333333,3,0,odd,24.0489
1,2,A,Square,S2,4.933333333,4,0,even,16.7468
1,2,A,Square,S2,4.933333333,5,0,odd,24.8859
1,3,A,Trapezoid,T1,4.933333333,1,1,odd,27.8752
1,3,A,Trapezoid,T1,4.933333333,2,2,even,28.7182
1,3,A,Trapezoid,T1,4.933333333,3,1,odd,23.9938
1,3,A,Trapezoid,T1,4.933333333,4,2,even,17.4358
1,3,A,Trapezoid,T1,4.933333333,5,1,odd,5.4571
1,3,A,Trapezoid,T1,4.933333333,6,2,even,29.9901
1,1,A,Trapezoid,T2,4.933333333,1,1,odd,31.1546
1,1,A,Trapezoid,T2,4.933333333,2,2,even,27.9021
1,1,A,Trapezoid,T2,4.933333333,3,1,odd,27.6784
1,1,A,Trapezoid,T2,4.933333333,4,2,even,39.566
1,1,A,Trapezoid,T2,4.933333333,5,2,odd,33.0273
1,1,A,Trapezoid,T2,4.933333333,6,1,even,19.1983
2,1,A,Square,S1,2.6,1,0,odd,61.1149
2,1,A,Square,S1,2.6,2,0,even,47.0718
2,1,A,Square,S1,2.6,3,0,odd,50.254
2,1,A,Square,S1,2.6,5,0,odd,60.7458
2,1,A,Square,S1,2.6,6,0,even,49.1262
2,3,A,Square,S2,2.6,1,0,odd,195.0751
2,3,A,Square,S2,2.6,2,0,even,41.5507
2,3,A,Square,S2,2.6,3,0,odd,58.4778
2,3,A,Square,S2,2.6,4,0,even,37.9659
2,3,A,Square,S2,2.6,5,0,odd,208.6358
2,4,A,Trapezoid,T1,2.6,1,1,odd,70.475
2,4,A,Trapezoid,T1,2.6,2,2,even,107.5075
2,4,A,Trapezoid,T1,2.6,3,1,odd,60.7584
2,4,A,Trapezoid,T1,2.6,4,2,even,61.8122
2,4,A,Trapezoid,T1,2.6,5,1,odd,87.953
2,4,A,Trapezoid,T1,2.6,6,2,even,53.453
2,2,A,Trapezoid,T2,2.6,1,1,odd,44.9098
2,2,A,Trapezoid,T2,2.6,2,2,even,75.6052
2,2,A,Trapezoid,T2,2.6,3,1,odd,68.686
2,2,A,Trapezoid,T2,2.6,4,2,even,26.4827
2,2,A,Trapezoid,T2,2.6,5,2,odd,83.6076
2,2,A,Trapezoid,T2,2.6,6,1,even,85.9928
3,2,A,Square,S1,5.266666667,1,0,odd,22.1054
3,2,A,Square,S1,5.266666667,2,0,even,22.1641
3,2,A,Square,S1,5.266666667,3,0,odd,41.4403
3,2,A,Square,S1,5.266666667,5,0,odd,89.3511
3,2,A,Square,S1,5.266666667,6,0,even,71.8079
3,4,A,Square,S2,5.266666667,1,0,odd,35.8713
3,4,A,Square,S2,5.266666667,2,0,even,4.486
3,4,A,Square,S2,5.266666667,3,0,odd,37.712
3,4,A,Square,S2,5.266666667,4,0,even,6.2707
3,4,A,Square,S2,5.266666667,5,0,odd,6.5335
3,1,A,Trapezoid,T1,5.266666667,1,1,odd,114.6368
3,1,A,Trapezoid,T1,5.266666667,2,2,even,127.8182
3,1,A,Trapezoid,T1,5.266666667,3,1,odd,223.9668
3,1,A,Trapezoid,T1,5.266666667,4,2,even,139.2927
3,1,A,Trapezoid,T1,5.266666667,5,1,odd,168.8705
3,1,A,Trapezoid,T1,5.266666667,6,2,even,227.5203
3,3,A,Trapezoid,T2,5.266666667,1,1,odd,52.4243
3,3,A,Trapezoid,T2,5.266666667,2,2,even,21.1022
3,3,A,Trapezoid,T2,5.266666667,3,1,odd,17.6672
3,3,A,Trapezoid,T2,5.266666667,4,2,even,27.9724
3,3,A,Trapezoid,T2,5.266666667,5,2,odd,11.8686
3,3,A,Trapezoid,T2,5.266666667,6,1,even,60.2046
4,3,A,Square,S1,6.2,1,0,odd,31.8978
4,3,A,Square,S1,6.2,2,0,even,7.6406
4,3,A,Square,S1,6.2,3,0,odd,28.0738
4,3,A,Square,S1,6.2,5,0,odd,18.101
4,3,A,Square,S1,6.2,6,0,even,34.5178
4,1,A,Square,S2,6.2,1,0,odd,22.4097
4,1,A,Square,S2,6.2,2,0,even,15.543
4,1,A,Square,S2,6.2,3,0,odd,13.3782
4,1,A,Square,S2,6.2,4,0,even,33.0768
4,1,A,Square,S2,6.2,5,0,odd,26.8599
4,2,A,Trapezoid,T1,6.2,1,1,odd,69.5745
4,2,A,Trapezoid,T1,6.2,2,2,even,46.3161
4,2,A,Trapezoid,T1,6.2,3,1,odd,43.5923
4,2,A,Trapezoid,T1,6.2,4,2,even,33.3226
4,2,A,Trapezoid,T1,6.2,5,1,odd,39.3121
4,2,A,Trapezoid,T1,6.2,6,2,even,88.2454
4,4,A,Trapezoid,T2,6.2,1,1,odd,26.0375
4,4,A,Trapezoid,T2,6.2,2,2,even,48.2309
4,4,A,Trapezoid,T2,6.2,3,1,odd,34.0008
4,4,A,Trapezoid,T2,6.2,4,2,even,17.8256
4,4,A,Trapezoid,T2,6.2,5,2,odd,35.7999
4,4,A,Trapezoid,T2,6.2,6,1,even,22.9132
5,2,A,Square,S1,5.2,1,0,odd,54.3091
5,2,A,Square,S1,5.2,2,0,even,31.1976
5,2,A,Square,S1,5.2,3,0,odd,38.1613
5,2,A,Square,S1,5.2,5,0,odd,12.168
5,2,A,Square,S1,5.2,6,0,even,17.9605
5,4,A,Square,S2,5.2,1,0,odd,62.0334
5,4,A,Square,S2,5.2,2,0,even,62.9341
5,4,A,Square,S2,5.2,3,0,odd,32.2078
5,4,A,Square,S2,5.2,4,0,even,8.6547
5,4,A,Square,S2,5.2,5,0,odd,119.58
5,1,A,Trapezoid,T1,5.2,1,1,odd,72.3665
5,1,A,Trapezoid,T1,5.2,2,2,even,213.9209
5,1,A,Trapezoid,T1,5.2,3,1,odd,61.5727
5,1,A,Trapezoid,T1,5.2,4,2,even,99.8079
5,1,A,Trapezoid,T1,5.2,6,2,even,109.5011
5,3,A,Trapezoid,T2,5.2,1,1,odd,66.9295
5,3,A,Trapezoid,T2,5.2,2,2,even,133.3473
5,3,A,Trapezoid,T2,5.2,3,1,odd,21.7393
5,3,A,Trapezoid,T2,5.2,4,2,even,66.6583
5,3,A,Trapezoid,T2,5.2,5,2,odd,41.3163
5,3,A,Trapezoid,T2,5.2,6,1,even,40.428
6,3,A,Square,S1,4,1,0,odd,47.2936
6,3,A,Square,S1,4,2,0,even,64.6326
6,3,A,Square,S1,4,3,0,odd,15.4937
6,3,A,Square,S1,4,5,0,odd,9.8949
6,3,A,Square,S1,4,6,0,even,91.1506
6,1,A,Square,S2,4,1,0,odd,19.1346
6,1,A,Square,S2,4,2,0,even,43.3914
6,1,A,Square,S2,4,3,0,odd,33.9673
6,1,A,Square,S2,4,4,0,even,8.2356
6,1,A,Square,S2,4,5,0,odd,18.6822
6,2,A,Trapezoid,T1,4,1,1,odd,20.1333
6,2,A,Trapezoid,T1,4,2,2,even,49.619
6,2,A,Trapezoid,T1,4,3,1,odd,9.2419
6,2,A,Trapezoid,T1,4,4,2,even,48.7102
6,2,A,Trapezoid,T1,4,5,1,odd,45.4083
6,2,A,Trapezoid,T1,4,6,2,even,29.5452
6,4,A,Trapezoid,T2,4,1,1,odd,61.9156
6,4,A,Trapezoid,T2,4,2,2,even,47.3471
6,4,A,Trapezoid,T2,4,3,1,odd,31.7298
6,4,A,Trapezoid,T2,4,4,2,even,30.1265
6,4,A,Trapezoid,T2,4,5,2,odd,31.2545
6,4,A,Trapezoid,T2,4,6,1,even,51.0412
7,4,A,Square,S1,5.266666667,1,0,odd,24.6372
7,4,A,Square,S1,5.266666667,2,0,even,14.3515
7,4,A,Square,S1,5.266666667,3,0,odd,25.6821
7,4,A,Square,S1,5.266666667,5,0,odd,41.8565
7,4,A,Square,S1,5.266666667,6,0,even,35.2542
7,2,A,Square,S2,5.266666667,1,0,odd,17.9588
7,2,A,Square,S2,5.266666667,2,0,even,47.7874
7,2,A,Square,S2,5.266666667,3,0,odd,40.9773
7,2,A,Square,S2,5.266666667,4,0,even,31.333
7,2,A,Square,S2,5.266666667,5,0,odd,41.6953
7,3,A,Trapezoid,T1,5.266666667,1,1,odd,7.476
7,3,A,Trapezoid,T1,5.266666667,2,2,even,12.0821
7,3,A,Trapezoid,T1,5.266666667,3,1,odd,15.4875
7,3,A,Trapezoid,T1,5.266666667,4,2,even,19.8787
7,3,A,Trapezoid,T1,5.266666667,5,1,odd,28.9799
7,3,A,Trapezoid,T1,5.266666667,6,2,even,8.8233
7,1,A,Trapezoid,T2,5.266666667,1,1,odd,47.7794
7,1,A,Trapezoid,T2,5.266666667,2,2,even,44.4285
7,1,A,Trapezoid,T2,5.266666667,3,1,odd,56.6934
7,1,A,Trapezoid,T2,5.266666667,4,2,even,16.5657
7,1,A,Trapezoid,T2,5.266666667,5,2,odd,36.4421
7,1,A,Trapezoid,T2,5.266666667,6,1,even,37.648
8,3,A,Square,S2,6.266666667,1,0,odd,26.1655
8,3,A,Square,S2,6.266666667,2,0,even,26.4689
8,3,A,Square,S2,6.266666667,3,0,odd,45.974
8,3,A,Square,S2,6.266666667,4,0,even,35.2432
8,3,A,Square,S2,6.266666667,5,0,odd,40.7108
8,4,A,Trapezoid,T1,6.266666667,1,1,odd,71.5242
8,4,A,Trapezoid,T1,6.266666667,2,2,even,16.4814
8,4,A,Trapezoid,T1,6.266666667,3,1,odd,18.5065
8,4,A,Trapezoid,T1,6.266666667,4,2,even,64.9463
8,4,A,Trapezoid,T1,6.266666667,5,1,odd,46.6637
8,4,A,Trapezoid,T1,6.266666667,6,2,even,138.6123
8,2,A,Trapezoid,T2,6.266666667,1,1,odd,52.9062
8,2,A,Trapezoid,T2,6.266666667,2,2,even,64.7277
8,2,A,Trapezoid,T2,6.266666667,3,1,odd,26.1571
8,2,A,Trapezoid,T2,6.266666667,4,2,even,20.5413
8,2,A,Trapezoid,T2,6.266666667,5,2,odd,41.7513
8,2,A,Trapezoid,T2,6.266666667,6,1,even,19.0122
9,1,A,Square,S1,4.2,1,0,odd,32.109
9,1,A,Square,S1,4.2,2,0,even,29.4969
9,1,A,Square,S1,4.2,3,0,odd,12.9824
9,1,A,Square,S1,4.2,5,0,odd,34.8272
9,1,A,Square,S1,4.2,6,0,even,11.9282
9,2,A,Square,S2,4.2,1,0,odd,39.3884
9,2,A,Square,S2,4.2,2,0,even,29.7819
9,2,A,Square,S2,4.2,3,0,odd,22.8471
9,2,A,Square,S2,4.2,4,0,even,39.3633
9,2,A,Square,S2,4.2,5,0,odd,82.7316
9,3,A,Trapezoid,T1,4.2,1,1,odd,116.0947
9,3,A,Trapezoid,T1,4.2,2,2,even,150.0776
9,3,A,Trapezoid,T1,4.2,3,1,odd,90.1173
9,3,A,Trapezoid,T1,4.2,4,2,even,71.4369
9,3,A,Trapezoid,T1,4.2,5,1,odd,51.4073
9,3,A,Trapezoid,T1,4.2,6,2,even,84.5627
9,4,A,Trapezoid,T2,4.2,1,1,odd,98.9288
9,4,A,Trapezoid,T2,4.2,2,2,even,133.5972
9,4,A,Trapezoid,T2,4.2,3,1,odd,45.9898
9,4,A,Trapezoid,T2,4.2,4,2,even,57.6529
9,4,A,Trapezoid,T2,4.2,5,2,odd,57.3361
9,4,A,Trapezoid,T2,4.2,6,1,even,6.5245
10,2,A,Square,S1,4.6,1,0,odd,28.1798
10,2,A,Square,S1,4.6,2,0,even,24.967
10,2,A,Square,S1,4.6,3,0,odd,27.632
10,2,A,Square,S1,4.6,5,0,odd,32.3365
10,2,A,Square,S1,4.6,6,0,even,21.4709
10,3,A,Square,S2,4.6,1,0,odd,42.1274
10,3,A,Square,S2,4.6,2,0,even,31.6816
10,3,A,Square,S2,4.6,3,0,odd,17.829
10,3,A,Square,S2,4.6,4,0,even,19.2894
10,3,A,Square,S2,4.6,5,0,odd,38.9171
10,4,A,Trapezoid,T1,4.6,1,1,odd,6.9218
10,4,A,Trapezoid,T1,4.6,2,2,even,60.7203
10,4,A,Trapezoid,T1,4.6,3,1,odd,14.9209
10,4,A,Trapezoid,T1,4.6,4,2,even,62.3806
10,4,A,Trapezoid,T1,4.6,5,1,odd,69.7179
10,4,A,Trapezoid,T1,4.6,6,2,even,37.905
10,1,A,Trapezoid,T2,4.6,1,1,odd,36.9407
10,1,A,Trapezoid,T2,4.6,2,2,even,44.2347
10,1,A,Trapezoid,T2,4.6,3,1,odd,43.8102
10,1,A,Trapezoid,T2,4.6,4,2,even,44.1078
10,1,A,Trapezoid,T2,4.6,5,2,odd,22.2357
10,1,A,Trapezoid,T2,4.6,6,1,even,80.368
11,3,A,Square,S1,4.2,1,0,odd,27.0828
11,3,A,Square,S1,4.2,2,0,even,27.9796
11,3,A,Square,S1,4.2,3,0,odd,47.667
11,3,A,Square,S1,4.2,5,0,odd,9.4072
11,3,A,Square,S1,4.2,6,0,even,81.5048
11,4,A,Square,S2,4.2,1,0,odd,86.9609
11,4,A,Square,S2,4.2,2,0,even,22.769
11,4,A,Square,S2,4.2,3,0,odd,49.4756
11,4,A,Square,S2,4.2,4,0,even,12.2922
11,4,A,Square,S2,4.2,5,0,odd,34.8881
11,1,A,Trapezoid,T1,4.2,1,1,odd,55.4154
11,1,A,Trapezoid,T1,4.2,2,2,even,42.488
11,1,A,Trapezoid,T1,4.2,3,1,odd,9.5179
11,1,A,Trapezoid,T1,4.2,4,2,even,11.9578
11,1,A,Trapezoid,T1,4.2,5,1,odd,52.5522
11,1,A,Trapezoid,T1,4.2,6,2,even,67.137
11,2,A,Trapezoid,T2,4.2,1,1,odd,39.4069
11,2,A,Trapezoid,T2,4.2,2,2,even,52.6302
11,2,A,Trapezoid,T2,4.2,3,1,odd,62.408
11,2,A,Trapezoid,T2,4.2,4,2,even,9.428
11,2,A,Trapezoid,T2,4.2,5,2,odd,73.9983
11,2,A,Trapezoid,T2,4.2,6,1,even,42.0663
12,4,A,Square,S1,6.266666667,1,0,odd,30.2765
12,4,A,Square,S1,6.266666667,2,0,even,6.7309
12,4,A,Square,S1,6.266666667,3,0,odd,31.8823
12,4,A,Square,S1,6.266666667,5,0,odd,8.9414
12,4,A,Square,S1,6.266666667,6,0,even,28.5519
12,1,A,Square,S2,6.266666667,1,0,odd,23.302
12,1,A,Square,S2,6.266666667,2,0,even,17.2283
12,1,A,Square,S2,6.266666667,3,0,odd,31.0314
12,1,A,Square,S2,6.266666667,4,0,even,47.0551
12,1,A,Square,S2,6.266666667,5,0,odd,42.644
12,2,A,Trapezoid,T1,6.266666667,1,1,odd,67.7211
12,2,A,Trapezoid,T1,6.266666667,2,2,even,37.0578
12,2,A,Trapezoid,T1,6.266666667,3,1,odd,48.925
12,2,A,Trapezoid,T1,6.266666667,4,2,even,14.0972
12,2,A,Trapezoid,T1,6.266666667,5,1,odd,30.8046
12,2,A,Trapezoid,T1,6.266666667,6,2,even,121.5032
12,3,A,Trapezoid,T2,6.266666667,1,1,odd,88.0452
12,3,A,Trapezoid,T2,6.266666667,2,2,even,54.2411
12,3,A,Trapezoid,T2,6.266666667,3,1,odd,62.3091
12,3,A,Trapezoid,T2,6.266666667,4,2,even,36.499
12,3,A,Trapezoid,T2,6.266666667,5,2,odd,32.4888
12,3,A,Trapezoid,T2,6.266666667,6,1,even,39.0043
13,4,A,Square,S2,4.538461538,1,0,odd,166.8147
13,4,A,Square,S2,4.538461538,2,0,even,46.0604
13,4,A,Square,S2,4.538461538,3,0,odd,42.7137
13,4,A,Square,S2,4.538461538,4,0,even,138.5432
13,4,A,Square,S2,4.538461538,5,0,odd,204.1309
13,2,A,Trapezoid,T1,4.538461538,1,1,odd,27.4964
13,2,A,Trapezoid,T1,4.538461538,2,2,even,133.3227
13,2,A,Trapezoid,T1,4.538461538,3,1,odd,55.8875
13,2,A,Trapezoid,T1,4.538461538,4,2,even,93.7807
13,2,A,Trapezoid,T1,4.538461538,5,1,odd,56.3212
13,2,A,Trapezoid,T1,4.538461538,6,2,even,52.7141
13,3,A,Trapezoid,T2,4.538461538,1,1,odd,92.1142
13,3,A,Trapezoid,T2,4.538461538,2,2,even,108.8092
13,3,A,Trapezoid,T2,4.538461538,3,1,odd,82.676
13,3,A,Trapezoid,T2,4.538461538,4,2,even,47.8015
13,3,A,Trapezoid,T2,4.538461538,5,2,odd,30.9756
13,3,A,Trapezoid,T2,4.538461538,6,1,even,100.9622
14,2,A,Square,S1,4.133333333,1,0,odd,38.6171
14,2,A,Square,S1,4.133333333,2,0,even,22.5989
14,2,A,Square,S1,4.133333333,3,0,odd,8.7923
14,2,A,Square,S1,4.133333333,5,0,odd,63.3279
14,2,A,Square,S1,4.133333333,6,0,even,27.3125
14,1,A,Square,S2,4.133333333,1,0,odd,12.2563
14,1,A,Square,S2,4.133333333,2,0,even,28.1189
14,1,A,Square,S2,4.133333333,3,0,odd,27.4304
14,1,A,Square,S2,4.133333333,4,0,even,18.8704
14,1,A,Square,S2,4.133333333,5,0,odd,21.0857
14,3,A,Trapezoid,T1,4.133333333,1,1,odd,25.12
14,3,A,Trapezoid,T1,4.133333333,2,2,even,53.5397
14,3,A,Trapezoid,T1,4.133333333,3,1,odd,36.1374
14,3,A,Trapezoid,T1,4.133333333,4,2,even,45.2807
14,3,A,Trapezoid,T1,4.133333333,5,1,odd,67.3839
14,3,A,Trapezoid,T1,4.133333333,6,2,even,35.626
14,4,A,Trapezoid,T2,4.133333333,1,1,odd,61.4294
14,4,A,Trapezoid,T2,4.133333333,2,2,even,76.7596
14,4,A,Trapezoid,T2,4.133333333,3,1,odd,42.4866
14,4,A,Trapezoid,T2,4.133333333,4,2,even,46.6766
14,4,A,Trapezoid,T2,4.133333333,5,2,odd,19.7531
14,4,A,Trapezoid,T2,4.133333333,6,1,even,2.2832
15,3,A,Square,S1,5.133333333,1,0,odd,51.5737
15,3,A,Square,S1,5.133333333,2,0,even,37.2609
15,3,A,Square,S1,5.133333333,3,0,odd,54.7052
15,3,A,Square,S1,5.133333333,5,0,odd,50.7888
15,3,A,Square,S1,5.133333333,6,0,even,47.2389
15,2,A,Square,S2,5.133333333,1,0,odd,22.7378
15,2,A,Square,S2,5.133333333,2,0,even,22.2331
15,2,A,Square,S2,5.133333333,3,0,odd,25.1904
15,2,A,Square,S2,5.133333333,4,0,even,8.0824
15,2,A,Square,S2,5.133333333,5,0,odd,18.9602
15,4,A,Trapezoid,T1,5.133333333,1,1,odd,42.0735
15,4,A,Trapezoid,T1,5.133333333,2,2,even,19.2105
15,4,A,Trapezoid,T1,5.133333333,3,1,odd,30.8116
15,4,A,Trapezoid,T1,5.133333333,4,2,even,70.3092
15,4,A,Trapezoid,T1,5.133333333,5,1,odd,20.4588
15,4,A,Trapezoid,T1,5.133333333,6,2,even,41.1369
15,1,A,Trapezoid,T2,5.133333333,1,1,odd,41.6741
15,1,A,Trapezoid,T2,5.133333333,2,2,even,21.8129
15,1,A,Trapezoid,T2,5.133333333,3,1,odd,44.1637
15,1,A,Trapezoid,T2,5.133333333,4,2,even,40.3144
15,1,A,Trapezoid,T2,5.133333333,5,2,odd,7.8931
15,1,A,Trapezoid,T2,5.133333333,6,1,even,9.4
16,1,B,Square,S1,4.6,1,0,odd,22.0039
16,1,B,Square,S1,4.6,2,0,even,42.8546
16,1,B,Square,S1,4.6,3,0,odd,31.3114
16,1,B,Square,S1,4.6,5,0,odd,15.3749
16,1,B,Square,S1,4.6,6,0,even,63.282
16,4,B,Square,S2,4.6,1,0,odd,17.6438
16,4,B,Square,S2,4.6,2,0,even,32.535
16,4,B,Square,S2,4.6,3,0,odd,41.9906
16,4,B,Square,S2,4.6,4,0,even,29.6796
16,4,B,Square,S2,4.6,5,0,odd,20.899
16,2,B,Trapezoid,T1,4.6,1,1,odd,80.9578
16,2,B,Trapezoid,T1,4.6,2,2,even,48.2431
16,2,B,Trapezoid,T1,4.6,3,1,odd,62.8144
16,2,B,Trapezoid,T1,4.6,4,2,even,67.9763
16,2,B,Trapezoid,T1,4.6,5,1,odd,29.6492
16,2,B,Trapezoid,T1,4.6,6,2,even,82.5714
16,3,B,Trapezoid,T2,4.6,1,1,odd,26.7143
16,3,B,Trapezoid,T2,4.6,2,2,even,26.1794
16,3,B,Trapezoid,T2,4.6,3,1,odd,27.3074
16,3,B,Trapezoid,T2,4.6,4,2,even,49.6867
16,3,B,Trapezoid,T2,4.6,5,1,odd,10.5723
16,3,B,Trapezoid,T2,4.6,6,2,even,53.2314
17,2,B,Square,S1,4.6,1,0,odd,63.0397
17,2,B,Square,S1,4.6,2,0,even,71.0386
17,2,B,Square,S1,4.6,3,0,odd,4.2755
17,2,B,Square,S1,4.6,5,0,odd,48.3999
17,2,B,Square,S1,4.6,6,0,even,86.5916
17,1,B,Square,S2,4.6,1,0,odd,76.7674
17,1,B,Square,S2,4.6,2,0,even,76.4142
17,1,B,Square,S2,4.6,3,0,odd,20.8237
17,1,B,Square,S2,4.6,4,0,even,63.8838
17,1,B,Square,S2,4.6,5,0,odd,72.3562
17,3,B,Trapezoid,T1,4.6,1,1,odd,71.7756
17,3,B,Trapezoid,T1,4.6,2,2,even,83.5744
17,3,B,Trapezoid,T1,4.6,3,1,odd,47.0804
17,3,B,Trapezoid,T1,4.6,4,2,even,60.5399
17,3,B,Trapezoid,T1,4.6,5,1,odd,26.7809
17,3,B,Trapezoid,T1,4.6,6,2,even,103.0547
17,4,B,Trapezoid,T2,4.6,1,1,odd,40.035
17,4,B,Trapezoid,T2,4.6,2,2,even,24.8731
17,4,B,Trapezoid,T2,4.6,3,1,odd,7.7289
17,4,B,Trapezoid,T2,4.6,4,2,even,69.7605
17,4,B,Trapezoid,T2,4.6,5,1,odd,41.0952
17,4,B,Trapezoid,T2,4.6,6,2,even,87.0142
18,3,B,Square,S1,2.6,1,0,odd,39.307
18,3,B,Square,S1,2.6,2,0,even,109.6632
18,3,B,Square,S1,2.6,3,0,odd,43.523
18,3,B,Square,S1,2.6,5,0,odd,60.0398
18,3,B,Square,S1,2.6,6,0,even,95.9938
18,2,B,Square,S2,2.6,1,0,odd,52.0352
18,2,B,Square,S2,2.6,2,0,even,96.7042
18,2,B,Square,S2,2.6,3,0,odd,49.0143
18,2,B,Square,S2,2.6,4,0,even,62.3255
18,2,B,Square,S2,2.6,5,0,odd,23.6097
18,4,B,Trapezoid,T1,2.6,1,1,odd,34.3812
18,4,B,Trapezoid,T1,2.6,2,2,even,44.9876
18,4,B,Trapezoid,T1,2.6,3,1,odd,34.6195
18,4,B,Trapezoid,T1,2.6,4,2,even,5.464
18,4,B,Trapezoid,T1,2.6,5,1,odd,20.6513
18,4,B,Trapezoid,T1,2.6,6,2,even,55.8077
18,1,B,Trapezoid,T2,2.6,1,1,odd,67.7156
18,1,B,Trapezoid,T2,2.6,2,2,even,96.2312
18,1,B,Trapezoid,T2,2.6,3,1,odd,97.5923
18,1,B,Trapezoid,T2,2.6,4,2,even,69.733
18,1,B,Trapezoid,T2,2.6,5,1,odd,37.0098
18,1,B,Trapezoid,T2,2.6,6,2,even,166.3156
19,4,B,Square,S1,3.533333333,1,0,odd,35.5277
19,4,B,Square,S1,3.533333333,2,0,even,46.0127
19,4,B,Square,S1,3.533333333,3,0,odd,22.5882
19,4,B,Square,S1,3.533333333,5,0,odd,45.1286
19,4,B,Square,S1,3.533333333,6,0,even,53.5251
19,3,B,Square,S2,3.533333333,1,0,odd,48.5085
19,3,B,Square,S2,3.533333333,2,0,even,71.4111
19,3,B,Square,S2,3.533333333,3,0,odd,14.0169
19,3,B,Square,S2,3.533333333,4,0,even,56.7327
19,3,B,Square,S2,3.533333333,5,0,odd,48.0323
19,1,B,Trapezoid,T1,3.533333333,1,1,odd,69.3213
19,1,B,Trapezoid,T1,3.533333333,2,2,even,34.6257
19,1,B,Trapezoid,T1,3.533333333,3,1,odd,44.1407
19,1,B,Trapezoid,T1,3.533333333,4,2,even,79.0361
19,1,B,Trapezoid,T1,3.533333333,5,1,odd,20.0308
19,1,B,Trapezoid,T1,3.533333333,6,2,even,82.2812
19,2,B,Trapezoid,T2,3.533333333,1,1,odd,50.9856
19,2,B,Trapezoid,T2,3.533333333,2,2,even,74.2159
19,2,B,Trapezoid,T2,3.533333333,3,1,odd,40.6484
19,2,B,Trapezoid,T2,3.533333333,4,2,even,51.4927
19,2,B,Trapezoid,T2,3.533333333,5,1,odd,53.4434
19,2,B,Trapezoid,T2,3.533333333,6,2,even,24.4243
20,1,B,Square,S1,4,1,0,odd,35.7131
20,1,B,Square,S1,4,2,0,even,19.5352
20,1,B,Square,S1,4,3,0,odd,29.5507
20,1,B,Square,S1,4,5,0,odd,75.1125
20,1,B,Square,S1,4,6,0,even,47.2154
20,4,B,Square,S2,4,1,0,odd,196.339
20,4,B,Square,S2,4,2,0,even,152.8391
20,4,B,Square,S2,4,3,0,odd,114.343
20,4,B,Square,S2,4,4,0,even,205.138
20,4,B,Square,S2,4,5,0,odd,139.303
20,2,B,Trapezoid,T1,4,1,1,odd,42.8128
20,2,B,Trapezoid,T1,4,2,2,even,50.601
20,2,B,Trapezoid,T1,4,3,1,odd,20.8102
20,2,B,Trapezoid,T1,4,4,2,even,57.4843
20,2,B,Trapezoid,T1,4,5,1,odd,40.9698
20,2,B,Trapezoid,T1,4,6,2,even,64.7975
20,3,B,Trapezoid,T2,4,1,1,odd,123.9333
20,3,B,Trapezoid,T2,4,2,2,even,102.0956
20,3,B,Trapezoid,T2,4,3,1,odd,217.2365
20,3,B,Trapezoid,T2,4,4,2,even,14.9752
20,3,B,Trapezoid,T2,4,5,1,odd,98.2642
20,3,B,Trapezoid,T2,4,6,2,even,112.6304
21,2,B,Square,S1,3.733333333,1,0,odd,205.8001
21,2,B,Square,S1,3.733333333,2,0,even,81.7674
21,2,B,Square,S1,3.733333333,3,0,odd,149.1228
21,2,B,Square,S1,3.733333333,5,0,odd,138.9813
21,2,B,Square,S1,3.733333333,6,0,even,87.4648
21,1,B,Square,S2,3.733333333,1,0,odd,115.3539
21,1,B,Square,S2,3.733333333,2,0,even,54.8245
21,1,B,Square,S2,3.733333333,3,0,odd,47.2784
21,1,B,Square,S2,3.733333333,4,0,even,159.2626
21,1,B,Square,S2,3.733333333,5,0,odd,134.5622
21,3,B,Trapezoid,T1,3.733333333,1,1,odd,54.6039
21,3,B,Trapezoid,T1,3.733333333,2,2,even,47.8023
21,3,B,Trapezoid,T1,3.733333333,3,1,odd,41.216
21,3,B,Trapezoid,T1,3.733333333,4,2,even,32.3024
21,3,B,Trapezoid,T1,3.733333333,5,1,odd,35.0193
21,3,B,Trapezoid,T1,3.733333333,6,2,even,68.7041
21,4,B,Trapezoid,T2,3.733333333,1,1,odd,68.3664
21,4,B,Trapezoid,T2,3.733333333,2,2,even,28.641
21,4,B,Trapezoid,T2,3.733333333,3,1,odd,29.1982
21,4,B,Trapezoid,T2,3.733333333,4,2,even,29.3134
21,4,B,Trapezoid,T2,3.733333333,5,1,odd,25.4958
21,4,B,Trapezoid,T2,3.733333333,6,2,even,49.8616
22,3,B,Square,S1,3.933333333,1,0,odd,31.3
22,3,B,Square,S1,3.933333333,2,0,even,49.3665
22,3,B,Square,S1,3.933333333,3,0,odd,63.4576
22,3,B,Square,S1,3.933333333,5,0,odd,15.0864
22,3,B,Square,S1,3.933333333,6,0,even,79.7056
22,2,B,Square,S2,3.933333333,1,0,odd,67.5221
22,2,B,Square,S2,3.933333333,2,0,even,28.5057
22,2,B,Square,S2,3.933333333,3,0,odd,43.9721
22,2,B,Square,S2,3.933333333,4,0,even,76.3464
22,2,B,Square,S2,3.933333333,5,0,odd,16.202
22,4,B,Trapezoid,T1,3.933333333,1,1,odd,57.6648
22,4,B,Trapezoid,T1,3.933333333,2,2,even,48.2972
22,4,B,Trapezoid,T1,3.933333333,3,1,odd,27.6773
22,4,B,Trapezoid,T1,3.933333333,4,2,even,23.1153
22,4,B,Trapezoid,T1,3.933333333,5,1,odd,40.6397
22,4,B,Trapezoid,T1,3.933333333,6,2,even,63.9146
22,1,B,Trapezoid,T2,3.933333333,1,1,odd,41.0558
22,1,B,Trapezoid,T2,3.933333333,2,2,even,32.8201
22,1,B,Trapezoid,T2,3.933333333,3,1,odd,10.1041
22,1,B,Trapezoid,T2,3.933333333,4,2,even,35.4637
22,1,B,Trapezoid,T2,3.933333333,5,1,odd,39.7651
22,1,B,Trapezoid,T2,3.933333333,6,2,even,38.8694
23,4,B,Square,S1,2.333333333,1,0,odd,7.2691
23,4,B,Square,S1,2.333333333,2,0,even,30.54
23,4,B,Square,S1,2.333333333,3,0,odd,55.4406
23,4,B,Square,S1,2.333333333,4,0,even,90.4203
23,4,B,Square,S1,2.333333333,5,0,odd,34.8504
23,4,B,Square,S1,2.333333333,6,0,even,53.1928
23,3,B,Square,S2,2.333333333,1,0,odd,18.0539
23,3,B,Square,S2,2.333333333,2,0,even,31.3815
23,3,B,Square,S2,2.333333333,3,0,odd,20.2381
23,3,B,Square,S2,2.333333333,4,0,even,26.6354
23,3,B,Square,S2,2.333333333,5,0,odd,20.6014
23,1,B,Trapezoid,T1,2.333333333,1,1,odd,49.3988
23,1,B,Trapezoid,T1,2.333333333,2,2,even,58.1997
23,1,B,Trapezoid,T1,2.333333333,3,1,odd,28.8719
23,1,B,Trapezoid,T1,2.333333333,4,2,even,80.4892
23,1,B,Trapezoid,T1,2.333333333,5,1,odd,47.1602
23,1,B,Trapezoid,T1,2.333333333,6,2,even,73.4218
23,2,B,Trapezoid,T2,2.333333333,1,1,odd,31.138
23,2,B,Trapezoid,T2,2.333333333,2,2,even,42.763
23,2,B,Trapezoid,T2,2.333333333,3,1,odd,48.5661
23,2,B,Trapezoid,T2,2.333333333,4,2,even,75.8783
23,2,B,Trapezoid,T2,2.333333333,5,1,odd,20.4989
23,2,B,Trapezoid,T2,2.333333333,6,2,even,73.2435
24,2,B,Square,S1,5.2,1,0,odd,7.8737
24,2,B,Square,S1,5.2,2,0,even,89.81
24,2,B,Square,S1,5.2,3,0,odd,72.531
24,2,B,Square,S1,5.2,4,0,even,65.5815
24,2,B,Square,S1,5.2,5,0,odd,102.2978
24,2,B,Square,S1,5.2,6,0,even,80.6857
24,3,B,Square,S2,5.2,1,0,odd,14.5667
24,3,B,Square,S2,5.2,2,0,even,56.1664
24,3,B,Square,S2,5.2,3,0,odd,18.9617
24,3,B,Square,S2,5.2,4,0,even,45.886
24,3,B,Square,S2,5.2,5,0,odd,18.3552
24,4,B,Trapezoid,T1,5.2,1,1,odd,44.03
24,4,B,Trapezoid,T1,5.2,2,2,even,97.5276
24,4,B,Trapezoid,T1,5.2,3,1,odd,7.6807
24,4,B,Trapezoid,T1,5.2,4,2,even,83.5861
24,4,B,Trapezoid,T1,5.2,5,1,odd,12.8592
24,4,B,Trapezoid,T1,5.2,6,2,even,53.5283
24,1,B,Trapezoid,T2,5.2,1,1,odd,19.1334
24,1,B,Trapezoid,T2,5.2,2,2,even,41.7611
24,1,B,Trapezoid,T2,5.2,3,1,odd,34.2377
24,1,B,Trapezoid,T2,5.2,4,2,even,15.2624
24,1,B,Trapezoid,T2,5.2,5,1,odd,11.7879
24,1,B,Trapezoid,T2,5.2,6,2,even,73.0945
26,4,B,Square,S1,4.6,1,0,odd,32.3455
26,4,B,Square,S1,4.6,2,0,even,32.3313
26,4,B,Square,S1,4.6,3,0,odd,25.9501
26,4,B,Square,S1,4.6,4,0,even,75.5948
26,4,B,Square,S1,4.6,5,0,odd,88.9235
26,4,B,Square,S1,4.6,6,0,even,76.7934
26,1,B,Square,S2,4.6,1,0,odd,70.9317
26,1,B,Square,S2,4.6,2,0,even,71.9882
26,1,B,Square,S2,4.6,3,0,odd,65.4418
26,1,B,Square,S2,4.6,4,0,even,72.9807
26,1,B,Square,S2,4.6,5,0,odd,35.7954
26,1,B,Square,S2,4.6,6,0,even,10.8911
26,2,B,Trapezoid,T1,4.6,1,1,odd,41.1337
26,2,B,Trapezoid,T1,4.6,2,2,even,82.2027
26,2,B,Trapezoid,T1,4.6,3,1,odd,46.5505
26,2,B,Trapezoid,T1,4.6,4,2,even,54.7028
26,2,B,Trapezoid,T1,4.6,5,1,odd,52.8079
26,2,B,Trapezoid,T1,4.6,6,2,even,91.354
26,3,B,Trapezoid,T2,4.6,1,1,odd,44.6989
26,3,B,Trapezoid,T2,4.6,2,2,even,40.3893
26,3,B,Trapezoid,T2,4.6,3,1,odd,21.5665
26,3,B,Trapezoid,T2,4.6,4,2,even,50.9725
26,3,B,Trapezoid,T2,4.6,5,1,odd,52.5034
26,3,B,Trapezoid,T2,4.6,6,2,even,49.9327
27,1,B,Square,S1,5.866666667,1,0,odd,44.1053
27,1,B,Square,S1,5.866666667,2,0,even,30.0778
27,1,B,Square,S1,5.866666667,3,0,odd,56.8164
27,1,B,Square,S1,5.866666667,4,0,even,107.0712
27,1,B,Square,S1,5.866666667,5,0,odd,27.7073
27,1,B,Square,S1,5.866666667,6,0,even,55.1208
27,2,B,Square,S2,5.866666667,1,0,odd,32.5906
27,2,B,Square,S2,5.866666667,2,0,even,5.6199
27,2,B,Square,S2,5.866666667,3,0,odd,71.4523
27,2,B,Square,S2,5.866666667,4,0,even,17.8559
27,2,B,Square,S2,5.866666667,5,0,odd,15.3284
27,2,B,Square,S2,5.866666667,6,0,even,38.8702
27,3,B,Trapezoid,T1,5.866666667,1,1,odd,25.3909
27,3,B,Trapezoid,T1,5.866666667,2,2,even,50.6537
27,3,B,Trapezoid,T1,5.866666667,3,1,odd,27.655
27,3,B,Trapezoid,T1,5.866666667,4,2,even,68.5791
27,3,B,Trapezoid,T1,5.866666667,5,1,odd,25.3471
27,3,B,Trapezoid,T1,5.866666667,6,2,even,60.8755
27,4,B,Trapezoid,T2,5.866666667,1,1,odd,62.7586
27,4,B,Trapezoid,T2,5.866666667,2,2,even,142.6706
27,4,B,Trapezoid,T2,5.866666667,3,1,odd,26.3318
27,4,B,Trapezoid,T2,5.866666667,4,2,even,70.8659
27,4,B,Trapezoid,T2,5.866666667,5,1,odd,22.3374
27,4,B,Trapezoid,T2,5.866666667,6,2,even,86.3675
28,4,B,Square,S1,5.266666667,1,0,odd,4.2516
28,4,B,Square,S1,5.266666667,2,0,even,23.0913
28,4,B,Square,S1,5.266666667,3,0,odd,17.351
28,4,B,Square,S1,5.266666667,4,0,even,26.3653
28,4,B,Square,S1,5.266666667,5,0,odd,6.7644
28,4,B,Square,S1,5.266666667,6,0,even,8.5469
28,2,B,Square,S2,5.266666667,1,0,odd,1.0811
28,2,B,Square,S2,5.266666667,2,0,even,10.9691
28,2,B,Square,S2,5.266666667,3,0,odd,18.1622
28,2,B,Square,S2,5.266666667,4,0,even,25.6573
28,2,B,Square,S2,5.266666667,5,0,odd,13.7903
28,2,B,Square,S2,5.266666667,6,0,even,29.5417
28,1,B,Trapezoid,T1,5.266666667,1,1,odd,41.1845
28,1,B,Trapezoid,T1,5.266666667,2,2,even,49.0597
28,1,B,Trapezoid,T1,5.266666667,3,1,odd,22.0594
28,1,B,Trapezoid,T1,5.266666667,4,2,even,27.5354
28,1,B,Trapezoid,T1,5.266666667,5,1,odd,49.852
28,1,B,Trapezoid,T1,5.266666667,6,2,even,24.4994
28,3,B,Trapezoid,T2,5.266666667,1,1,odd,21.1789
28,3,B,Trapezoid,T2,5.266666667,2,2,even,16.3675
28,3,B,Trapezoid,T2,5.266666667,3,1,odd,6.7628
28,3,B,Trapezoid,T2,5.266666667,4,2,even,10.613
28,3,B,Trapezoid,T2,5.266666667,5,1,odd,26.7919
28,3,B,Trapezoid,T2,5.266666667,6,2,even,38.9196
29,1,B,Square,S1,3.4,1,0,odd,17.806
29,1,B,Square,S1,3.4,2,0,even,52.2728
29,1,B,Square,S1,3.4,3,0,odd,21.8595
29,1,B,Square,S1,3.4,4,0,even,50.4666
29,1,B,Square,S1,3.4,5,0,odd,53.8702
29,1,B,Square,S1,3.4,6,0,even,63.8963
29,3,B,Square,S2,3.4,1,0,odd,11.3613
29,3,B,Square,S2,3.4,2,0,even,49.2334
29,3,B,Square,S2,3.4,3,0,odd,14.5194
29,3,B,Square,S2,3.4,4,0,even,40.4833
29,3,B,Square,S2,3.4,5,0,odd,24.654
29,3,B,Square,S2,3.4,6,0,even,52.0793
29,2,B,Trapezoid,T1,3.4,1,1,odd,31.156
29,2,B,Trapezoid,T1,3.4,2,2,even,57.3606
29,2,B,Trapezoid,T1,3.4,3,1,odd,50.4201
29,2,B,Trapezoid,T1,3.4,4,2,even,34.7394
29,2,B,Trapezoid,T1,3.4,5,1,odd,44.7281
29,2,B,Trapezoid,T1,3.4,6,2,even,50.3842
29,4,B,Trapezoid,T2,3.4,1,1,odd,39.1734
29,4,B,Trapezoid,T2,3.4,2,2,even,80.7358
29,4,B,Trapezoid,T2,3.4,3,1,odd,60.1488
29,4,B,Trapezoid,T2,3.4,4,2,even,94.0422
29,4,B,Trapezoid,T2,3.4,5,1,odd,65.1298
29,4,B,Trapezoid,T2,3.4,6,2,even,68.8669
30,2,A,Square,S1,4.8,1,0,odd,174.1822
30,2,A,Square,S1,4.8,2,0,even,49.2948
30,2,A,Square,S1,4.8,3,0,odd,50.0662
30,2,A,Square,S1,4.8,4,0,even,23.0569
30,2,A,Square,S1,4.8,5,0,odd,53.3057
30,2,A,Square,S1,4.8,6,0,even,83.358
30,4,A,Square,S2,4.8,1,0,odd,85.528
30,4,A,Square,S2,4.8,2,0,even,68.6395
30,4,A,Square,S2,4.8,3,0,odd,64.3741
30,4,A,Square,S2,4.8,4,0,even,45.786
30,4,A,Square,S2,4.8,5,0,odd,42.8958
30,4,A,Square,S2,4.8,6,0,even,55.208
30,1,A,Trapezoid,T1,4.8,1,1,odd,39.9409
30,1,A,Trapezoid,T1,4.8,2,2,even,94.1256
30,1,A,Trapezoid,T1,4.8,3,1,odd,12.4439
30,1,A,Trapezoid,T1,4.8,4,2,even,8.3764
30,1,A,Trapezoid,T1,4.8,5,1,odd,37.3852
30,1,A,Trapezoid,T1,4.8,6,2,even,83.0019
30,3,A,Trapezoid,T2,4.8,1,1,odd,25.5599
30,3,A,Trapezoid,T2,4.8,2,2,even,45.9381
30,3,A,Trapezoid,T2,4.8,3,1,odd,9.8973
30,3,A,Trapezoid,T2,4.8,4,2,even,33.8129
30,3,A,Trapezoid,T2,4.8,5,2,odd,40.7377
30,3,A,Trapezoid,T2,4.8,6,1,even,19.6259
31,2,B,Square,S1,4.733333333,1,0,odd,41.869
31,2,B,Square,S1,4.733333333,2,0,even,68.8048
31,2,B,Square,S1,4.733333333,3,0,odd,29.0545
31,2,B,Square,S1,4.733333333,4,0,even,36.8584
31,2,B,Square,S1,4.733333333,5,0,odd,39.3407
31,2,B,Square,S1,4.733333333,6,0,even,80.9628
31,1,B,Square,S2,4.733333333,1,0,odd,55.0877
31,1,B,Square,S2,4.733333333,2,0,even,76.0427
31,1,B,Square,S2,4.733333333,3,0,odd,10.7958
31,1,B,Square,S2,4.733333333,4,0,even,54.022
31,1,B,Square,S2,4.733333333,5,0,odd,35.3743
31,1,B,Square,S2,4.733333333,6,0,even,62.5801
31,3,B,Trapezoid,T1,4.733333333,1,1,odd,53.8358
31,3,B,Trapezoid,T1,4.733333333,2,2,even,51.9561
31,3,B,Trapezoid,T1,4.733333333,3,1,odd,15.7078
31,3,B,Trapezoid,T1,4.733333333,4,2,even,20.7854
31,3,B,Trapezoid,T1,4.733333333,5,1,odd,39.5716
31,3,B,Trapezoid,T1,4.733333333,6,2,even,66.9746
31,4,B,Trapezoid,T2,4.733333333,1,1,odd,59.787
31,4,B,Trapezoid,T2,4.733333333,2,2,even,56.7896
31,4,B,Trapezoid,T2,4.733333333,3,1,odd,10.4656
31,4,B,Trapezoid,T2,4.733333333,4,2,even,87.0245
31,4,B,Trapezoid,T2,4.733333333,5,1,odd,43.5748
31,4,B,Trapezoid,T2,4.733333333,6,2,even,78.4391
32,4,A,Square,S1,5.266666667,1,0,odd,55.6052
32,4,A,Square,S1,5.266666667,2,0,even,36.2122
32,4,A,Square,S1,5.266666667,3,0,odd,25.2887
32,4,A,Square,S1,5.266666667,4,0,even,14.7913
32,4,A,Square,S1,5.266666667,5,0,odd,38.3021
32,4,A,Square,S1,5.266666667,6,0,even,63.6556
32,2,A,Square,S2,5.266666667,1,0,odd,36.7743
32,2,A,Square,S2,5.266666667,2,0,even,20.3978
32,2,A,Square,S2,5.266666667,3,0,odd,57.4426
32,2,A,Square,S2,5.266666667,4,0,even,26.0978
32,2,A,Square,S2,5.266666667,5,0,odd,8.3314
32,2,A,Square,S2,5.266666667,6,0,even,42.1148
32,3,A,Trapezoid,T1,5.266666667,1,1,odd,78.8201
32,3,A,Trapezoid,T1,5.266666667,2,2,even,12.2442
32,3,A,Trapezoid,T1,5.266666667,3,1,odd,33.1684
32,3,A,Trapezoid,T1,5.266666667,4,2,even,68.3917
32,3,A,Trapezoid,T1,5.266666667,5,1,odd,49.2204
32,3,A,Trapezoid,T1,5.266666667,6,2,even,29.227
32,1,A,Trapezoid,T2,5.266666667,1,1,odd,59.8324
32,1,A,Trapezoid,T2,5.266666667,2,2,even,81.6615
32,1,A,Trapezoid,T2,5.266666667,3,1,odd,48.4349
32,1,A,Trapezoid,T2,5.266666667,4,2,even,25.3462
32,1,A,Trapezoid,T2,5.266666667,5,2,odd,46.7752
32,1,A,Trapezoid,T2,5.266666667,6,1,even,36.3613
33,3,B,Square,S1,5.533333333,1,0,odd,25.1672
33,3,B,Square,S1,5.533333333,2,0,even,65.6943
33,3,B,Square,S1,5.533333333,3,0,odd,67.9012
33,3,B,Square,S1,5.533333333,4,0,even,29.2575
33,3,B,Square,S1,5.533333333,5,0,odd,82.1541
33,3,B,Square,S1,5.533333333,6,0,even,73.2524
33,4,B,Square,S2,5.533333333,1,0,odd,20.6267
33,4,B,Square,S2,5.533333333,2,0,even,36.211
33,4,B,Square,S2,5.533333333,3,0,odd,23.7277
33,4,B,Square,S2,5.533333333,4,0,even,79.1401
33,4,B,Square,S2,5.533333333,5,0,odd,40.1484
33,4,B,Square,S2,5.533333333,6,0,even,40.1996
33,2,B,Trapezoid,T1,5.533333333,1,1,odd,44.1864
33,2,B,Trapezoid,T1,5.533333333,2,2,even,49.3951
33,2,B,Trapezoid,T1,5.533333333,3,1,odd,47.6027
33,2,B,Trapezoid,T1,5.533333333,4,2,even,13.1559
33,2,B,Trapezoid,T1,5.533333333,5,1,odd,52.356
33,2,B,Trapezoid,T1,5.533333333,6,2,even,56.2394
33,1,B,Trapezoid,T2,5.533333333,1,1,odd,76.1287
33,1,B,Trapezoid,T2,5.533333333,2,2,even,14.3984
33,1,B,Trapezoid,T2,5.533333333,3,1,odd,52.7286
33,1,B,Trapezoid,T2,5.533333333,4,2,even,53.3566
33,1,B,Trapezoid,T2,5.533333333,5,1,odd,70.3484
33,1,B,Trapezoid,T2,5.533333333,6,2,even,54.1629
34,2,A,Square,S2,2.8,1,0,odd,64.0088
34,2,A,Square,S2,2.8,2,0,even,106.8346
34,2,A,Square,S2,2.8,3,0,odd,35.8277
34,2,A,Square,S2,2.8,4,0,even,44.1997
34,2,A,Square,S2,2.8,5,0,odd,7.3359
34,2,A,Square,S2,2.8,6,0,even,40.4047
34,3,A,Trapezoid,T1,2.8,1,1,odd,93.1005
34,3,A,Trapezoid,T1,2.8,2,2,even,42.7251
34,3,A,Trapezoid,T1,2.8,3,1,odd,46.7398
34,3,A,Trapezoid,T1,2.8,4,2,even,121.082
34,3,A,Trapezoid,T1,2.8,5,1,odd,21.6979
34,3,A,Trapezoid,T1,2.8,6,2,even,116.1622
34,4,A,Trapezoid,T2,2.8,1,1,odd,61.7116
34,4,A,Trapezoid,T2,2.8,2,2,even,37.9813
34,4,A,Trapezoid,T2,2.8,3,1,odd,43.2665
34,4,A,Trapezoid,T2,2.8,4,2,even,61.4027
34,4,A,Trapezoid,T2,2.8,5,2,odd,24.4833
34,4,A,Trapezoid,T2,2.8,6,1,even,21.9661
35,2,B,Square,S1,5.4,1,0,odd,44.455
35,2,B,Square,S1,5.4,2,0,even,32.599
35,2,B,Square,S1,5.4,3,0,odd,23.7284
35,2,B,Square,S1,5.4,4,0,even,73.4609
35,2,B,Square,S1,5.4,5,0,odd,33.4378
35,2,B,Square,S1,5.4,6,0,even,49.6581
35,1,B,Square,S2,5.4,1,0,odd,52.7162
35,1,B,Square,S2,5.4,2,0,even,62.69
35,1,B,Square,S2,5.4,3,0,odd,35.8412
35,1,B,Square,S2,5.4,4,0,even,49.2153
35,1,B,Square,S2,5.4,5,0,odd,68.0645
35,1,B,Square,S2,5.4,6,0,even,12.5756
35,3,B,Trapezoid,T1,5.4,1,1,odd,37.175
35,3,B,Trapezoid,T1,5.4,2,2,even,11.7634
35,3,B,Trapezoid,T1,5.4,3,1,odd,21.771
35,3,B,Trapezoid,T1,5.4,4,2,even,48.2798
35,3,B,Trapezoid,T1,5.4,5,1,odd,23.8026
35,3,B,Trapezoid,T1,5.4,6,2,even,38.3522
35,4,B,Trapezoid,T2,5.4,1,1,odd,13.4974
35,4,B,Trapezoid,T2,5.4,2,2,even,56.2868
35,4,B,Trapezoid,T2,5.4,3,1,odd,37.6363
35,4,B,Trapezoid,T2,5.4,4,2,even,67.6728
35,4,B,Trapezoid,T2,5.4,5,1,odd,22.9977
35,4,B,Trapezoid,T2,5.4,6,2,even,60.3956
36,3,A,Square,S1,1.666666667,1,0,odd,50.28
36,3,A,Square,S1,1.666666667,2,0,even,16.6412
36,3,A,Square,S1,1.666666667,3,0,odd,24.4338
36,3,A,Square,S1,1.666666667,4,0,even,57.7638
36,3,A,Square,S1,1.666666667,5,0,odd,8.0226
36,3,A,Square,S1,1.666666667,6,0,even,49.3649
36,4,A,Square,S2,1.666666667,1,0,odd,51.2681
36,4,A,Square,S2,1.666666667,2,0,even,83.1161
36,4,A,Square,S2,1.666666667,3,0,odd,38.1956
36,4,A,Square,S2,1.666666667,4,0,even,33.4627
36,4,A,Square,S2,1.666666667,5,0,odd,36.8039
36,4,A,Square,S2,1.666666667,6,0,even,43.4066
36,1,A,Trapezoid,T1,1.666666667,1,1,odd,47.8764
36,1,A,Trapezoid,T1,1.666666667,2,2,even,89.4825
36,1,A,Trapezoid,T1,1.666666667,3,1,odd,115.794
36,1,A,Trapezoid,T1,1.666666667,4,2,even,82.4646
36,1,A,Trapezoid,T1,1.666666667,5,1,odd,42.5155
36,1,A,Trapezoid,T1,1.666666667,6,2,even,82.1287
36,2,A,Trapezoid,T2,1.666666667,1,1,odd,56.6543
36,2,A,Trapezoid,T2,1.666666667,2,2,even,37.9849
36,2,A,Trapezoid,T2,1.666666667,3,1,odd,39.3765
36,2,A,Trapezoid,T2,1.666666667,4,2,even,21.5333
36,2,A,Trapezoid,T2,1.666666667,5,2,odd,19.0526
36,2,A,Trapezoid,T2,1.666666667,6,1,even,35.4643
37,4,B,Square,S1,4.466666667,1,0,odd,212.008
37,4,B,Square,S1,4.466666667,2,0,even,3.5635
37,4,B,Square,S1,4.466666667,3,0,odd,100.8826
37,4,B,Square,S1,4.466666667,4,0,even,69.6622
37,4,B,Square,S1,4.466666667,5,0,odd,168.1653
37,4,B,Square,S1,4.466666667,6,0,even,49.0248
37,1,B,Square,S2,4.466666667,1,0,odd,128.0876
37,1,B,Square,S2,4.466666667,2,0,even,42.851
37,1,B,Square,S2,4.466666667,3,0,odd,108.4347
37,1,B,Square,S2,4.466666667,4,0,even,106.0875
37,1,B,Square,S2,4.466666667,5,0,odd,127.2519
37,1,B,Square,S2,4.466666667,6,0,even,88.7319
37,2,B,Trapezoid,T1,4.466666667,1,1,odd,108.5208
37,2,B,Trapezoid,T1,4.466666667,2,2,even,95.5699
37,2,B,Trapezoid,T1,4.466666667,3,1,odd,50.8995
37,2,B,Trapezoid,T1,4.466666667,4,2,even,65.4531
37,2,B,Trapezoid,T1,4.466666667,5,1,odd,29.2878
37,2,B,Trapezoid,T1,4.466666667,6,2,even,90.1493
37,3,B,Trapezoid,T2,4.466666667,1,1,odd,43.0069
37,3,B,Trapezoid,T2,4.466666667,2,2,even,133.4227
37,3,B,Trapezoid,T2,4.466666667,3,1,odd,48.1407
37,3,B,Trapezoid,T2,4.466666667,4,2,even,86.4796
37,3,B,Trapezoid,T2,4.466666667,5,1,odd,50.1131
37,3,B,Trapezoid,T2,4.466666667,6,2,even,93.0772
38,2,A,Square,S1,5.666666667,1,0,odd,62.6862
38,2,A,Square,S1,5.666666667,2,0,even,17.0057
38,2,A,Square,S1,5.666666667,3,0,odd,44.3333
38,2,A,Square,S1,5.666666667,4,0,even,25.483
38,2,A,Square,S1,5.666666667,5,0,odd,43.9333
38,2,A,Square,S1,5.666666667,6,0,even,15.1526
38,1,A,Square,S2,5.666666667,1,0,odd,27.5709
38,1,A,Square,S2,5.666666667,2,0,even,40.9974
38,1,A,Square,S2,5.666666667,3,0,odd,35.7367
38,1,A,Square,S2,5.666666667,4,0,even,26.2688
38,1,A,Square,S2,5.666666667,5,0,odd,24.5084
38,1,A,Square,S2,5.666666667,6,0,even,49.6284
38,3,A,Trapezoid,T1,5.666666667,1,1,odd,64.9064
38,3,A,Trapezoid,T1,5.666666667,2,2,even,6.8777
38,3,A,Trapezoid,T1,5.666666667,3,1,odd,157.3138
38,3,A,Trapezoid,T1,5.666666667,4,2,even,116.5518
38,3,A,Trapezoid,T1,5.666666667,5,1,odd,75.7344
38,3,A,Trapezoid,T1,5.666666667,6,2,even,49.4376
38,4,A,Trapezoid,T2,5.666666667,1,1,odd,40.1242
38,4,A,Trapezoid,T2,5.666666667,2,2,even,29.0666
38,4,A,Trapezoid,T2,5.666666667,3,1,odd,60.4489
38,4,A,Trapezoid,T2,5.666666667,4,2,even,10.5152
38,4,A,Trapezoid,T2,5.666666667,5,2,odd,5.7183
38,4,A,Trapezoid,T2,5.666666667,6,1,even,18.7076
39,3,B,Square,S1,4.333333333,1,0,odd,50.8943
39,3,B,Square,S1,4.333333333,2,0,even,48.0437
39,3,B,Square,S1,4.333333333,3,0,odd,65.5311
39,3,B,Square,S1,4.333333333,4,0,even,84.3745
39,3,B,Square,S1,4.333333333,5,0,odd,85.5743
39,3,B,Square,S1,4.333333333,6,0,even,68.879
39,2,B,Square,S2,4.333333333,1,0,odd,54.5649
39,2,B,Square,S2,4.333333333,2,0,even,56.262
39,2,B,Square,S2,4.333333333,3,0,odd,48.0169
39,2,B,Square,S2,4.333333333,4,0,even,57.1778
39,2,B,Square,S2,4.333333333,5,0,odd,67.7614
39,2,B,Square,S2,4.333333333,6,0,even,92.4434
39,4,B,Trapezoid,T1,4.333333333,1,1,odd,73.2108
39,4,B,Trapezoid,T1,4.333333333,2,2,even,69.9065
39,4,B,Trapezoid,T1,4.333333333,3,1,odd,40.0403
39,4,B,Trapezoid,T1,4.333333333,4,2,even,73.5
39,4,B,Trapezoid,T1,4.333333333,5,1,odd,51.5307
39,4,B,Trapezoid,T1,4.333333333,6,2,even,110.7089
39,1,B,Trapezoid,T2,4.333333333,1,1,odd,23.7731
39,1,B,Trapezoid,T2,4.333333333,2,2,even,64.0191
39,1,B,Trapezoid,T2,4.333333333,3,1,odd,25.1818
39,1,B,Trapezoid,T2,4.333333333,4,2,even,76.5027
39,1,B,Trapezoid,T2,4.333333333,5,1,odd,27.7324
39,1,B,Trapezoid,T2,4.333333333,6,2,even,66.7529
40,4,A,Square,S1,4.666666667,1,0,odd,71.7054
40,4,A,Square,S1,4.666666667,2,0,even,37.8479
40,4,A,Square,S1,4.666666667,3,0,odd,52.5895
40,4,A,Square,S1,4.666666667,4,0,even,22.0561
40,4,A,Square,S1,4.666666667,5,0,odd,29.7618
40,4,A,Square,S1,4.666666667,6,0,even,38.1053
40,3,A,Square,S2,4.666666667,1,0,odd,38.0258
40,3,A,Square,S2,4.666666667,2,0,even,63.3264
40,3,A,Square,S2,4.666666667,3,0,odd,35.056
40,3,A,Square,S2,4.666666667,4,0,even,40.2484
40,3,A,Square,S2,4.666666667,5,0,odd,24.114
40,3,A,Square,S2,4.666666667,6,0,even,50.4559
40,1,A,Trapezoid,T1,4.666666667,1,1,odd,69.3891
40,1,A,Trapezoid,T1,4.666666667,2,2,even,88.9278
40,1,A,Trapezoid,T1,4.666666667,3,1,odd,41.1106
40,1,A,Trapezoid,T1,4.666666667,4,2,even,106.1188
40,1,A,Trapezoid,T1,4.666666667,5,1,odd,48.8583
40,1,A,Trapezoid,T1,4.666666667,6,2,even,111.8004
40,2,A,Trapezoid,T2,4.666666667,1,1,odd,113.3423
40,2,A,Trapezoid,T2,4.666666667,2,2,even,127.5951
40,2,A,Trapezoid,T2,4.666666667,3,1,odd,45.9261
40,2,A,Trapezoid,T2,4.666666667,4,2,even,57.1683
40,2,A,Trapezoid,T2,4.666666667,5,2,odd,22.0045
40,2,A,Trapezoid,T2,4.666666667,6,1,even,37.8208
41,1,B,Square,S1,3.333333333,1,0,odd,25.5956
41,1,B,Square,S1,3.333333333,2,0,even,46.2271
41,1,B,Square,S1,3.333333333,3,0,odd,85.0639
41,1,B,Square,S1,3.333333333,4,0,even,66.6147
41,1,B,Square,S1,3.333333333,5,0,odd,54.7539
41,1,B,Square,S1,3.333333333,6,0,even,79.4482
41,4,B,Square,S2,3.333333333,1,0,odd,45.7021
41,4,B,Square,S2,3.333333333,2,0,even,74.4232
41,4,B,Square,S2,3.333333333,3,0,odd,40.1557
41,4,B,Square,S2,3.333333333,4,0,even,53.2785
41,4,B,Square,S2,3.333333333,5,0,odd,18.0377
41,4,B,Square,S2,3.333333333,6,0,even,22.8723
41,2,B,Trapezoid,T1,3.333333333,1,1,odd,28.5004
41,2,B,Trapezoid,T1,3.333333333,2,2,even,29.5587
41,2,B,Trapezoid,T1,3.333333333,3,1,odd,33.5793
41,2,B,Trapezoid,T1,3.333333333,4,2,even,14.6754
41,2,B,Trapezoid,T1,3.333333333,5,1,odd,18.1286
41,2,B,Trapezoid,T1,3.333333333,6,2,even,26.8368
41,3,B,Trapezoid,T2,3.333333333,1,1,odd,45.1787
41,3,B,Trapezoid,T2,3.333333333,2,2,even,100.2182
41,3,B,Trapezoid,T2,3.333333333,3,1,odd,17.9411
41,3,B,Trapezoid,T2,3.333333333,4,2,even,27.0131
41,3,B,Trapezoid,T2,3.333333333,5,1,odd,32.0298
41,3,B,Trapezoid,T2,3.333333333,6,2,even,42.3273
42,3,A,Square,S1,5.066666667,1,0,odd,86.682
42,3,A,Square,S1,5.066666667,2,0,even,9.5565
42,3,A,Square,S1,5.066666667,3,0,odd,57.0048
42,3,A,Square,S1,5.066666667,4,0,even,46.4267
42,3,A,Square,S1,5.066666667,5,0,odd,29.9801
42,3,A,Square,S1,5.066666667,6,0,even,68.9075
42,4,A,Square,S2,5.066666667,1,0,odd,71.5238
42,4,A,Square,S2,5.066666667,2,0,even,93.6608
42,4,A,Square,S2,5.066666667,3,0,odd,38.9277
42,4,A,Square,S2,5.066666667,4,0,even,32.9371
42,4,A,Square,S2,5.066666667,5,0,odd,34.3792
42,4,A,Square,S2,5.066666667,6,0,even,100.8676
42,1,A,Trapezoid,T1,5.066666667,1,1,odd,12.6648
42,1,A,Trapezoid,T1,5.066666667,2,2,even,30.5331
42,1,A,Trapezoid,T1,5.066666667,3,1,odd,31.9291
42,1,A,Trapezoid,T1,5.066666667,4,2,even,33.537
42,1,A,Trapezoid,T1,5.066666667,5,1,odd,49.9131
42,1,A,Trapezoid,T1,5.066666667,6,2,even,14.3612
42,2,A,Trapezoid,T2,5.066666667,1,1,odd,49.3006
42,2,A,Trapezoid,T2,5.066666667,2,2,even,60.8453
42,2,A,Trapezoid,T2,5.066666667,3,1,odd,9.4872
42,2,A,Trapezoid,T2,5.066666667,4,2,even,21.7948
42,2,A,Trapezoid,T2,5.066666667,5,2,odd,65.8773
42,2,A,Trapezoid,T2,5.066666667,6,1,even,31.5862
43,4,B,Square,S1,2.733333333,1,0,odd,25.3107
43,4,B,Square,S1,2.733333333,2,0,even,72.6637
43,4,B,Square,S1,2.733333333,3,0,odd,28.1214
43,4,B,Square,S1,2.733333333,4,0,even,44.9448
43,4,B,Square,S1,2.733333333,5,0,odd,53.412
43,4,B,Square,S1,2.733333333,6,0,even,70.7465
43,1,B,Square,S2,2.733333333,1,0,odd,30.7821
43,1,B,Square,S2,2.733333333,2,0,even,28.548
43,1,B,Square,S2,2.733333333,3,0,odd,32.9315
43,1,B,Square,S2,2.733333333,4,0,even,23.6167
43,1,B,Square,S2,2.733333333,5,0,odd,22.2544
43,1,B,Square,S2,2.733333333,6,0,even,55.698
43,2,B,Trapezoid,T1,2.733333333,1,1,odd,55.003
43,2,B,Trapezoid,T1,2.733333333,2,2,even,59.9828
43,2,B,Trapezoid,T1,2.733333333,3,1,odd,35.8631
43,2,B,Trapezoid,T1,2.733333333,4,2,even,23.3619
43,2,B,Trapezoid,T1,2.733333333,5,1,odd,23.5513
43,2,B,Trapezoid,T1,2.733333333,6,2,even,58.8557
43,3,B,Trapezoid,T2,2.733333333,1,1,odd,43.2573
43,3,B,Trapezoid,T2,2.733333333,2,2,even,159.5358
43,3,B,Trapezoid,T2,2.733333333,3,1,odd,49.9186
43,3,B,Trapezoid,T2,2.733333333,4,2,even,80.4507
43,3,B,Trapezoid,T2,2.733333333,5,1,odd,24.8303
43,3,B,Trapezoid,T2,2.733333333,6,2,even,74.4243
44,1,A,Square,S1,3.066666667,1,0,odd,77.8639
44,1,A,Square,S1,3.066666667,2,0,even,21.7693
44,1,A,Square,S1,3.066666667,3,0,odd,24.6764
44,1,A,Square,S1,3.066666667,4,0,even,78.3749
44,1,A,Square,S1,3.066666667,5,0,odd,48.2859
44,1,A,Square,S1,3.066666667,6,0,even,57.2379
44,2,A,Square,S2,3.066666667,1,0,odd,70.4442
44,2,A,Square,S2,3.066666667,2,0,even,52.3107
44,2,A,Square,S2,3.066666667,3,0,odd,35.3527
44,2,A,Square,S2,3.066666667,4,0,even,150.8559
44,2,A,Square,S2,3.066666667,5,0,odd,89.9084
44,2,A,Square,S2,3.066666667,6,0,even,114.2035
44,3,A,Trapezoid,T1,3.066666667,1,1,odd,47.3693
44,3,A,Trapezoid,T1,3.066666667,2,2,even,66.3385
44,3,A,Trapezoid,T1,3.066666667,3,1,odd,72.2322
44,3,A,Trapezoid,T1,3.066666667,4,2,even,94.2288
44,3,A,Trapezoid,T1,3.066666667,5,1,odd,105.3451
44,3,A,Trapezoid,T1,3.066666667,6,2,even,29.9346
44,4,A,Trapezoid,T2,3.066666667,1,1,odd,83.7557
44,4,A,Trapezoid,T2,3.066666667,2,2,even,62.6062
44,4,A,Trapezoid,T2,3.066666667,3,1,odd,42.4609
44,4,A,Trapezoid,T2,3.066666667,4,2,even,71.697
44,4,A,Trapezoid,T2,3.066666667,5,2,odd,28.269
44,4,A,Trapezoid,T2,3.066666667,6,1,even,78.5885
45,2,B,Square,S1,3.066666667,1,0,odd,117.2717
45,2,B,Square,S1,3.066666667,2,0,even,141.2855
45,2,B,Square,S1,3.066666667,3,0,odd,127.3329
45,2,B,Square,S1,3.066666667,4,0,even,94.1275
45,2,B,Square,S1,3.066666667,5,0,odd,87.8057
45,2,B,Square,S1,3.066666667,6,0,even,107.8204
45,3,B,Square,S2,3.066666667,1,0,odd,121.4141
45,3,B,Square,S2,3.066666667,2,0,even,42.3237
45,3,B,Square,S2,3.066666667,3,0,odd,204.8407
45,3,B,Square,S2,3.066666667,4,0,even,115.9369
45,3,B,Square,S2,3.066666667,5,0,odd,116.3706
45,3,B,Square,S2,3.066666667,6,0,even,58.0877
45,4,B,Trapezoid,T1,3.066666667,1,1,odd,75.9739
45,4,B,Trapezoid,T1,3.066666667,2,2,even,97.6242
45,4,B,Trapezoid,T1,3.066666667,3,1,odd,78.44
45,4,B,Trapezoid,T1,3.066666667,4,2,even,92.0574
45,4,B,Trapezoid,T1,3.066666667,5,1,odd,140.4212
45,4,B,Trapezoid,T1,3.066666667,6,2,even,137.918
45,1,B,Trapezoid,T2,3.066666667,1,1,odd,49.8353
45,1,B,Trapezoid,T2,3.066666667,2,2,even,53.3641
45,1,B,Trapezoid,T2,3.066666667,3,1,odd,16.7036
45,1,B,Trapezoid,T2,3.066666667,4,2,even,25.8288
45,1,B,Trapezoid,T2,3.066666667,5,1,odd,32.1935
45,1,B,Trapezoid,T2,3.066666667,6,2,even,44.3778
46,2,A,Square,S1,5,1,0,odd,37.6812
46,2,A,Square,S1,5,2,0,even,28.4407
46,2,A,Square,S1,5,3,0,odd,16.8967
46,2,A,Square,S1,5,4,0,even,26.8163
46,2,A,Square,S1,5,5,0,odd,8.0863
46,2,A,Square,S1,5,6,0,even,34.5019
46,1,A,Square,S2,5,1,0,odd,29.4246
46,1,A,Square,S2,5,2,0,even,35.5594
46,1,A,Square,S2,5,3,0,odd,47.7731
46,1,A,Square,S2,5,4,0,even,22.3249
46,1,A,Square,S2,5,5,0,odd,28.7861
46,1,A,Square,S2,5,6,0,even,16.5003
46,4,A,Trapezoid,T1,5,1,1,odd,50.6596
46,4,A,Trapezoid,T1,5,2,2,even,59.5245
46,4,A,Trapezoid,T1,5,3,1,odd,21.937
46,4,A,Trapezoid,T1,5,4,2,even,37.2976
46,4,A,Trapezoid,T1,5,5,1,odd,38.0678
46,4,A,Trapezoid,T1,5,6,2,even,33.6846
46,3,A,Trapezoid,T2,5,1,1,odd,16.82
46,3,A,Trapezoid,T2,5,2,2,even,49.2164
46,3,A,Trapezoid,T2,5,3,1,odd,38.3328
46,3,A,Trapezoid,T2,5,4,2,even,8.8284
46,3,A,Trapezoid,T2,5,5,2,odd,31.0354
46,3,A,Trapezoid,T2,5,6,1,even,32.9748
47,3,B,Square,S1,3.4,1,0,odd,100.6956
47,3,B,Square,S1,3.4,2,0,even,112.741
47,3,B,Square,S1,3.4,3,0,odd,117.3089
47,3,B,Square,S1,3.4,4,0,even,91.2803
47,3,B,Square,S1,3.4,5,0,odd,176.3553
47,3,B,Square,S1,3.4,6,0,even,97.025
47,4,B,Square,S2,3.4,1,0,odd,20.5958
47,4,B,Square,S2,3.4,2,0,even,20.3586
47,4,B,Square,S2,3.4,3,0,odd,23.67
47,4,B,Square,S2,3.4,5,0,odd,16.631
47,4,B,Square,S2,3.4,6,0,even,35.2964
47,2,B,Trapezoid,T1,3.4,1,1,odd,16.3212
47,2,B,Trapezoid,T1,3.4,2,2,even,37.8366
47,2,B,Trapezoid,T1,3.4,3,1,odd,14.598
47,2,B,Trapezoid,T1,3.4,4,2,even,8.5787
47,2,B,Trapezoid,T1,3.4,5,1,odd,24.0186
47,2,B,Trapezoid,T1,3.4,6,2,even,20.2019
48,3,A,Square,S1,4.8,1,0,odd,11.1894
48,3,A,Square,S1,4.8,2,0,even,66.6191
48,3,A,Square,S1,4.8,3,0,odd,49.2394
48,3,A,Square,S1,4.8,4,0,even,40.9355
48,3,A,Square,S1,4.8,5,0,odd,69.8049
48,3,A,Square,S1,4.8,6,0,even,17.5085
48,4,A,Square,S2,4.8,1,0,odd,62.1393
48,4,A,Square,S2,4.8,2,0,even,53.7644
48,4,A,Square,S2,4.8,3,0,odd,32.1567
48,4,A,Square,S2,4.8,4,0,even,40.2006
48,4,A,Square,S2,4.8,5,0,odd,78.5058
48,4,A,Square,S2,4.8,6,0,even,32.3275
48,1,A,Trapezoid,T1,4.8,1,1,odd,62.859
48,1,A,Trapezoid,T1,4.8,2,2,even,83.3094
48,1,A,Trapezoid,T1,4.8,3,1,odd,83.2267
48,1,A,Trapezoid,T1,4.8,4,2,even,85.5035
48,1,A,Trapezoid,T1,4.8,5,1,odd,30.0373
48,1,A,Trapezoid,T1,4.8,6,2,even,36.4583
48,2,A,Trapezoid,T2,4.8,1,1,odd,57.0808
48,2,A,Trapezoid,T2,4.8,2,2,even,65.7852
48,2,A,Trapezoid,T2,4.8,3,1,odd,32.3917
48,2,A,Trapezoid,T2,4.8,4,2,even,31.7759
48,2,A,Trapezoid,T2,4.8,5,2,odd,28.6549
48,2,A,Trapezoid,T2,4.8,6,1,even,33.9255
49,2,B,Square,S1,1.866666667,1,0,odd,15.8135
49,2,B,Square,S1,1.866666667,2,0,even,28.0696
49,2,B,Square,S1,1.866666667,3,0,odd,38.4439
49,2,B,Square,S1,1.866666667,4,0,even,72.6415
49,2,B,Square,S1,1.866666667,5,0,odd,45.7392
49,2,B,Square,S1,1.866666667,6,0,even,27.1211
49,1,B,Square,S2,1.866666667,1,0,odd,61.2756
49,1,B,Square,S2,1.866666667,2,0,even,17.9652
49,1,B,Square,S2,1.866666667,3,0,odd,44.6147
49,1,B,Square,S2,1.866666667,4,0,even,36.203
49,1,B,Square,S2,1.866666667,5,0,odd,35.2685
49,1,B,Square,S2,1.866666667,6,0,even,28.5339
49,4,B,Trapezoid,T1,1.866666667,1,1,odd,45.9855
49,4,B,Trapezoid,T1,1.866666667,2,2,even,36.1682
49,4,B,Trapezoid,T1,1.866666667,3,1,odd,5.3625
49,4,B,Trapezoid,T1,1.866666667,4,2,even,30.9801
49,4,B,Trapezoid,T1,1.866666667,5,1,odd,14.0347
49,4,B,Trapezoid,T1,1.866666667,6,2,even,73.2237
49,3,B,Trapezoid,T2,1.866666667,1,1,odd,34.7333
49,3,B,Trapezoid,T2,1.866666667,2,2,even,44.13
49,3,B,Trapezoid,T2,1.866666667,3,1,odd,47.3485
49,3,B,Trapezoid,T2,1.866666667,4,2,even,73.7606
49,3,B,Trapezoid,T2,1.866666667,5,1,odd,39.5146
49,3,B,Trapezoid,T2,1.866666667,6,2,even,53.0794
50,1,A,Square,S1,5.2,1,0,odd,16.126
50,1,A,Square,S1,5.2,2,0,even,140.7055
50,1,A,Square,S1,5.2,3,0,odd,123.4115
50,1,A,Square,S1,5.2,4,0,even,96.7937
50,1,A,Square,S1,5.2,5,0,odd,69.6546
50,1,A,Square,S1,5.2,6,0,even,72.1493
50,4,A,Square,S2,5.2,1,0,odd,40.4364
50,4,A,Square,S2,5.2,2,0,even,9.0804
50,4,A,Square,S2,5.2,3,0,odd,48.7432
50,4,A,Square,S2,5.2,4,0,even,16.6871
50,4,A,Square,S2,5.2,5,0,odd,11.2038
50,4,A,Square,S2,5.2,6,0,even,5.9072
50,2,A,Trapezoid,T1,5.2,1,1,odd,14.711
50,2,A,Trapezoid,T1,5.2,2,2,even,45.3136
50,2,A,Trapezoid,T1,5.2,3,1,odd,30.2488
50,2,A,Trapezoid,T1,5.2,4,2,even,40.8717
50,2,A,Trapezoid,T1,5.2,5,1,odd,32.784
50,2,A,Trapezoid,T1,5.2,6,2,even,28.983
50,3,A,Trapezoid,T2,5.2,1,1,odd,59.8126
50,3,A,Trapezoid,T2,5.2,2,2,even,41.0204
50,3,A,Trapezoid,T2,5.2,3,1,odd,59.5179
50,3,A,Trapezoid,T2,5.2,4,2,even,12.3323
50,3,A,Trapezoid,T2,5.2,5,2,odd,15.2941
50,3,A,Trapezoid,T2,5.2,6,1,even,6.7627
51,4,B,Square,S1,2.4,1,0,odd,31.3626
51,4,B,Square,S1,2.4,2,0,even,117.2255
51,4,B,Square,S1,2.4,3,0,odd,39.3156
51,4,B,Square,S1,2.4,4,0,even,49.8411
51,4,B,Square,S1,2.4,5,0,odd,150.7945
51,4,B,Square,S1,2.4,6,0,even,66.8349
51,3,B,Square,S2,2.4,1,0,odd,55.7156
51,3,B,Square,S2,2.4,2,0,even,72.3153
51,3,B,Square,S2,2.4,3,0,odd,45.0663
51,3,B,Square,S2,2.4,4,0,even,72.8121
51,3,B,Square,S2,2.4,5,0,odd,42.7784
51,3,B,Square,S2,2.4,6,0,even,40.7509
51,1,B,Trapezoid,T1,2.4,1,1,odd,65.2814
51,1,B,Trapezoid,T1,2.4,2,2,even,103.4733
51,1,B,Trapezoid,T1,2.4,3,1,odd,58.0261
51,1,B,Trapezoid,T1,2.4,4,2,even,108.4626
51,1,B,Trapezoid,T1,2.4,5,1,odd,51.6862
51,1,B,Trapezoid,T1,2.4,6,2,even,13.373
51,2,B,Trapezoid,T2,2.4,1,1,odd,47.0955
51,2,B,Trapezoid,T2,2.4,2,2,even,37.8884
51,2,B,Trapezoid,T2,2.4,3,1,odd,52.5991
51,2,B,Trapezoid,T2,2.4,4,2,even,67.8894
51,2,B,Trapezoid,T2,2.4,5,1,odd,37.8877
51,2,B,Trapezoid,T2,2.4,6,2,even,45.7702
53,4,B,Square,S1,3.533333333,1,0,odd,34.1731
53,4,B,Square,S1,3.533333333,2,0,even,31.1367
53,4,B,Square,S1,3.533333333,3,0,odd,26.6211
53,4,B,Square,S1,3.533333333,4,0,even,35.5107
53,4,B,Square,S1,3.533333333,5,0,odd,37.0024
53,4,B,Square,S1,3.533333333,6,0,even,40.3487
53,3,B,Square,S2,3.533333333,1,0,odd,51.4178
53,3,B,Square,S2,3.533333333,2,0,even,64.2817
53,3,B,Square,S2,3.533333333,3,0,odd,48.0691
53,3,B,Square,S2,3.533333333,4,0,even,58.3106
53,3,B,Square,S2,3.533333333,5,0,odd,29.8347
53,3,B,Square,S2,3.533333333,6,0,even,67.5368
53,1,B,Trapezoid,T1,3.533333333,1,1,odd,73.2228
53,1,B,Trapezoid,T1,3.533333333,2,2,even,61.2502
53,1,B,Trapezoid,T1,3.533333333,3,1,odd,50.5709
53,1,B,Trapezoid,T1,3.533333333,4,2,even,76.9048
53,1,B,Trapezoid,T1,3.533333333,5,1,odd,34.4235
53,1,B,Trapezoid,T1,3.533333333,6,2,even,83.7976
53,2,B,Trapezoid,T2,3.533333333,1,1,odd,37.6746
53,2,B,Trapezoid,T2,3.533333333,2,2,even,91.3988
53,2,B,Trapezoid,T2,3.533333333,3,1,odd,31.9027
53,2,B,Trapezoid,T2,3.533333333,4,2,even,82.517
53,2,B,Trapezoid,T2,3.533333333,5,1,odd,47.4519
53,2,B,Trapezoid,T2,3.533333333,6,2,even,50.5035
54,3,A,Square,S1,5.4,1,0,odd,84.01
54,3,A,Square,S1,5.4,2,0,even,45.778
54,3,A,Square,S1,5.4,3,0,odd,38.071
54,3,A,Square,S1,5.4,4,0,even,9.6445
54,3,A,Square,S1,5.4,5,0,odd,4.0184
54,3,A,Square,S1,5.4,6,0,even,33.1763
54,4,A,Square,S2,5.4,1,0,odd,24.1439
54,4,A,Square,S2,5.4,2,0,even,24.6078
54,4,A,Square,S2,5.4,3,0,odd,4.072
54,4,A,Square,S2,5.4,4,0,even,14.7309
54,4,A,Square,S2,5.4,5,0,odd,43.9814
54,4,A,Square,S2,5.4,6,0,even,29.2549
54,1,A,Trapezoid,T1,5.4,1,1,odd,19.7312
54,1,A,Trapezoid,T1,5.4,2,2,even,51.5192
54,1,A,Trapezoid,T1,5.4,3,1,odd,41.2247
54,1,A,Trapezoid,T1,5.4,4,2,even,17.959
54,1,A,Trapezoid,T1,5.4,5,1,odd,8.5985
54,1,A,Trapezoid,T1,5.4,6,2,even,58.4254
54,2,A,Trapezoid,T2,5.4,1,1,odd,49.5692
54,2,A,Trapezoid,T2,5.4,2,2,even,46.2436
54,2,A,Trapezoid,T2,5.4,3,1,odd,31.7253
54,2,A,Trapezoid,T2,5.4,4,2,even,7.0882
54,2,A,Trapezoid,T2,5.4,5,2,odd,39.8235
54,2,A,Trapezoid,T2,5.4,6,1,even,33.5335
55,4,B,Square,S1,4.266666667,1,0,odd,217.9155
55,4,B,Square,S1,4.266666667,2,0,even,106.9667
55,4,B,Square,S1,4.266666667,3,0,odd,106.5394
55,4,B,Square,S1,4.266666667,4,0,even,132.5406
55,4,B,Square,S1,4.266666667,5,0,odd,116.3912
55,4,B,Square,S1,4.266666667,6,0,even,102.5931
55,3,B,Square,S2,4.266666667,1,0,odd,15.7383
55,3,B,Square,S2,4.266666667,2,0,even,43.4261
55,3,B,Square,S2,4.266666667,3,0,odd,99.0999
55,3,B,Square,S2,4.266666667,4,0,even,66.4369
55,3,B,Square,S2,4.266666667,5,0,odd,84.8132
55,3,B,Square,S2,4.266666667,6,0,even,29.5631
55,2,B,Trapezoid,T1,4.266666667,1,1,odd,83.764
55,2,B,Trapezoid,T1,4.266666667,2,2,even,79.1803
55,2,B,Trapezoid,T1,4.266666667,3,1,odd,43.2598
55,2,B,Trapezoid,T1,4.266666667,4,2,even,100.0893
55,2,B,Trapezoid,T1,4.266666667,5,1,odd,89.4054
55,2,B,Trapezoid,T1,4.266666667,6,2,even,146.9574
55,1,B,Trapezoid,T2,4.266666667,1,1,odd,163.5508
55,1,B,Trapezoid,T2,4.266666667,2,2,even,150.1771
55,1,B,Trapezoid,T2,4.266666667,3,1,odd,162.8562
55,1,B,Trapezoid,T2,4.266666667,4,2,even,213.545
55,1,B,Trapezoid,T2,4.266666667,5,1,odd,55.7305
55,1,B,Trapezoid,T2,4.266666667,6,2,even,60.9059
56,3,A,Square,S1,4.066666667,1,0,odd,22.7651
56,3,A,Square,S1,4.066666667,2,0,even,16.1601
56,3,A,Square,S1,4.066666667,3,0,odd,47.9407
56,3,A,Square,S1,4.066666667,4,0,even,30.0079
56,3,A,Square,S1,4.066666667,5,0,odd,41.9357
56,3,A,Square,S1,4.066666667,6,0,even,15.805
56,4,A,Square,S2,4.066666667,1,0,odd,16.1068
56,4,A,Square,S2,4.066666667,2,0,even,50.4508
56,4,A,Square,S2,4.066666667,3,0,odd,52.1411
56,4,A,Square,S2,4.066666667,4,0,even,14.5026
56,4,A,Square,S2,4.066666667,5,0,odd,66.5561
56,4,A,Square,S2,4.066666667,6,0,even,20.5935
56,1,A,Trapezoid,T1,4.066666667,1,1,odd,74.8044
56,1,A,Trapezoid,T1,4.066666667,2,2,even,144.6677
56,1,A,Trapezoid,T1,4.066666667,3,1,odd,76.7598
56,1,A,Trapezoid,T1,4.066666667,4,2,even,79.4027
56,1,A,Trapezoid,T1,4.066666667,5,1,odd,50.573
56,1,A,Trapezoid,T1,4.066666667,6,2,even,98.4023
56,2,A,Trapezoid,T2,4.066666667,1,1,odd,93.1648
56,2,A,Trapezoid,T2,4.066666667,2,2,even,156.5301
56,2,A,Trapezoid,T2,4.066666667,3,1,odd,39.198
56,2,A,Trapezoid,T2,4.066666667,4,2,even,52.3266
56,2,A,Trapezoid,T2,4.066666667,5,2,odd,70.6893
56,2,A,Trapezoid,T2,4.066666667,6,1,even,65.5311
57,4,B,Square,S1,5.6,1,0,odd,14.5844
57,4,B,Square,S1,5.6,2,0,even,66.5503
57,4,B,Square,S1,5.6,3,0,odd,27.5756
57,4,B,Square,S1,5.6,4,0,even,15.327
57,4,B,Square,S1,5.6,5,0,odd,43.6991
57,4,B,Square,S1,5.6,6,0,even,38.9021
57,3,B,Square,S2,5.6,1,0,odd,26.9248
57,3,B,Square,S2,5.6,2,0,even,22.7772
57,3,B,Square,S2,5.6,3,0,odd,53.0828
57,3,B,Square,S2,5.6,4,0,even,17.9945
57,3,B,Square,S2,5.6,5,0,odd,8.0361
57,3,B,Square,S2,5.6,6,0,even,44.2116
58,3,A,Square,S1,4.333333333,1,0,odd,50.7286
58,3,A,Square,S1,4.333333333,2,0,even,22.6083
58,3,A,Square,S1,4.333333333,3,0,odd,30.9146
58,3,A,Square,S1,4.333333333,4,0,even,32.5574
58,3,A,Square,S1,4.333333333,5,0,odd,25.3621
58,3,A,Square,S1,4.333333333,6,0,even,34.3284
58,2,A,Square,S2,4.333333333,1,0,odd,42.0398
58,2,A,Square,S2,4.333333333,2,0,even,33.9717
58,2,A,Square,S2,4.333333333,3,0,odd,39.1012
58,2,A,Square,S2,4.333333333,4,0,even,27.4309
58,2,A,Square,S2,4.333333333,5,0,odd,32.4534
58,2,A,Square,S2,4.333333333,6,0,even,33.1246
58,1,A,Trapezoid,T1,4.333333333,1,1,odd,48.1101
58,1,A,Trapezoid,T1,4.333333333,2,2,even,107.5883
58,1,A,Trapezoid,T1,4.333333333,3,1,odd,16.9686
58,1,A,Trapezoid,T1,4.333333333,4,2,even,46.7733
58,1,A,Trapezoid,T1,4.333333333,5,1,odd,61.1204
58,1,A,Trapezoid,T1,4.333333333,6,2,even,66.142
58,4,A,Trapezoid,T2,4.333333333,1,1,odd,66.2761
58,4,A,Trapezoid,T2,4.333333333,2,2,even,87.1121
58,4,A,Trapezoid,T2,4.333333333,3,1,odd,53.4046
58,4,A,Trapezoid,T2,4.333333333,4,2,even,46.5499
58,4,A,Trapezoid,T2,4.333333333,5,2,odd,25.3512
58,4,A,Trapezoid,T2,4.333333333,6,1,even,39.0417
59,2,B,Square,S1,5.133333333,1,0,odd,23.956
59,2,B,Square,S1,5.133333333,2,0,even,50.3187
59,2,B,Square,S1,5.133333333,3,0,odd,53.9109
59,2,B,Square,S1,5.133333333,4,0,even,23.0471
59,2,B,Square,S1,5.133333333,5,0,odd,27.1456
59,2,B,Square,S1,5.133333333,6,0,even,43.3307
59,1,B,Square,S2,5.133333333,1,0,odd,17.4403
59,1,B,Square,S2,5.133333333,2,0,even,24.4004
59,1,B,Square,S2,5.133333333,3,0,odd,3.2889
59,1,B,Square,S2,5.133333333,4,0,even,26.3182
59,1,B,Square,S2,5.133333333,5,0,odd,21.7685
59,1,B,Square,S2,5.133333333,6,0,even,8.3941
59,3,B,Trapezoid,T1,5.133333333,1,1,odd,33.9931
59,3,B,Trapezoid,T1,5.133333333,2,2,even,13.1562
59,3,B,Trapezoid,T1,5.133333333,3,1,odd,37.4076
59,3,B,Trapezoid,T1,5.133333333,4,2,even,8.0149
59,3,B,Trapezoid,T1,5.133333333,5,1,odd,38.7548
59,3,B,Trapezoid,T1,5.133333333,6,2,even,43.1077
59,4,B,Trapezoid,T2,5.133333333,1,1,odd,29.8899
59,4,B,Trapezoid,T2,5.133333333,2,2,even,10.7063
59,4,B,Trapezoid,T2,5.133333333,3,1,odd,18.2832
59,4,B,Trapezoid,T2,5.133333333,4,2,even,26.2745
59,4,B,Trapezoid,T2,5.133333333,5,1,odd,14.0979
59,4,B,Trapezoid,T2,5.133333333,6,2,even,52.1896
60,3,A,Square,S1,3.6,1,0,odd,89.3746
60,3,A,Square,S1,3.6,2,0,even,15.75
60,3,A,Square,S1,3.6,3,0,odd,64.7784
60,3,A,Square,S1,3.6,4,0,even,39.8313
60,3,A,Square,S1,3.6,5,0,odd,39.1215
60,3,A,Square,S1,3.6,6,0,even,18.1681
60,2,A,Square,S2,3.6,1,0,odd,60.0601
60,2,A,Square,S2,3.6,2,0,even,28.8372
60,2,A,Square,S2,3.6,3,0,odd,47.5144
60,2,A,Square,S2,3.6,4,0,even,21
60,2,A,Square,S2,3.6,5,0,odd,64.0888
60,2,A,Square,S2,3.6,6,0,even,36.4593
60,1,A,Trapezoid,T1,3.6,1,1,odd,100.8984
60,1,A,Trapezoid,T1,3.6,2,2,even,69.1115
60,1,A,Trapezoid,T1,3.6,3,1,odd,70.7904
60,1,A,Trapezoid,T1,3.6,4,2,even,22.2113
60,1,A,Trapezoid,T1,3.6,5,1,odd,49.8333
60,1,A,Trapezoid,T1,3.6,6,2,even,52.2053
61,3,B,Square,S2,4,1,0,odd,26.8044
61,3,B,Square,S2,4,2,0,even,41.3922
61,3,B,Square,S2,4,3,0,odd,64.0903
61,3,B,Square,S2,4,4,0,even,60.9873
61,3,B,Square,S2,4,5,0,odd,32.4433
61,3,B,Square,S2,4,6,0,even,76.4179
61,2,B,Trapezoid,T1,4,1,1,odd,15.7188
61,2,B,Trapezoid,T1,4,2,2,even,38.2908
61,2,B,Trapezoid,T1,4,3,1,odd,12.9939
61,2,B,Trapezoid,T1,4,4,2,even,48.1904
61,2,B,Trapezoid,T1,4,5,1,odd,9.7442
61,2,B,Trapezoid,T1,4,6,2,even,73.5735
61,1,B,Trapezoid,T2,4,1,1,odd,70.4827
61,1,B,Trapezoid,T2,4,2,2,even,44.0556
61,1,B,Trapezoid,T2,4,3,1,odd,205.8232
61,1,B,Trapezoid,T2,4,4,2,even,136.1885
61,1,B,Trapezoid,T2,4,5,1,odd,46.3401
61,1,B,Trapezoid,T2,4,6,2,even,142.7259
62,1,A,Square,S1,5.466666667,1,0,odd,23.8078
62,1,A,Square,S1,5.466666667,2,0,even,10.0427
62,1,A,Square,S1,5.466666667,3,0,odd,23.0271
62,1,A,Square,S1,5.466666667,4,0,even,23.8717
62,1,A,Square,S1,5.466666667,5,0,odd,16.3054
62,1,A,Square,S1,5.466666667,6,0,even,9.677
62,4,A,Square,S2,5.466666667,1,0,odd,34.6318
62,4,A,Square,S2,5.466666667,2,0,even,18.9417
62,4,A,Square,S2,5.466666667,3,0,odd,28.6708
62,4,A,Square,S2,5.466666667,4,0,even,15.571
62,4,A,Square,S2,5.466666667,5,0,odd,15.746
62,4,A,Square,S2,5.466666667,6,0,even,48.9342
62,3,A,Trapezoid,T1,5.466666667,1,1,odd,39.167
62,3,A,Trapezoid,T1,5.466666667,2,2,even,53.0826
62,3,A,Trapezoid,T1,5.466666667,3,1,odd,30.7946
62,3,A,Trapezoid,T1,5.466666667,4,2,even,48.4364
62,3,A,Trapezoid,T1,5.466666667,5,1,odd,40.5126
62,3,A,Trapezoid,T1,5.466666667,6,2,even,39.4832
62,2,A,Trapezoid,T2,5.466666667,1,1,odd,69.7835
62,2,A,Trapezoid,T2,5.466666667,2,2,even,61.0437
62,2,A,Trapezoid,T2,5.466666667,3,1,odd,85.0419
62,2,A,Trapezoid,T2,5.466666667,4,2,even,3.7948
62,2,A,Trapezoid,T2,5.466666667,5,2,odd,14.5505
62,2,A,Trapezoid,T2,5.466666667,6,1,even,43.5007
63,2,B,Square,S1,2.2,1,0,odd,40.4335
63,2,B,Square,S1,2.2,2,0,even,62.7427
63,2,B,Square,S1,2.2,3,0,odd,37.459
63,2,B,Square,S1,2.2,4,0,even,57.0146
63,2,B,Square,S1,2.2,5,0,odd,46.772
63,2,B,Square,S1,2.2,6,0,even,91.1775
63,1,B,Square,S2,2.2,1,0,odd,32.2258
63,1,B,Square,S2,2.2,2,0,even,31.3372
63,1,B,Square,S2,2.2,3,0,odd,52.2719
63,1,B,Square,S2,2.2,4,0,even,37.6322
63,1,B,Square,S2,2.2,5,0,odd,25.1306
63,1,B,Square,S2,2.2,6,0,even,52.811
63,4,B,Trapezoid,T1,2.2,1,1,odd,35.7731
63,4,B,Trapezoid,T1,2.2,2,2,even,19.7781
63,4,B,Trapezoid,T1,2.2,3,1,odd,10.431
63,4,B,Trapezoid,T1,2.2,4,2,even,26.2259
63,4,B,Trapezoid,T1,2.2,5,1,odd,18.3402
63,4,B,Trapezoid,T1,2.2,6,2,even,39.7251
63,3,B,Trapezoid,T2,2.2,1,1,odd,31.8316
63,3,B,Trapezoid,T2,2.2,2,2,even,11.9381
63,3,B,Trapezoid,T2,2.2,3,1,odd,6.4472
63,3,B,Trapezoid,T2,2.2,4,2,even,3.9873
63,3,B,Trapezoid,T2,2.2,5,1,odd,28.9269
63,3,B,Trapezoid,T2,2.2,6,2,even,23.2557
64,4,A,Square,S1,5.333333333,1,0,odd,38.8636
64,4,A,Square,S1,5.333333333,2,0,even,12.8005
64,4,A,Square,S1,5.333333333,3,0,odd,39.4637
64,4,A,Square,S1,5.333333333,4,0,even,18.595
64,4,A,Square,S1,5.333333333,5,0,odd,21.6959
64,4,A,Square,S1,5.333333333,6,0,even,24.5901
64,2,A,Square,S2,5.333333333,1,0,odd,10.2048
64,2,A,Square,S2,5.333333333,2,0,even,46.1451
64,2,A,Square,S2,5.333333333,3,0,odd,10.3195
64,2,A,Square,S2,5.333333333,4,0,even,5.3429
64,2,A,Square,S2,5.333333333,5,0,odd,24.0264
64,2,A,Square,S2,5.333333333,6,0,even,51.4491
64,1,A,Trapezoid,T1,5.333333333,1,1,odd,122.8277
64,1,A,Trapezoid,T1,5.333333333,2,2,even,117.3017
64,1,A,Trapezoid,T1,5.333333333,3,1,odd,135.6312
64,1,A,Trapezoid,T1,5.333333333,4,2,even,45.2323
64,1,A,Trapezoid,T1,5.333333333,5,1,odd,139.4469
64,1,A,Trapezoid,T1,5.333333333,6,2,even,327.2359
64,3,A,Trapezoid,T2,5.333333333,1,1,odd,81.2068
64,3,A,Trapezoid,T2,5.333333333,2,2,even,71.9379
64,3,A,Trapezoid,T2,5.333333333,3,1,odd,24.6846
64,3,A,Trapezoid,T2,5.333333333,4,2,even,60.264
64,3,A,Trapezoid,T2,5.333333333,5,2,odd,97.085
64,3,A,Trapezoid,T2,5.333333333,6,1,even,68.2177
65,1,B,Square,S1,4.857142857,1,0,odd,29.5504
65,1,B,Square,S1,4.857142857,2,0,even,61.0418
65,1,B,Square,S1,4.857142857,3,0,odd,61.8793
65,1,B,Square,S1,4.857142857,4,0,even,67.7382
65,1,B,Square,S1,4.857142857,5,0,odd,50.4527
65,1,B,Square,S1,4.857142857,6,0,even,91.9183
65,3,B,Square,S2,4.857142857,1,0,odd,43.6538
65,3,B,Square,S2,4.857142857,2,0,even,102.3894
65,3,B,Square,S2,4.857142857,3,0,odd,43.6941
65,3,B,Square,S2,4.857142857,4,0,even,84.8193
65,3,B,Square,S2,4.857142857,5,0,odd,11.2849
65,3,B,Square,S2,4.857142857,6,0,even,22.0371
65,2,B,Trapezoid,T1,4.857142857,1,1,odd,39.5042
65,2,B,Trapezoid,T1,4.857142857,2,2,even,67.2028
65,2,B,Trapezoid,T1,4.857142857,3,1,odd,34.8477
65,2,B,Trapezoid,T1,4.857142857,4,2,even,33.4458
65,2,B,Trapezoid,T1,4.857142857,5,1,odd,12.1474
65,2,B,Trapezoid,T1,4.857142857,6,2,even,53.9296
65,4,B,Trapezoid,T2,4.857142857,1,1,odd,47.2057
65,4,B,Trapezoid,T2,4.857142857,2,2,even,38.1207
65,4,B,Trapezoid,T2,4.857142857,3,1,odd,14.4493
65,4,B,Trapezoid,T2,4.857142857,4,2,even,28.7198
65,4,B,Trapezoid,T2,4.857142857,5,1,odd,45.1016
65,4,B,Trapezoid,T2,4.857142857,6,2,even,44.5116
66,2,A,Square,S1,5.2,1,0,odd,37.6034
66,2,A,Square,S1,5.2,2,0,even,11.4567
66,2,A,Square,S1,5.2,3,0,odd,13.2724
66,2,A,Square,S1,5.2,4,0,even,38.0205
66,2,A,Square,S1,5.2,5,0,odd,46.208
66,2,A,Square,S1,5.2,6,0,even,40.53
66,4,A,Square,S2,5.2,1,0,odd,61.9175
66,4,A,Square,S2,5.2,2,0,even,21.3073
66,4,A,Square,S2,5.2,3,0,odd,27.2156
66,4,A,Square,S2,5.2,4,0,even,48.1067
66,4,A,Square,S2,5.2,5,0,odd,64.353
66,4,A,Square,S2,5.2,6,0,even,34.0358
66,3,A,Trapezoid,T1,5.2,1,1,odd,37.7224
66,3,A,Trapezoid,T1,5.2,2,2,even,52.5834
66,3,A,Trapezoid,T1,5.2,3,1,odd,19.0028
66,3,A,Trapezoid,T1,5.2,4,2,even,68.926
66,3,A,Trapezoid,T1,5.2,5,1,odd,52.0077
66,3,A,Trapezoid,T1,5.2,6,2,even,23.9252
66,1,A,Trapezoid,T2,5.2,1,1,odd,102.6751
66,1,A,Trapezoid,T2,5.2,2,2,even,111.0451
66,1,A,Trapezoid,T2,5.2,3,1,odd,23.236
66,1,A,Trapezoid,T2,5.2,4,2,even,56.427
66,1,A,Trapezoid,T2,5.2,5,2,odd,61.6679
66,1,A,Trapezoid,T2,5.2,6,1,even,55.3292
67,3,B,Square,S1,4.066666667,1,0,odd,44.524
67,3,B,Square,S1,4.066666667,2,0,even,35.6325
67,3,B,Square,S1,4.066666667,3,0,odd,44.9748
67,3,B,Square,S1,4.066666667,4,0,even,80.6236
67,3,B,Square,S1,4.066666667,5,0,odd,52.6415
67,3,B,Square,S1,4.066666667,6,0,even,74.8345
67,1,B,Square,S2,4.066666667,1,0,odd,199.1556
67,1,B,Square,S2,4.066666667,2,0,even,63.1591
67,1,B,Square,S2,4.066666667,3,0,odd,111.335
67,1,B,Square,S2,4.066666667,4,0,even,126.5114
67,1,B,Square,S2,4.066666667,5,0,odd,168.128
67,1,B,Square,S2,4.066666667,6,0,even,132.7081
67,4,B,Trapezoid,T1,4.066666667,1,1,odd,92.3367
67,4,B,Trapezoid,T1,4.066666667,2,2,even,79.1196
67,4,B,Trapezoid,T1,4.066666667,3,1,odd,50.5221
67,4,B,Trapezoid,T1,4.066666667,4,2,even,134.9531
67,4,B,Trapezoid,T1,4.066666667,5,1,odd,65.7912
67,4,B,Trapezoid,T1,4.066666667,6,2,even,131.0704
67,2,B,Trapezoid,T2,4.066666667,1,1,odd,32.4496
67,2,B,Trapezoid,T2,4.066666667,2,2,even,36.9071
67,2,B,Trapezoid,T2,4.066666667,3,1,odd,25.8385
67,2,B,Trapezoid,T2,4.066666667,4,2,even,38.4239
67,2,B,Trapezoid,T2,4.066666667,5,1,odd,17.9186
67,2,B,Trapezoid,T2,4.066666667,6,2,even,17.0689
68,3,A,Square,S1,4.933333333,1,0,odd,66.9227
68,3,A,Square,S1,4.933333333,2,0,even,13.4415
68,3,A,Square,S1,4.933333333,3,0,odd,23.3068
68,3,A,Square,S1,4.933333333,4,0,even,25.6628
68,3,A,Square,S1,4.933333333,5,0,odd,42.2125
68,3,A,Square,S1,4.933333333,6,0,even,11.3844
68,4,A,Square,S2,4.933333333,1,0,odd,31.0696
68,4,A,Square,S2,4.933333333,2,0,even,28.5282
68,4,A,Square,S2,4.933333333,3,0,odd,22.1638
68,4,A,Square,S2,4.933333333,4,0,even,18.1209
68,4,A,Square,S2,4.933333333,5,0,odd,36.0672
68,4,A,Square,S2,4.933333333,6,0,even,11.9123
68,2,A,Trapezoid,T1,4.933333333,1,1,odd,52.3571
68,2,A,Trapezoid,T1,4.933333333,2,2,even,43.4185
68,2,A,Trapezoid,T1,4.933333333,3,1,odd,26.0011
68,2,A,Trapezoid,T1,4.933333333,4,2,even,21.4087
68,2,A,Trapezoid,T1,4.933333333,5,1,odd,55.7293
68,2,A,Trapezoid,T1,4.933333333,6,2,even,6.6239
68,1,A,Trapezoid,T2,4.933333333,1,1,odd,68.0994
68,1,A,Trapezoid,T2,4.933333333,2,2,even,75.9996
68,1,A,Trapezoid,T2,4.933333333,3,1,odd,49.9013
68,1,A,Trapezoid,T2,4.933333333,4,2,even,53.0071
68,1,A,Trapezoid,T2,4.933333333,5,2,odd,46.2013
68,1,A,Trapezoid,T2,4.933333333,6,1,even,43.9956
69,4,B,Square,S1,5.533333333,1,0,odd,30.0292
69,4,B,Square,S1,5.533333333,2,0,even,45.7517
69,4,B,Square,S1,5.533333333,3,0,odd,12.3848
69,4,B,Square,S1,5.533333333,4,0,even,17.6536
69,4,B,Square,S1,5.533333333,5,0,odd,17.0647
69,4,B,Square,S1,5.533333333,6,0,even,29.2203
69,1,B,Square,S2,5.533333333,1,0,odd,1.0229
69,1,B,Square,S2,5.533333333,2,0,even,37.5916
69,1,B,Square,S2,5.533333333,3,0,odd,5.1451
69,1,B,Square,S2,5.533333333,4,0,even,24.5261
69,1,B,Square,S2,5.533333333,5,0,odd,27.6051
69,1,B,Square,S2,5.533333333,6,0,even,31.8805
69,3,B,Trapezoid,T1,5.533333333,1,1,odd,8.4372
69,3,B,Trapezoid,T1,5.533333333,2,2,even,42.584
69,3,B,Trapezoid,T1,5.533333333,3,1,odd,31.205
69,3,B,Trapezoid,T1,5.533333333,4,2,even,15.7837
69,3,B,Trapezoid,T1,5.533333333,5,1,odd,10.3347
69,3,B,Trapezoid,T1,5.533333333,6,2,even,43.3715
69,2,B,Trapezoid,T2,5.533333333,1,1,odd,28.1565
69,2,B,Trapezoid,T2,5.533333333,2,2,even,0.8871
69,2,B,Trapezoid,T2,5.533333333,3,1,odd,13.2569
69,2,B,Trapezoid,T2,5.533333333,4,2,even,27.2093
69,2,B,Trapezoid,T2,5.533333333,5,1,odd,17.4354
69,2,B,Trapezoid,T2,5.533333333,6,2,even,42.3537
70,1,A,Square,S1,4.571428571,1,0,odd,10.0272
70,1,A,Square,S1,4.571428571,2,0,even,7.1581
70,1,A,Square,S1,4.571428571,3,0,odd,17.5984
70,1,A,Square,S1,4.571428571,4,0,even,16.1175
70,1,A,Square,S1,4.571428571,5,0,odd,22.5193
70,1,A,Square,S1,4.571428571,6,0,even,10.7053
70,2,A,Square,S2,4.571428571,1,0,odd,51.2728
70,2,A,Square,S2,4.571428571,2,0,even,55.3682
70,2,A,Square,S2,4.571428571,3,0,odd,33.5448
70,2,A,Square,S2,4.571428571,4,0,even,14.3114
70,2,A,Square,S2,4.571428571,5,0,odd,94.5441
70,2,A,Square,S2,4.571428571,6,0,even,25.7188
70,4,A,Trapezoid,T1,4.571428571,1,1,odd,69.62
70,4,A,Trapezoid,T1,4.571428571,2,2,even,68.0455
70,4,A,Trapezoid,T1,4.571428571,3,1,odd,104.3966
70,4,A,Trapezoid,T1,4.571428571,4,2,even,150.6217
70,4,A,Trapezoid,T1,4.571428571,5,1,odd,105.4126
70,4,A,Trapezoid,T1,4.571428571,6,2,even,73.9384
70,3,A,Trapezoid,T2,4.571428571,1,1,odd,34.1707
70,3,A,Trapezoid,T2,4.571428571,2,2,even,5.9856
70,3,A,Trapezoid,T2,4.571428571,3,1,odd,90.0732
70,3,A,Trapezoid,T2,4.571428571,4,2,even,31.4023
70,3,A,Trapezoid,T2,4.571428571,5,2,odd,22.8773
70,3,A,Trapezoid,T2,4.571428571,6,1,even,29.1723
71,2,B,Square,S1,5.466666667,1,0,odd,20.1493
71,2,B,Square,S1,5.466666667,2,0,even,54.0529
71,2,B,Square,S1,5.466666667,3,0,odd,58.7733
71,2,B,Square,S1,5.466666667,4,0,even,56.6008
71,2,B,Square,S1,5.466666667,5,0,odd,66.7048
71,2,B,Square,S1,5.466666667,6,0,even,85.16
71,3,B,Square,S2,5.466666667,1,0,odd,41.5036
71,3,B,Square,S2,5.466666667,2,0,even,7.1487
71,3,B,Square,S2,5.466666667,3,0,odd,53.0138
71,3,B,Square,S2,5.466666667,4,0,even,59.9439
71,3,B,Square,S2,5.466666667,5,0,odd,39.4733
71,3,B,Square,S2,5.466666667,6,0,even,77.8377
71,1,B,Trapezoid,T1,5.466666667,1,1,odd,62.2945
71,1,B,Trapezoid,T1,5.466666667,2,2,even,85.4038
71,1,B,Trapezoid,T1,5.466666667,3,1,odd,56.9854
71,1,B,Trapezoid,T1,5.466666667,4,2,even,50.4488
71,1,B,Trapezoid,T1,5.466666667,5,1,odd,36.2098
71,1,B,Trapezoid,T1,5.466666667,6,2,even,102.8396
71,4,B,Trapezoid,T2,5.466666667,1,1,odd,46.8543
71,4,B,Trapezoid,T2,5.466666667,2,2,even,52.5222
71,4,B,Trapezoid,T2,5.466666667,3,1,odd,32.5868
71,4,B,Trapezoid,T2,5.466666667,4,2,even,25.2159
71,4,B,Trapezoid,T2,5.466666667,5,1,odd,53.5735
71,4,B,Trapezoid,T2,5.466666667,6,2,even,39.8756
72,2,A,Square,S1,4.333333333,1,0,odd,18.1958
72,2,A,Square,S1,4.333333333,2,0,even,22.8668
72,2,A,Square,S1,4.333333333,3,0,odd,41.7591
72,2,A,Square,S1,4.333333333,4,0,even,20.3425
72,2,A,Square,S1,4.333333333,5,0,odd,47.3922
72,2,A,Square,S1,4.333333333,6,0,even,22.5066
72,1,A,Square,S2,4.333333333,1,0,odd,69.6403
72,1,A,Square,S2,4.333333333,2,0,even,33.1231
72,1,A,Square,S2,4.333333333,3,0,odd,59.4517
72,1,A,Square,S2,4.333333333,4,0,even,10.13
72,1,A,Square,S2,4.333333333,5,0,odd,71.7614
72,1,A,Square,S2,4.333333333,6,0,even,104.0055
72,4,A,Trapezoid,T1,4.333333333,1,1,odd,29.3488
72,4,A,Trapezoid,T1,4.333333333,2,2,even,30.9176
72,4,A,Trapezoid,T1,4.333333333,3,1,odd,11.5505
72,4,A,Trapezoid,T1,4.333333333,4,2,even,33.7641
72,4,A,Trapezoid,T1,4.333333333,5,1,odd,23.6004
72,4,A,Trapezoid,T1,4.333333333,6,2,even,24.7584
72,3,A,Trapezoid,T2,4.333333333,1,1,odd,26.2187
72,3,A,Trapezoid,T2,4.333333333,2,2,even,31.7127
72,3,A,Trapezoid,T2,4.333333333,3,1,odd,27.856
72,3,A,Trapezoid,T2,4.333333333,4,2,even,66.3419
72,3,A,Trapezoid,T2,4.333333333,5,2,odd,41.7801
72,3,A,Trapezoid,T2,4.333333333,6,1,even,44.4874
73,3,B,Square,S1,4.6,1,0,odd,96.9836
73,3,B,Square,S1,4.6,2,0,even,37.8734
73,3,B,Square,S1,4.6,3,0,odd,18.8255
73,3,B,Square,S1,4.6,4,0,even,105.6828
73,3,B,Square,S1,4.6,5,0,odd,58.3409
73,3,B,Square,S1,4.6,6,0,even,39.5076
73,2,B,Square,S2,4.6,1,0,odd,123.2027
73,2,B,Square,S2,4.6,2,0,even,26.8899
73,2,B,Square,S2,4.6,3,0,odd,76.2949
73,2,B,Square,S2,4.6,4,0,even,10.9302
73,2,B,Square,S2,4.6,5,0,odd,45.0377
73,2,B,Square,S2,4.6,6,0,even,37.713
73,1,B,Trapezoid,T1,4.6,1,1,odd,124.1513
73,1,B,Trapezoid,T1,4.6,2,2,even,110.6726
73,1,B,Trapezoid,T1,4.6,3,1,odd,66.1604
73,1,B,Trapezoid,T1,4.6,4,2,even,121.6767
73,1,B,Trapezoid,T1,4.6,5,1,odd,67.424
73,1,B,Trapezoid,T1,4.6,6,2,even,111.4335
73,4,B,Trapezoid,T2,4.6,1,1,odd,43.0075
73,4,B,Trapezoid,T2,4.6,2,2,even,56.5512
73,4,B,Trapezoid,T2,4.6,3,1,odd,56.4736
73,4,B,Trapezoid,T2,4.6,4,2,even,25.5309
73,4,B,Trapezoid,T2,4.6,5,1,odd,56.9874
73,4,B,Trapezoid,T2,4.6,6,2,even,94.5723
74,4,A,Square,S1,4.733333333,1,0,odd,78.9564
74,4,A,Square,S1,4.733333333,2,0,even,10.4115
74,4,A,Square,S1,4.733333333,3,0,odd,46.4162
74,4,A,Square,S1,4.733333333,4,0,even,23.5922
74,4,A,Square,S1,4.733333333,5,0,odd,51.0586
74,4,A,Square,S1,4.733333333,6,0,even,25.3552
74,3,A,Square,S2,4.733333333,1,0,odd,36.5598
74,3,A,Square,S2,4.733333333,2,0,even,35.4698
74,3,A,Square,S2,4.733333333,3,0,odd,39.0818
74,3,A,Square,S2,4.733333333,4,0,even,2.044
74,3,A,Square,S2,4.733333333,5,0,odd,53.7825
74,3,A,Square,S2,4.733333333,6,0,even,48.4451
74,2,A,Trapezoid,T1,4.733333333,1,1,odd,62.9225
74,2,A,Trapezoid,T1,4.733333333,2,2,even,97.0181
74,2,A,Trapezoid,T1,4.733333333,3,1,odd,40.8092
74,2,A,Trapezoid,T1,4.733333333,4,2,even,47.384
74,2,A,Trapezoid,T1,4.733333333,5,1,odd,69.0975
74,2,A,Trapezoid,T1,4.733333333,6,2,even,102.2034
74,1,A,Trapezoid,T2,4.733333333,1,1,odd,63.1435
74,1,A,Trapezoid,T2,4.733333333,2,2,even,85.3888
74,1,A,Trapezoid,T2,4.733333333,3,1,odd,28.2685
74,1,A,Trapezoid,T2,4.733333333,4,2,even,27.5165
74,1,A,Trapezoid,T2,4.733333333,5,2,odd,59.0529
74,1,A,Trapezoid,T2,4.733333333,6,1,even,44.9695
75,1,B,Square,S1,4.466666667,1,0,odd,27.8216
75,1,B,Square,S1,4.466666667,2,0,even,12.5186
75,1,B,Square,S1,4.466666667,3,0,odd,58.7724
75,1,B,Square,S1,4.466666667,4,0,even,106.8681
75,1,B,Square,S1,4.466666667,5,0,odd,59.9584
75,1,B,Square,S1,4.466666667,6,0,even,71.9717
75,4,B,Square,S2,4.466666667,1,0,odd,42.3072
75,4,B,Square,S2,4.466666667,2,0,even,63.539
75,4,B,Square,S2,4.466666667,3,0,odd,56.6774
75,4,B,Square,S2,4.466666667,4,0,even,102.0154
75,4,B,Square,S2,4.466666667,5,0,odd,20.7252
75,4,B,Square,S2,4.466666667,6,0,even,52.2109
75,3,B,Trapezoid,T1,4.466666667,1,1,odd,10.689
75,3,B,Trapezoid,T1,4.466666667,2,2,even,40.9515
75,3,B,Trapezoid,T1,4.466666667,3,1,odd,18.6541
75,3,B,Trapezoid,T1,4.466666667,4,2,even,14.2024
75,3,B,Trapezoid,T1,4.466666667,5,1,odd,20.948
75,3,B,Trapezoid,T1,4.466666667,6,2,even,52.6466
75,2,B,Trapezoid,T2,4.466666667,1,1,odd,31.406
75,2,B,Trapezoid,T2,4.466666667,2,2,even,18.0645
75,2,B,Trapezoid,T2,4.466666667,3,1,odd,33.3702
75,2,B,Trapezoid,T2,4.466666667,4,2,even,51.6156
75,2,B,Trapezoid,T2,4.466666667,5,1,odd,29.6695
75,2,B,Trapezoid,T2,4.466666667,6,2,even,86.6524
76,3,A,Square,S1,2,1,0,odd,50.7175
76,3,A,Square,S1,2,2,0,even,23.807
76,3,A,Square,S1,2,3,0,odd,53.0115
76,3,A,Square,S1,2,4,0,even,14.2216
76,3,A,Square,S1,2,5,0,odd,62.8344
76,3,A,Square,S1,2,6,0,even,39.7921
76,4,A,Square,S2,2,1,0,odd,20.0559
76,4,A,Square,S2,2,2,0,even,37.1962
76,4,A,Square,S2,2,3,0,odd,11.0348
76,4,A,Square,S2,2,4,0,even,32.0059
76,4,A,Square,S2,2,5,0,odd,14.4392
76,4,A,Square,S2,2,6,0,even,29.5407
76,1,A,Trapezoid,T1,2,1,1,odd,43.0388
76,1,A,Trapezoid,T1,2,2,2,even,29.7936
76,1,A,Trapezoid,T1,2,3,1,odd,47.4681
76,1,A,Trapezoid,T1,2,4,2,even,43.9501
76,1,A,Trapezoid,T1,2,5,1,odd,49.256
76,1,A,Trapezoid,T1,2,6,2,even,10.2722
76,2,A,Trapezoid,T2,2,1,1,odd,31.2959
76,2,A,Trapezoid,T2,2,2,2,even,44.8197
76,2,A,Trapezoid,T2,2,3,1,odd,40.5942
76,2,A,Trapezoid,T2,2,4,2,even,27.997
76,2,A,Trapezoid,T2,2,5,2,odd,33.0467
76,2,A,Trapezoid,T2,2,6,1,even,23.7893
77,1,A,Square,S1,4.533333333,1,0,odd,13.4927
77,1,A,Square,S1,4.533333333,2,0,even,14.6759
77,1,A,Square,S1,4.533333333,3,0,odd,4.8459
77,1,A,Square,S1,4.533333333,4,0,even,15.1675
77,1,A,Square,S1,4.533333333,5,0,odd,35.8689
77,1,A,Square,S1,4.533333333,6,0,even,47.8293
77,4,A,Square,S2,4.533333333,1,0,odd,32.4411
77,4,A,Square,S2,4.533333333,2,0,even,11.7202
77,4,A,Square,S2,4.533333333,3,0,odd,41.5484
77,4,A,Square,S2,4.533333333,4,0,even,9.1693
77,4,A,Square,S2,4.533333333,5,0,odd,3.5571
77,4,A,Square,S2,4.533333333,6,0,even,41.9724
77,3,A,Trapezoid,T1,4.533333333,1,1,odd,51.0874
77,3,A,Trapezoid,T1,4.533333333,2,2,even,58.6362
77,3,A,Trapezoid,T1,4.533333333,3,1,odd,26.3828
77,3,A,Trapezoid,T1,4.533333333,4,2,even,37.0877
77,3,A,Trapezoid,T1,4.533333333,5,1,odd,38.763
77,3,A,Trapezoid,T1,4.533333333,6,2,even,66.2817
77,2,A,Trapezoid,T2,4.533333333,1,1,odd,79.0834
77,2,A,Trapezoid,T2,4.533333333,2,2,even,75.243
77,2,A,Trapezoid,T2,4.533333333,3,1,odd,55.198
77,2,A,Trapezoid,T2,4.533333333,4,2,even,47.6881
77,2,A,Trapezoid,T2,4.533333333,5,2,odd,43.6244
77,2,A,Trapezoid,T2,4.533333333,6,1,even,22.0749
